second,heart_rate,eda,temp,stress_score
0,77.77777777777777,5.244941166469029,30.123644,0.6945155595832488
1,77.80569697421956,5.46869877406529,30.104593,0.71372493338218
2,80.96040667606484,6.266257694789341,30.093264,0.7960575536263117
3,71.52258447115346,6.408623831612723,30.08727,0.7653747873804206
4,66.85323953185889,6.200110299246652,30.08861,0.7264049828839874
5,66.50894473247467,5.996228899274554,30.086409,0.7074551534094273
6,66.53901739788964,5.789156777518136,30.084911,0.6899319040039251
7,74.41806257901389,5.722593035016741,30.085642,0.720006358369676
8,75.57207839390048,5.780745370047433,30.088432,0.7302021079244401
9,75.36915747920932,5.7565476553780695,30.09188,0.727217702921131
10,68.96127582137139,5.658435821533203,30.09341,0.6897746540255331
11,66.17796036854438,5.589807237897601,30.085968,0.6712925058836664
12,61.39473657356858,5.542999812534878,30.05863,0.6455967360363194
13,65.64896141831312,5.5139923095703125,30.040653,0.6624264564249902
14,66.83665252911086,5.5031602042061945,30.036278,0.6668918169122018
15,69.07370470654831,5.449082510811942,30.021833,0.6724305499836314
16,78.88176104152069,5.411385127476284,30.014174,0.7137197065766527
17,81.23791102514507,5.355950491768973,30.00646,0.7196831225215102
18,84.05314166103652,5.289057050432477,29.99183,0.7267523790892794
19,81.54142051393303,5.275704520089286,29.980452,0.7142166915804607
20,79.18063858726588,5.236350468226841,29.961437,0.7001484071235025
21,80.19530125630625,5.213111877441406,29.949919,0.7027705896687415
22,71.46768628806309,5.205847603934152,29.937416,0.6625494813857905
23,64.97970332092612,5.178615025111607,29.927717,0.6307877585478057
24,63.62323470506475,5.202802385602679,29.924402,0.6266955438591495
25,64.3489019216756,5.257404327392578,29.917294,0.6346448721038209
26,68.39413732936396,5.377393450055804,29.913303,0.6632331614603066
27,72.13259997623804,5.594722747802734,29.90693,0.6987309173252746
28,71.47217304468175,5.580802917480469,29.90617,0.6945471042610859
29,70.19340650518744,5.50724846976144,29.899715,0.6824717614299112
30,66.28885058739925,5.456354413713727,29.897285,0.6604144312478779
31,66.97023213226713,5.396404266357422,29.891523,0.6583934824656641
32,69.97375308232633,5.380672454833984,29.887808,0.6706803176177997
33,67.96503332321267,5.342371259416852,29.881111,0.6582993073668012
34,71.08616691440658,5.3364394051688055,29.868364,0.6719555788351688
35,72.89068744205247,5.370203835623605,29.864922,0.6830231258772237
36,74.45126436666047,5.758530752999442,29.877829,0.7232218832519197
37,74.1139724154407,5.910834176199777,29.880575,0.734680292191618
38,78.0506527055962,5.836539132254464,29.854542,0.7462069014653251
39,78.26252806192895,5.728493281773159,29.83487,0.7379538268856787
40,85.09027602312396,5.655843462262835,29.820187,0.7627389775268343
41,86.31911047713771,5.602008819580078,29.79456,0.7637236464317868
42,89.1929698510175,5.573833465576172,29.77386,0.7743609206475577
43,87.2949662497847,5.579157148088727,29.750568,0.7662027401055849
44,86.30533713456649,5.648012978690011,29.690382,0.7675845164214263
45,86.53617273164191,5.623560769217355,29.607656,0.7665465793971407
46,52.55558889236449,5.573085239955357,29.53705,0.6080548371746143
47,89.66030426782821,5.521612984793527,29.503702,0.7720279402348196
48,85.02021111174277,5.463544028145926,29.475714,0.7460212105963743
49,80.96931463753651,5.435575212751116,29.441128,0.7252549897676258
50,80.19892172923818,5.407544272286551,29.4127,0.7193687696822837
51,81.21677672578615,5.374912806919643,29.39178,0.7212043861519997
52,85.19590154946948,5.346209389822824,29.373281,0.736811772334304
53,86.6629778100526,5.333478655133929,29.352299,0.7423829235799431
54,84.44062984080504,5.315495082310268,29.334743,0.730765319521403
55,82.22869713755088,5.3055621555873325,29.321016,0.7198815569588112
56,79.08712001405729,5.28216062273298,29.316586,0.7036308875195291
57,77.64355060524777,5.254283905029297,29.31097,0.6947032787459508
58,76.78317835688276,5.233493259974888,29.299671,0.6890262501722852
59,78.15809472635864,5.219867706298828,29.282171,0.6941029127894189
60,70.49294028031036,5.198021480015346,29.27011,0.657459132924064
61,74.54951298701299,5.19932610648019,29.25902,0.6759771111994427
62,70.77082096571407,5.195681435721261,29.252344,0.6585204520347391
63,74.76994283571955,5.20386723109654,29.25118,0.6773645927072529
64,75.78197738408878,5.222894396100726,29.250217,0.6835793949803497
65,78.06903143052881,5.290993281773159,29.250631,0.6997645807092437
66,72.69006820674093,5.3932070050920755,29.254179,0.6840745914859301
67,72.6032604305745,5.405788421630859,29.257769,0.6847536801060805
68,73.25113456384015,5.365711757114956,29.260424,0.684275558897732
69,79.26041053538505,5.344578334263393,29.268236,0.709740355401691
70,78.48250004809273,5.317607879638672,29.275433,0.7039104655425519
71,81.99190759585719,5.29621832711356,29.281828,0.7180102549190639
72,80.56016615422394,5.288475581577846,29.283108,0.7108533984709913
73,77.11587109019702,5.268783024379185,29.283806,0.6935454571612265
74,79.2475362045304,5.267292567661831,29.28665,0.7030907863036044
75,79.71211589921451,5.375227791922433,29.29115,0.7144038440463603
76,80.58112627330388,5.4598590305873325,29.29074,0.7255645770170253
77,75.89470844413611,5.436587197440011,29.297293,0.7023152474377266
78,76.62547496465379,5.38792473929269,29.301817,0.7014810296929486
79,79.23942516818241,5.344249725341797,29.305334,0.7096171094973316
80,78.51608095963044,5.339991433279855,29.310753,0.7059717727040019
81,79.34812550656616,5.311129978724888,29.312983,0.7072857907959433
82,80.00407124681934,5.299261365618024,29.318403,0.7092499580400892
83,75.89807334645492,5.273954119001116,29.324358,0.688460700471243
84,75.60909644485905,5.3013779776436945,29.327572,0.6894882518392562
85,74.76984884184424,5.3726670401436945,29.328136,0.6917598979020813
86,59.82312265744055,5.5048065185546875,29.328539,0.635208297559479
87,40.27728224295719,6.198855263846261,29.32211,0.6057094301126029
88,26.479068143500776,6.455482482910156,29.312807,0.5649858797126613
89,79.22104177783197,6.31664548601423,29.297615,0.7924623932742652
90,71.3323082424102,6.144798278808594,29.288069,0.7420116086049553
91,65.38886520024047,6.005073002406529,29.2894,0.7031270382185559
92,65.74200295414572,5.858344486781529,29.289118,0.6922159737784546
93,69.39193726052025,5.803479330880301,29.293194,0.7040985084866205
94,67.12567512339291,5.731195722307477,29.299547,0.6876507809678378
95,71.58025948774247,5.697042192731585,29.310692,0.7049507656289058
96,72.28757201752292,5.636654990059989,29.32161,0.7030102054711347
97,72.62766892415861,5.619663783482143,29.33127,0.7031043378246339
98,73.88667022553784,5.575410570417132,29.338459,0.705043020717747
99,78.98424318682258,5.5402679443359375,29.346384,0.725176215898941
100,73.91390951214228,5.503848484584263,29.355612,0.6990635992369725
101,75.5659033540322,5.489838191441128,29.366663,0.7053646903842374
102,73.04749703667338,5.485750470842634,29.374146,0.6935887984255861
103,70.12827405851547,5.436274937220982,29.380117,0.6761233963269586
104,76.69544028544504,5.414125714983259,29.384056,0.7040329919644028
105,76.71211553440041,5.39802496773856,29.38067,0.7027355380892628
106,77.20485191163938,5.372110639299665,29.379402,0.7027612832764605
107,81.66225268733446,5.352685110909598,29.378767,0.7213300935847791
108,84.65163937953203,5.326674325125558,29.37711,0.7326761740850145
109,82.50219667375956,5.299008505684989,29.378496,0.7205636482189193
110,74.9960728699599,5.284368242536273,29.375713,0.6852560157691028
111,73.14157887878767,5.275392804827009,29.373373,0.6760757902982375
112,73.67359532251483,5.2510256086077005,29.363394,0.6764117128265337
113,76.41372629157016,5.233053479875837,29.352947,0.687312354139539
114,73.51929161277485,5.213105337960379,29.341846,0.6724776096797935
115,73.8642356738577,5.194222586495536,29.329432,0.6724324196459736
116,73.17552961129435,5.185821533203125,29.33058,0.6685909470323574
117,55.88800643622292,5.266638074602399,29.33915,0.5970410031229891
118,43.81450271198826,5.7741290501185825,29.347488,0.5855377138381059
119,73.58442102126487,5.990042005266462,29.36077,0.739032521242559
120,72.63526354288517,5.945425306047712,29.370531,0.7309206750959714
121,73.96816133250799,5.810429164341518,29.377098,0.7254558464907745
122,72.36736876190761,5.720316205705915,29.381456,0.7105071518805324
123,75.76327672466111,5.647330692836216,29.386124,0.7196916849727721
124,74.80526769100967,5.598407745361328,29.390684,0.7111724256583098
125,70.45463645513901,5.561407361711774,29.39145,0.6882759190320203
126,70.4913299041224,5.5189410618373325,29.384748,0.6848207679023893
127,71.55049681026773,5.497835976736886,29.380306,0.6878268400955816
128,67.90625043253094,5.46357182094029,29.37748,0.6683689111378832
129,71.17005250994328,5.436587197440011,29.376337,0.6808771009484782
130,72.65963375197941,5.413919176374163,29.377422,0.6857028883695555
131,77.96257401542547,5.372800009591239,29.37775,0.706258242035043
132,83.59078585906998,5.357973916190011,29.367971,0.7305318655700945
133,73.37833160456928,5.341390337262835,29.34988,0.6827785155950254
134,66.89334608310814,5.313949040004185,29.341518,0.6510125935729411
135,62.61575900299231,5.29304449898856,29.330898,0.6298202247247549
136,61.87264628882118,5.271153041294643,29.314465,0.6245813813304205
137,67.70381896812556,5.246691567557199,29.301083,0.6489542076632069
138,71.68370295959323,5.227227347237723,29.287008,0.6653529837640495
139,73.15066850979132,5.213385990687779,29.27279,0.6708289156441969
140,80.9833576642336,5.193012237548828,29.259228,0.7046322440679533
141,80.64288545382482,5.177333831787109,29.246973,0.7017502505624944
142,73.81370826010546,5.153740474155971,29.233295,0.6687507206809635
143,71.36352597033446,5.135259900774274,29.227104,0.6560569317869696
144,69.21900460751812,5.114358084542411,29.229433,0.6445435901227174
145,72.28525634026508,5.108052934919085,29.226736,0.6579189992239756
146,73.14952267150193,5.113275800432477,29.211952,0.662286032340661
147,76.42364827883502,5.10510744367327,29.198008,0.6764457703894018
148,75.97773001055774,5.088823590959821,29.182074,0.6730336806938473
149,76.95783302315824,5.068126133510044,29.169212,0.6757157637870348
150,74.67018960202677,5.050699506487165,29.158733,0.6638493792713184
151,76.81707069517154,5.036700112479074,29.13681,0.672396952945228
152,66.3243076473206,5.023736681256976,29.11438,0.6236804371984586
153,63.39530215962589,5.005725860595703,29.095648,0.6088540478567921
154,67.18947197003625,4.999820164271763,29.084984,0.6255664548684186
155,56.12351892628703,5.022046225411551,29.079475,0.5772501478687944
156,38.666815941314645,5.021739959716797,29.074585,0.49801416426766815
157,76.21103117505997,5.110964093889509,29.075653,0.6759804912949601
158,80.45281304253473,5.278502328055246,29.076998,0.7095157356126249
159,84.81739889524988,6.289293561662946,29.085732,0.8155232370759078
160,76.35236915089625,6.833216530936105,29.087223,0.8235004387774119
161,73.09501520521414,6.755245753696987,29.093378,0.8020706098925914
162,77.11015629957859,6.540090833391462,29.099442,0.8019403012761488
163,72.6830808391018,6.375417981828962,29.113811,0.7678086545324301
164,74.7779866765497,6.2056459699358255,29.135859,0.762835654782503
165,79.33800787090647,6.156041281563895,29.147375,0.7792963403870996
166,61.94379287172622,6.583903721400669,29.153458,0.7368593511265469
167,65.95452049997465,6.874690464564732,29.156345,0.779857172067641
168,93.05908222513749,6.752296992710659,29.14952,0.8924061705078912
169,86.51727824157223,6.56426511492048,29.13933,0.846686809323817
170,75.0757796084371,6.411390032087054,29.156824,0.7817333350057959
171,73.04670183908729,6.292428697858538,29.146923,0.7623810222926053
172,72.56815503608185,6.2414365495954245,29.126286,0.7558608575224197
173,71.91088657461053,6.187774658203125,29.116337,0.7483020591146399
174,73.34178317865454,6.139347621372768,29.109152,0.7506647620203311
175,75.4877367886825,6.1182114737374445,29.119308,0.7585994844240549
176,73.66766504872493,6.099088941301618,29.133215,0.7487100767334823
177,76.87330793370437,6.208461216517857,29.14491,0.7725832762401732
178,74.47328117233806,6.211915697370257,29.160122,0.7619877525871264
179,74.79663570173236,6.14293943132673,29.172735,0.7575724814113802
180,72.07325598673982,6.071835654122489,29.184155,0.7391512003317134
181,69.674612335833,6.023618970598493,29.199495,0.7241552875005154
182,70.24423528387186,5.972981044224331,29.211462,0.7224214065126907
183,70.93422486223103,5.9217087881905695,29.223164,0.7211795921721572
184,78.67463510794765,5.880213056291852,29.22938,0.7527628617444446
185,78.6569302658884,5.862606593540737,29.2364,0.751180996323902
186,76.3388836616963,5.8140411376953125,29.231333,0.7365210486329937
187,74.33390502543878,5.800412314278739,29.244713,0.7262611443669085
188,71.16661891388124,5.760088239397321,29.256384,0.7084506173806472
189,74.66926385845315,5.700410025460379,29.270563,0.7192543545911683
190,83.04928962275783,5.672598702566964,29.279375,0.7549069279474742
191,89.23982200392281,5.660489763532366,29.286417,0.7819638100391643
192,81.4122780126164,5.62055914742606,29.292511,0.7430408983033114
193,72.31733626799866,5.580775124686105,29.297148,0.6983796657489705
194,72.77528547028739,5.572771889822824,29.294157,0.6997750733953785
195,67.20170288458625,5.543618338448661,29.283493,0.6719986201483271
196,71.5163016673954,5.519228254045759,29.281855,0.6894960742327754
197,68.66932924947054,5.507508414132254,29.2775,0.6755784231711557
198,68.67981977943491,5.475786481584821,29.266283,0.6729206866360351
199,71.98275987162774,5.489777156284878,29.265934,0.6891009562693922
200,71.38278568759576,5.4588503156389505,29.268728,0.683741041203096
201,77.05882152759823,5.428592681884766,29.260357,0.7069156203198954
202,72.44553353384954,5.406034742082868,29.26075,0.684059000552633
203,70.6593655326114,5.375969478062221,29.263058,0.6733902036971959
204,75.50440468232136,5.351902008056641,29.267233,0.6933220466937527
205,77.58799937263336,5.3340317862374445,29.272797,0.7012523427503612
206,81.96484468071269,5.308082580566406,29.264015,0.7188992743771899
207,81.80911289953343,5.299075535365513,29.25274,0.7174244941152506
208,85.86493300456871,5.302290780203683,29.247307,0.7361020004702832
209,82.33589962931279,5.342496054513114,29.243359,0.7235178175192148
210,83.03999999999998,5.3573150634765625,29.241022,0.7279764835326847
211,78.62667499003906,5.355678013392857,29.227654,0.7078113901175846
212,87.1291928912514,5.360094887869699,29.203789,0.7467682851437962
213,66.74125138965474,5.62122072492327,29.179253,0.6765274735400233
214,62.70721265801055,6.110966273716518,29.155691,0.6999899101406237
215,72.84926210013019,6.330725533621652,29.13672,0.7647512025906766
216,75.81401766004406,6.629063742501395,29.12289,0.8036469314499293
217,72.14291527423839,6.7195603506905695,29.113487,0.7947070989032639
218,72.76611132603858,6.600847516741071,29.099056,0.7874106828026528
219,75.67686922979381,6.490499768938337,29.085981,0.7912074869104238
220,75.41081460674158,6.377943856375558,29.057308,0.7804011719817846
221,71.85036129150278,6.292965480259487,29.03491,0.7569984002883274
222,70.71490418842905,6.245815277099609,29.022734,0.7478251543185832
223,65.27544024391332,6.199094499860491,29.014729,0.7191590815890844
224,65.84780241265467,6.155520847865513,29.002567,0.7180400914003984
225,70.59407898396276,6.116912296840122,28.998432,0.7362836936944094
226,72.01937240026427,6.092185429164341,29.002594,0.7406421904895741
227,70.89236106271967,6.055719648088727,29.019922,0.7324184653663526
228,77.8848020213876,6.030274527413504,29.039944,0.7619766632475695
229,77.06039039080704,6.002595629010882,29.057009,0.7558753561354619
230,69.71146029963225,5.978295462472098,29.070196,0.7204571665707077
231,68.75307246014385,5.951289585658482,29.082832,0.7138053390489919
232,70.03745838784022,5.93871579851423,29.099169,0.7185609170651468
233,70.0345598591419,5.942451477050781,29.116987,0.7188663543551967
234,74.23114210657994,5.908021109444754,29.114721,0.7349720437674185
235,80.657721899043,5.865628378731864,29.102673,0.7605173034135226
236,79.7543598291989,5.8418104989188055,29.093382,0.754387037081407
237,75.30224510930287,5.810648236955915,29.082413,0.7315279404690231
238,76.04179780939191,5.782253810337612,29.0713,0.7324621058921769
239,59.192228226319166,5.7784222194126675,29.066435,0.6556803428530538
240,52.20065872694757,5.817102159772601,29.060173,0.627254802591241
241,79.97377967825541,5.870388575962612,29.053604,0.7578198759324106
242,77.69355727697793,5.903413500104632,29.051651,0.7502898172622533
243,79.90626514258452,6.1071014404296875,29.04918,0.7777010802149061
244,71.38860924163045,6.262938363211496,29.04693,0.752342399754474
245,70.62480447174843,6.221254076276507,29.039757,0.7453216768419518
246,70.35667585838985,6.179427010672433,29.032846,0.7405379100333458
247,70.70347567601992,6.156746455601284,29.026566,0.740177252922313
248,76.72993283360532,6.11183112008231,29.020828,0.7636918194324002
249,85.4646074105766,6.151568276541574,29.024681,0.8067143412833793
250,88.2805169841554,6.442436218261719,29.027159,0.8442975950417781
251,70.6051357489618,6.717888423374721,29.012333,0.7875868309813998
252,44.19898945617517,7.342825753348214,29.002943,0.7210652766463618
253,63.525600103119004,7.411266326904297,28.987885,0.8145966633802731
254,67.10300699970016,7.118862152099609,28.965706,0.8058920960609623
255,66.30588418518609,6.8513608660016745,28.948744,0.7794618712353548
256,65.73757536295467,6.658329010009766,28.936281,0.7604208573930052
257,66.46391969317192,6.513472420828683,28.919235,0.7513628626418425
258,68.22714391467157,6.435515812465122,28.904102,0.7527151370052274
259,66.77265500794913,6.393003736223493,28.885988,0.7424898356251083
260,69.66294096162939,6.751785823277065,28.863504,0.7862024855611107
261,67.1855482310099,6.950718470982143,28.851152,0.79192685202935
262,64.615869187249,6.7907513209751675,28.834866,0.7666244651835737
263,63.307363165426864,6.5486248561314175,28.822195,0.7400378743800864
264,67.53513002755862,6.731410980224609,28.811825,0.7748099093223522
265,65.1302821052668,7.3722414289202005,28.802046,0.8185497596307151
266,67.8542801524594,7.15412848336356,28.788351,0.8123086150462802
267,71.32171802063081,6.771254403250558,28.78421,0.795389529873841
268,73.71341370806198,6.430394308907645,28.775982,0.7771723331272857
269,73.48097528739501,6.246143886021206,28.781538,0.7604042384602177
270,77.26821501388494,6.076570238385882,28.788822,0.7631271280355938
271,78.40993519086952,5.996249607631138,28.782753,0.7614577145338223
272,69.18378649389717,5.914126259940011,28.781752,0.712590310846877
273,63.60082719782908,5.858507973807199,28.778488,0.6825143222774921
274,63.81836595087346,5.934507097516741,28.78024,0.6899828284709205
275,62.27170159946572,5.879878452845982,28.78013,0.6783059449208514
276,66.82961026953,5.814530508858817,28.776041,0.693414414960066
277,69.26817019722426,5.738377707345145,28.775951,0.6979848617959022
278,71.225522764273,5.8044924054827005,28.773365,0.7125048084513187
279,76.28988910632742,6.302833557128906,28.767082,0.7779843546064551
280,76.8553463262637,6.402627672467913,28.765965,0.7890608474403433
281,73.82056309510075,6.1310239519391745,28.766226,0.7521273615423407
282,76.5915405826856,5.9376324244907925,28.754358,0.7482076997860787
283,74.80180843700641,5.949380602155413,28.744709,0.7410887008029661
284,69.52454184288096,5.852206638881138,28.736315,0.7088558068812262
285,67.73855660026386,5.750092097691128,28.735577,0.6920432703596466
286,65.06409975910933,5.665163312639509,28.745628,0.6726649407212584
287,71.74707565766434,5.588615417480469,28.75859,0.6964607484418441
288,73.87766191230203,5.505525316510882,28.777996,0.6990421306322718
289,84.89831764611125,5.476190839494977,28.802378,0.7465466748075775
290,83.97640846489116,5.495328630719866,28.829788,0.7439956336654547
291,72.58326950211703,5.541679382324219,28.862322,0.6962521419325169
292,42.55706510784137,5.755083356584821,28.89005,0.5782078139847155
293,70.66739555587283,5.750120980398996,28.925587,0.7053353528354138
294,64.14031215169747,5.642822265625,28.97024,0.6665679419605368
295,63.58662992469154,5.556575230189732,29.013845,0.6567002120232867
296,67.79968143547903,5.492458888462612,29.046947,0.6703489258006959
297,73.80177379308817,5.4440105983189175,29.08098,0.6934516364268235
298,78.9886101706733,5.390917096819196,29.094013,0.7124589626170785
299,79.65054828907385,5.362119947160993,29.09985,0.7130066061686677
300,81.11465282371975,5.311673845563616,29.106342,0.7153477985690349
301,78.12266969080818,5.301410675048828,29.115595,0.7008963897113849
302,74.60753399802473,5.320608411516462,29.121847,0.6865836844946935
303,78.08756439147163,5.421703338623047,29.12827,0.7109960025141642
304,73.91024849228539,5.7815720694405695,29.130888,0.722732050939606
305,67.13749930312795,5.876599448067801,29.129816,0.7001048798632169
306,67.03333207784337,5.724581582205636,29.125435,0.686667701172371
307,66.73063509076373,5.580098833356585,29.133152,0.6729723092223897
308,71.33378964348863,5.496316637311663,29.138432,0.6867139567779798
309,72.77485853905229,5.4141099112374445,29.145496,0.6862419877492483
310,79.11954607582226,5.371764591761997,29.148165,0.7114197043014949
311,84.56186948681706,5.336523328508649,29.148066,0.7331087940604726
312,87.53922305210591,5.314419337681362,29.153692,0.7447334568712812
313,66.84490100587298,5.236578260149274,29.161434,0.6441943718871712
314,71.23376450470077,5.195722307477679,29.15794,0.660624545981563
315,92.32336682704437,5.191995893205915,29.165213,0.7560009073390203
316,92.89442718206851,5.190069471086774,29.175686,0.7584278053383195
317,92.13818570093872,5.199053083147321,29.188164,0.7557625045803915
318,88.99857797986698,5.165740966796875,29.19433,0.7386755683371888
319,82.15153648148043,5.1486309596470425,29.196981,0.7061478978147797
320,79.64720485075716,5.149237496512277,29.19327,0.6948362095425937
321,81.32273249052596,5.154690333775112,29.17926,0.7029039569633178
322,83.93676439323815,5.147502354213169,29.159084,0.7141521263851315
323,74.69287943210497,5.136687142508371,29.147112,0.6712856066128745
324,51.17148780683718,5.124642508370536,29.136509,0.5635299906761071
325,88.2876133562152,5.1097259521484375,29.140095,0.7306724422660023
326,90.04240286338451,5.089207785470145,29.152174,0.73688495906948
327,91.47242882311994,5.075748443603516,29.163841,0.7422258567075573
328,81.39172852207865,5.040167127336774,29.176786,0.6934501593493131
329,69.21224934738163,5.030609130859375,29.193102,0.637370587208829
330,71.82361177462778,5.003220694405692,29.20436,0.6468838909925394
331,80.58574718742796,4.986360277448382,29.201853,0.6852042131678839
332,87.37091583518587,4.966930389404297,29.23122,0.7143349083381465
333,93.62165774903283,4.924480438232422,29.254166,0.7390774229338948
334,68.77157075356759,4.893034798758371,29.25316,0.6236382727165565
335,35.02554682065443,4.889481135777065,29.24244,0.4702124783605507
336,69.14608894283565,4.87415531703404,29.2342,0.6237275542685891
337,48.5614817283534,4.834592001778739,29.25102,0.5269507381179681
338,50.48436290643553,4.819814954485212,29.25014,0.5344155907183161
339,65.66783177762767,4.7942978995186945,29.25812,0.6011344779892134
340,74.42913626448008,4.799775259835379,29.266836,0.6413560595265382
341,57.10287405066386,4.790405818394253,29.275965,0.5619390178686191
342,71.93007581440025,4.7990907941545755,29.262913,0.6299581888604014
343,64.30428025351993,4.79869624546596,29.23154,0.5953224606754601
344,82.70908320905991,4.812745775495257,29.191431,0.6800325169308019
345,92.37415101493897,4.797014508928571,29.165943,0.7225461958806292
346,83.88857725878036,4.7870330810546875,29.159666,0.6831916239168069
347,76.59875997790436,4.776218414306641,29.16341,0.6491917410686716
348,69.82392979517496,4.761607578822544,29.162813,0.6172048662247979
349,68.95010905258319,4.745229993547712,29.160501,0.6118431734420875
350,68.51772354276532,4.7441237313406805,29.160875,0.6097868771309092
351,67.4249327091254,4.731052398681641,29.157553,0.6037135733270832
352,72.31096643006633,4.7085129874093195,29.147188,0.6239617465957337
353,83.30140881333365,4.696938650948661,29.121258,0.672843833271662
354,86.08951660242226,4.680029732840402,29.100525,0.6840528432609483
355,86.50821732641042,4.657867976597378,29.087545,0.6840626814712829
356,55.166629925533336,4.6497377668108255,29.075296,0.5411567271199734
357,55.43035183187871,4.646745954241071,29.068047,0.5420982160428967
358,61.07010410046734,4.626463208879743,29.0618,0.5659588453811641
359,65.56634132133759,4.6142747061593195,29.053694,0.5853210705242617
360,65.50422182167362,4.5941363743373325,29.045254,0.5833217483514094
361,74.0379778672032,4.579357147216797,29.036005,0.6207832880083226
362,74.86512876653555,4.565338679722378,29.027996,0.6233409536471699
363,77.56420524588309,4.543792724609375,29.01937,0.6337505238771723
364,76.77142075430227,4.536904471261161,29.00961,0.6295658108638637
365,69.68839024561628,4.520791734967913,28.997902,0.5960523893168597
366,69.82175611954928,4.50555910382952,28.992846,0.5953584550817375
367,70.8150427506027,4.500496455601284,28.98211,0.5994337402579771
368,65.61026839300699,4.4822491237095425,28.978535,0.5742608695892154
369,66.2125499430889,4.463488442557199,28.97245,0.5753937600175443
370,65.90002100399073,4.452928815569196,28.96644,0.573075103355261
371,65.13618799037475,4.436986105782645,28.960981,0.568249567791242
372,70.50941645726724,4.420362200055804,28.954058,0.5912128805750172
373,73.45660380034178,4.406805310930524,28.950296,0.6034295853627298
374,72.61817123920108,4.388799939836774,28.948483,0.598089644362795
375,73.6842105263158,4.376504625592913,28.944649,0.6018782225317165
376,68.12557451150698,4.366715567452567,28.939337,0.5758210489181301
377,65.5624484735645,4.3493804931640625,28.933292,0.5627124687312164
378,70.97129156261238,4.337974003383091,28.928633,0.5862823392062542
379,68.27360555187606,4.325582231794085,28.924852,0.5729847715953084
380,70.39666302466905,4.308630807059152,28.91859,0.5811724878457325
381,73.559141965319,4.296449388776507,28.913103,0.5944833832745187
382,74.21178067897681,4.282806396484375,28.907257,0.5962812207269998
383,81.78998710275442,4.268064226422991,28.89989,0.6294101102245258
384,78.98399757880804,4.255628313337054,28.88987,0.615617350446203
385,63.405852329904725,4.239213126046317,28.881048,0.5435315155786853
386,38.41766866955159,4.22901862008231,28.873594,0.42927810875059086
387,68.24064394084586,4.218898228236607,28.871056,0.5637368904403994
388,46.78608177987946,4.208118438720703,28.874819,0.4654673916050732
389,66.76033295197035,4.191432952880859,28.88832,0.5546776555733848
390,80.75018710681708,4.174764360700335,28.887466,0.6167351332450942
391,81.44266083988072,4.155203138078962,28.879774,0.6182089986173189
392,88.25014927460805,4.135649544852121,28.871387,0.6474304199836562
393,93.27745809600809,4.123336247035435,28.864296,0.6691917418997412
394,75.18673605331546,4.108679090227399,28.858784,0.5858550089746144
395,68.08053985940438,4.094941820417132,28.855385,0.5524390596244404
396,65.16479650506443,4.086104256766183,28.849869,0.5384551689286201
397,64.18541445219928,4.069892883300781,28.849794,0.5326286662691593
398,65.42168206651175,4.055788857596261,28.84875,0.5370354041008651
399,65.98744227363673,4.047119685581753,28.844866,0.538863211612772
400,66.90566714883502,4.033467973981585,28.85096,0.5418654038004698
401,66.67798105346145,4.020225524902344,28.852303,0.539702923144075
402,64.27334775990687,4.005821772984096,28.844372,0.5275634960383608
403,69.15529283251259,3.989831107003348,28.835703,0.5483516128225184
404,67.32136038530771,3.977358136858259,28.829012,0.5389664058511322
405,66.35071090047394,3.964005606515067,28.82437,0.5334233375946638
406,69.32460536261766,3.957587105887277,28.8179,0.5463700082872722
407,67.64823319986667,3.954456329345703,28.815277,0.5384964608359483
408,67.20328479670736,3.9450623648507253,28.811937,0.5356763613292279
409,67.64321094990892,3.9354629516601562,28.805977,0.5368538626491351
410,64.21640918134261,3.9250706263950894,28.799698,0.5204184476868656
411,63.16949882705322,3.912473406110491,28.793482,0.5145937604167847
412,66.57314538963422,3.899756840297154,28.786495,0.5289533160447877
413,65.01144452682628,3.8889078412737166,28.783354,0.5209418579642606
414,63.2449357729516,3.878542218889509,28.779705,0.5120423069486146
415,64.5240504998673,3.8652986798967635,28.777355,0.5167168485107754
416,67.9562464873694,3.853649684361049,28.77601,0.5312969927305214
417,67.99744838372382,3.8433914184570312,28.771467,0.5306090921828449
418,72.91694570716268,3.8334574018205916,28.770731,0.5520841308871093
419,77.14181937132967,3.8246874128069197,28.769135,0.5705065833825187
420,76.32491474662122,3.8226045880998885,28.767494,0.5666222458945579
421,78.7630604039477,3.813666207449777,28.771027,0.5769230515029069
422,69.38417908151156,3.802889142717634,28.769035,0.5334472384476174
423,71.9090100293339,3.792078290666853,28.769424,0.543981689202253
424,70.3334423312857,3.7819001334054128,28.768934,0.5359645216064493
425,75.60682437856642,3.773211887904576,28.772348,0.5591515566915256
426,72.02468616312503,3.764784676688058,28.770536,0.5421788924981943
427,71.66394238791405,3.7601650782993863,28.777042,0.540148043481026
428,73.9279527955163,3.756187983921596,28.775763,0.5500818223678234
429,75.01868770764119,3.751525333949498,28.774609,0.5546333925339533
430,82.32968958136247,3.7406202043805803,28.78052,0.5868770740584934
431,75.85635744021623,3.7316970825195312,28.780201,0.5567433123919525
432,70.031762724959,3.719099862234933,28.784655,0.5292398619195481
433,66.49957299914603,3.7104127066476003,28.789944,0.5124716704100826
434,63.41230971034495,3.7001435416085378,28.79188,0.4975874162077465
435,65.31190820624134,3.6883332388741628,28.79262,0.5051996360203432
436,68.15840507047585,3.6782384599958147,28.798857,0.5172547160183812
437,68.1672043010753,3.665449959891183,28.804989,0.5162040026091619
438,71.63474038687444,3.654567173549107,28.806568,0.5310098471928161
439,71.88493298710976,3.6464625767299106,28.809464,0.5314539139314676
440,69.94254037468463,3.6344408307756697,28.811655,0.5216150501896878
441,69.98990571270105,3.6233122689383372,28.81013,0.5208808949524131
442,66.64886673786638,3.6144300188337053,28.809261,0.5049634125724708
443,66.40036575332287,3.6059673854282925,28.810692,0.5031141206527122
444,68.58488465113224,3.595794132777623,28.814272,0.5121587803312484
445,68.7537129551734,3.586217607770647,28.816362,0.512108125972145
446,85.407688832279,3.572430746895926,28.819168,0.5864998296502123
447,67.57058790458021,3.5636062622070312,28.818287,0.504811330619614
448,71.05437615341778,3.554288591657366,28.821146,0.5198243970247205
449,78.44465139386743,3.5413736615862166,28.819782,0.5522563802402558
450,74.71215591518693,3.5300254821777344,28.824034,0.5343523607802112
451,71.09777403005947,3.5224271501813615,28.825365,0.5173040799943336
452,78.80161780183006,3.5080364772251675,28.829693,0.5510330261761407
453,67.99772468472172,3.498717716761998,28.832603,0.5012155843828904
454,72.94685166595619,3.488459995814732,28.833755,0.5227974613542653
455,74.08299018055112,3.4761668613978793,28.837244,0.5269043009693004
456,68.21939826518565,3.4659745352608815,28.83947,0.49942899680291036
457,72.96648968913512,3.4542465209960938,28.836075,0.5199687457401407
458,73.31841792352459,3.442842755998884,28.83356,0.5205930758319897
459,71.53322992482994,3.433489663260324,28.829124,0.5116951190944293
460,70.43296094226181,3.422839028494699,28.825876,0.505794327214779
461,68.60805651634797,3.4180804661342075,28.820993,0.49710799174292664
462,79.82734626891998,3.405261993408203,28.818214,0.5469223708270576
463,76.60650235083126,3.395233699253627,28.812586,0.5314525361082015
464,73.9729997610599,3.3867089407784596,28.807014,0.5187759910098444
465,80.28820842930706,3.3762621198381697,28.797031,0.546540342483545
466,77.67399751822198,3.367603302001953,28.787447,0.533939900492977
467,80.86482910197756,3.357935224260603,28.781363,0.5475937910485258
468,77.62458114584582,3.347998482840402,28.775274,0.5320437183038229
469,54.975604436902266,3.3388023376464844,28.771166,0.4284896160818186
470,61.930654757605595,3.3256454467773438,28.773643,0.4589261292537505
471,76.30698684691798,3.318523406982422,28.776289,0.5235514095634533
472,78.53071960769734,3.3101474217006137,28.780346,0.53292727842705
473,72.74014546485138,3.3042733328683034,28.780714,0.5061515643739054
474,78.18679257664749,3.298921857561384,28.776178,0.5304093597587677
475,82.43939548804168,3.3655128479003906,28.773148,0.5553846342235099
476,54.38051160366076,3.468888963971819,28.769718,0.43688354028107146
477,95.4459926316263,3.4524803161621094,28.777464,0.6218189593814822
478,76.11092770760108,3.3821214948381697,28.777517,0.5280856176596145
479,71.1099744826976,3.339566911969866,28.777231,0.5017645941951658
480,71.27418561491389,3.3337413242885043,28.783674,0.502012880088863
481,74.3987230473717,3.35357666015625,28.791721,0.517882096353369
482,82.64892992165716,3.3523156302315846,28.817453,0.5552099010499579
483,88.97053789011895,3.3517466953822543,28.828928,0.5838457038230918
484,90.52757325000874,3.3389369419642856,28.83836,0.5898183059224433
485,75.64206558199331,3.3262530735560825,28.84905,0.5211935346103651
486,74.19323546530435,3.32342038835798,28.864637,0.514377882249754
487,77.44390184134984,3.3024499075753346,28.865746,0.5273393720937689
488,75.64891249735808,3.2922608511788503,28.862282,0.5183256483324495
489,77.08260635909208,3.279321943010603,28.854738,0.5237275731694851
490,73.29915110997811,3.2666549682617188,28.850843,0.5054798528855209
491,65.72048392512379,3.257294246128627,28.841429,0.47029330892932775
492,67.66961551152158,3.248384748186384,28.829065,0.4783776743014819
493,69.6106975658282,3.2331766401018416,28.819565,0.4858883513552883
494,69.42025287555137,3.224644797188895,28.809687,0.4842965877335943
495,70.14525251462582,3.209680829729353,28.805279,0.4863101066446121
496,65.68689796608594,3.2008421761648997,28.796574,0.4653265181127813
497,68.92746125458918,3.196350642613002,28.797098,0.4796475370216023
498,78.10158395345616,3.1796902247837613,28.795073,0.519854309766916
499,74.8598064523102,3.1769616263253346,28.781523,0.5049120278038906
500,73.45086226704308,3.163425990513393,28.766844,0.49736457971206016
501,70.124441498369,3.1570886884416853,28.776411,0.48173046797006697
502,51.848829534474945,3.145105634416853,28.759487,0.3977828513899233
503,46.88840721255879,3.1320577348981584,28.750345,0.3741621516275463
504,70.61542427261271,3.125640324183873,28.738216,0.48127629773454983
505,71.15176926497682,3.1119531903948103,28.732567,0.4825426874163336
506,69.00123883976246,3.103795187813895,28.735188,0.4720889085725434
507,75.1808417647645,3.0951172964913503,28.725687,0.4993888077964576
508,72.24546068723261,3.084039960588728,28.720825,0.4851247966483252
509,65.2678036541949,3.0771457127162387,28.716972,0.45287568682077195
510,42.10189546301007,3.063204084123884,28.706356,0.3465712973590136
511,72.27598440408869,3.0574569702148438,28.704487,0.4829962245070801
512,72.38602279264875,3.0514019557407925,28.69308,0.4829791351702789
513,73.32169093158598,3.0379725864955356,28.687893,0.4860794382352439
514,67.79942278224212,3.030072348458426,28.684046,0.4603483679605629
515,70.59629780398917,3.027227129255022,28.699623,0.472796551871049
516,76.62107423449163,3.0159383501325334,28.72723,0.49917126121719246
517,72.30471759392138,3.0103917803083147,28.734007,0.4791127471398271
518,73.9349048442907,3.0014354160853793,28.730005,0.48574590433365306
519,76.31518798835032,2.9903046744210378,28.730114,0.49559718770766037
520,69.76825860312987,2.9837864467075894,28.734102,0.46533457449979665
521,69.75065500897885,2.9760306222098216,28.727573,0.4645932591657207
522,70.81987604314703,2.9671216692243303,28.730318,0.46868507312286256
523,67.60140662693938,2.958484104701451,28.730263,0.4533446181268801
524,69.11502097406243,2.948175702776228,28.724258,0.4593335196223589
525,68.62418326297801,2.9346602303641185,28.728481,0.4559537031726332
526,69.0608037055625,2.929516383579799,28.729027,0.4574961882944594
527,73.89497039612678,2.916938236781529,28.723598,0.47835853988609034
528,70.72056404012022,2.9095497131347656,28.722595,0.46332454300116754
529,71.30959397628565,2.903651101248605,28.713898,0.4654942183194224
530,73.8051125309818,2.8931045532226562,28.70632,0.4759182045700408
531,68.2053279218223,2.889399937220982,28.705692,0.45019321770445075
532,76.13734998993657,2.8787024361746654,28.68999,0.48527248817030133
533,72.08897172936096,2.874786376953125,28.691177,0.4665689817563381
534,78.24235689500352,2.8694381713867188,28.72135,0.4940338829331754
535,83.84077445721414,2.8579504830496654,28.722952,0.5184570235445444
536,83.38455445544555,2.8513194492885043,28.699965,0.5158214097657305
537,76.72324689554473,2.8398306710379466,28.687523,0.48461590230033835
538,68.53636134247373,2.836504799979074,28.676476,0.4471842343020459
539,69.44696670263114,2.82623291015625,28.660784,0.450440093799367
540,66.35714148511468,2.816362108503069,28.65822,0.43557818840625956
541,66.45094005051018,2.813349042619978,28.645151,0.4357468369000639
542,72.21181330128728,2.8016210283551897,28.629461,0.4608866252082843
543,75.36686767737322,2.7917284284319197,28.623636,0.47435902863574425
544,77.93162820355397,2.788890838623047,28.611258,0.48575464268744317
545,79.6489130987617,2.7780974251883372,28.596252,0.4926263369929773
546,74.16410013522585,2.771409170968192,28.59303,0.46716858123880944
547,72.28095448091995,2.7653040204729353,28.576475,0.4581031350472477
548,69.6409537637282,2.7555672781808034,28.573421,0.4452937432130867
549,66.64564405458663,2.752550942557199,28.568438,0.43144527085897
550,70.04732302407793,2.7430152893066406,28.561636,0.4460671758684759
551,67.94136269594593,2.735852377755301,28.567957,0.43590049824673155
552,70.0371528883406,2.7316970825195312,28.563478,0.4450557797081415
553,73.01249892933423,2.7220311846051897,28.560066,0.4577320895945629
554,71.65981338012703,2.716277531215123,28.566824,0.45110358507740533
555,74.10767617799395,2.7119107927594865,28.563416,0.4618383650064738
556,76.3149558940895,2.70190920148577,28.564491,0.4710009417696456
557,74.75191913512352,2.696883065359933,28.57047,0.4634800124976093
558,76.46116493910998,2.690626416887556,28.568624,0.47070213771601815
559,71.97986360882314,2.683485848563058,28.57299,0.4497592456419158
560,69.48593320147265,2.680385044642857,28.568775,0.43817858031348733
561,70.69469064551323,2.6723060607910156,28.567171,0.44297432347402244
562,68.20230277137587,2.665224347795759,28.563538,0.4310611540567958
563,70.66339978574052,2.660809108189174,28.559065,0.4418518479825573
564,74.06995911649139,2.6514620099748885,28.558825,0.4565119781662432
565,75.04544948506418,2.647717067173549,28.561796,0.4606188904223204
566,76.58139562968591,2.6462462288992747,28.551584,0.4674628153112762
567,80.55462025163882,2.6351514543805803,28.553375,0.48454514482896327
568,72.95583976675078,2.631687709263393,28.554451,0.44977024779544783
569,75.36930244175804,2.6212806701660156,28.548582,0.45983380286278724
570,70.69508472357171,2.6141504560198103,28.55069,0.4380164348882959
571,68.85245901639344,2.6101591927664622,28.546677,0.42931512649481574
572,67.91155163090313,2.6011292593819753,28.546936,0.4242756566034393
573,67.84378185012159,2.5984159197126115,28.550228,0.4237367495469757
574,74.07407407407408,2.5917085920061385,28.54861,0.45143470699657606
575,77.56553245460053,2.5833843776157925,28.546362,0.4665673014466638
576,74.39370512751181,2.5788241795131137,28.547829,0.45178621462815105
577,77.79816217537723,2.5753026689801897,28.547098,0.466933628514649
578,76.25536877636175,2.566352299281529,28.548649,0.4591698836843699
579,69.0206185151348,2.563507080078125,28.553703,0.4260995250095143
580,69.96763992993318,2.554640633719308,28.551178,0.4296404827586187
581,66.16789781611713,2.548272269112723,28.554441,0.4118560242885666
582,67.1204657482287,2.546616690499442,28.547672,0.41603711285976575
583,68.0291301551916,2.5359415326799666,28.555922,0.419249773422683
584,65.8123247763345,2.528447832380022,28.564314,0.4085519252967399
585,67.6022672076806,2.5260342189243863,28.566496,0.41646795685144244
586,73.1127193001781,2.51709474836077,28.567558,0.4407092730860024
587,69.23148263677393,2.5125105721609935,28.575895,0.4227071934518736
588,71.22459888878801,2.508843013218471,28.573471,0.43143818701960257
589,71.56253338142666,2.5000032697405135,28.574781,0.43221768755509815
590,71.71677325523486,2.4973678588867188,28.577032,0.4326927962477808
591,81.56684397012124,2.4907640729631697,28.574196,0.47682434440696175
592,86.75268239112243,2.485811505998884,28.576563,0.4999327392901358
593,90.78824435738996,2.4815902709960938,28.58408,0.5178841199314979
594,71.83535548901278,2.4777586800711497,28.580475,0.4315585366480926
595,41.96667847225831,2.470740182059152,28.616884,0.29543072942589155
596,76.7758942365932,2.469188690185547,28.625626,0.45324537901650774
597,76.85417981999638,2.4602677481515065,28.621243,0.45283979667122853
598,67.28847544175326,2.4551119123186385,28.616953,0.4089956677194646
599,67.17173877454853,2.4501953125,28.618326,0.4080466728639861
600,70.64605755027563,2.4438868931361606,28.61761,0.42327340906353883
601,73.35552301350593,2.4393588474818637,28.61654,0.43518145546409215
602,77.77222804746282,2.434258597237723,28.616917,0.4547873094636061
603,62.87728415740741,2.4314177376883372,28.616982,0.38695916127071184
604,40.500592091839806,2.4221578325544084,28.608343,0.28463511415096887
605,69.65174129353234,2.4185022626604353,28.603683,0.4165968207310875
606,68.44718156337571,2.4127518790108815,28.601881,0.4106407166036402
607,64.20659046900968,2.404209681919643,28.597712,0.3906705133336239
608,65.40535733791151,2.4022729056222096,28.596529,0.3959447492877407
609,71.56080169058646,2.395947592599051,28.593588,0.423335663509096
610,71.60038184810023,2.3917448861258372,28.593382,0.42315683978504726
611,76.75482725057651,2.3888446262904575,28.585587,0.44629781534878243
612,75.01493692105973,2.3826370239257812,28.57982,0.4378736534163924
613,64.08523734241756,2.3794964381626675,28.578907,0.38801225671864437
614,43.48750627368563,2.373894282749721,28.575708,0.29407219610689256
615,61.59481234658173,2.3705945696149553,28.573368,0.37595276578589854
616,66.94672018824174,2.3678060259137834,28.57082,0.3999992554833953
617,65.60791081555494,2.359551565987723,28.570293,0.3932204382248757
618,65.69588149049473,2.3560578482491628,28.568148,0.3933216512724928
619,69.2041961996997,2.3499695914132253,28.565472,0.40872142025708336
620,72.29112907319895,2.3433521815708707,28.563513,0.4221640396760925
621,61.102950746984256,2.3426241193498885,28.560045,0.37133554148156367
622,52.356856807233285,2.3353865487234935,28.555279,0.33103286208467897
623,71.34442900191193,2.3334971836635043,28.559774,0.41702792158005497
624,41.332701024214884,2.327154976981027,28.5564,0.2803086960749588
625,67.19958587816046,2.322587149483817,28.55495,0.39729023919993844
626,59.949916443477335,2.3196329389299666,28.551573,0.36414288961691554
627,64.03074715898371,2.313201359340123,28.549767,0.38211117287757
628,62.10420255622449,2.3071299961635043,28.546858,0.3728516852513705
629,62.70757501806031,2.304669516427176,28.546255,0.3753796536085683
630,71.20211331804394,2.2987234933035716,28.541153,0.41341656354060563
631,75.97435297926292,2.297839028494699,28.540207,0.4349951916997471
632,84.93828779360412,2.2940123421805247,28.528572,0.4753427334409494
633,80.40037867848098,2.2902118137904575,28.526758,0.4544278314833282
634,75.90019021240293,2.285306658063616,28.52149,0.4335898813454957
635,66.83212401796777,2.2774342128208707,28.521643,0.39177210753966285
636,61.91621993259603,2.2749099731445312,28.513165,0.36925089735025163
637,63.03865519838071,2.273026602608817,28.506044,0.3741833329255517
638,64.12525079817622,2.266033717564174,28.504854,0.37851739181614524
639,62.97096517287899,2.260593959263393,28.497402,0.3728158976746697
640,62.60110436929407,2.2581067766462053,28.488232,0.3709255386332788
641,67.72458672770684,2.2503694806780135,28.485744,0.39351350294228793
642,66.60509206526618,2.2457351684570312,28.481256,0.3880385636944635
643,67.90041744269212,2.244806562151228,28.487461,0.39383691392106634
644,72.75898819461011,2.240831102643694,28.485394,0.41554366088284267
645,72.39653015796551,2.235386984688895,28.486216,0.4134347160044617
646,73.63179759674453,2.234142848423549,28.482496,0.4189336437782081
647,73.53658536585361,2.227886744907924,28.47581,0.4179680794286176
648,75.75523469550852,2.226731981549944,28.476284,0.427936728711865
649,76.85006365522928,2.220423562186105,28.473345,0.4323665197040344
650,69.00485877758628,2.2144862583705356,28.469666,0.3962625187575546
651,65.63876226531707,2.2154410226004466,28.466316,0.3810702664812281
652,69.37325122700798,2.210338592529297,28.461403,0.39758037623591624
653,66.98452858444176,2.2030557904924666,28.459944,0.38612043879987107
654,68.47063249243709,2.203509739467076,28.456602,0.39290235570243237
655,76.5811289356991,2.1991402762276784,28.454758,0.42933112761581627
656,73.1476130526052,2.198223658970424,28.453968,0.41367336287751344
657,52.418078001709716,2.197052001953125,28.454136,0.3195130867396636
658,51.978696051421934,2.189807891845703,28.4513,0.31690159078279057
659,69.59285037414635,2.187042236328125,28.451273,0.3965900282530434
660,72.54790836802886,2.1815196446010043,28.452913,0.40952763407019843
661,69.80824345493558,2.1768030439104353,28.451653,0.3966941475906372
662,67.28450295403208,2.17583738054548,28.4529,0.38516030974368876
663,71.8835541385594,2.170252663748605,28.454477,0.40555224348389507
664,70.9632478632479,2.165569850376674,28.454247,0.40097698607656185
665,70.83898063247827,2.1630287170410156,28.452787,0.40019640784925337
666,71.61192784875705,2.1597448076520647,28.449718,0.40342359793762284
667,68.15302202597856,2.154594966343471,28.44888,0.3872896047550634
668,68.94840901025731,2.152435847691127,28.445175,0.39071454076559353
669,71.99273831322279,2.148088182721819,28.442244,0.4041574166517725
670,63.60748007739997,2.1471464974539622,28.44038,0.3660289619579845
671,41.143431305931486,2.1410920279366628,28.439283,0.2635819021518512
672,74.05735463478037,2.1397977556501115,28.4326,0.4128185906419833
673,80.68493605389484,2.1338468279157365,28.434752,0.442383757470541
674,74.76417098665738,2.1277547563825334,28.427187,0.4149987113519562
675,68.37422130466028,2.1264980861118863,28.423658,0.38589711492269785
676,70.06688998717877,2.1199253627232144,28.420475,0.3930170656065133
677,73.2557269109432,2.118486131940569,28.419971,0.4073636850459292
678,74.52929386701828,2.1143030439104353,28.417763,0.4127857548100948
679,71.81147893340703,2.110842023577009,28.413448,0.40015849219860855
680,81.90345143905516,2.1084071568080356,28.408003,0.44574320814546736
681,81.4762086738624,2.102952139718192,28.40711,0.4433393727749959
682,78.32544967696062,2.100653512137277,28.407902,0.42884675681312046
683,78.9977735457378,2.095857892717634,28.406963,0.4314884450665114
684,74.22091086158565,2.091517857142857,28.410778,0.4094432795488351
685,75.09242292417673,2.0880884443010603,28.407576,0.41310529909686045
686,74.62215108425809,2.084031786237444,28.410542,0.4106254751830454
687,75.63830529316068,2.080930437360491,28.414995,0.414971787323532
688,69.34592678703052,2.0771092006138394,28.413683,0.3860942069395702
689,71.44417368919093,2.0727479117257253,28.410614,0.39524306800274966
690,70.51644792770314,2.070873260498047,28.412216,0.39087363276431497
691,72.03334382701073,2.0660438537597656,28.413057,0.39734468873557816
692,71.13440625663608,2.063105991908482,28.411964,0.39301520638694637
693,74.07749892453299,2.059758867536272,28.409885,0.406084049579766
694,72.91666666666667,2.0561250959123885,28.40868,0.40050686978690286
695,72.61060741181132,2.051587241036551,28.406933,0.39873112333565486
696,74.25081599951973,2.048017774309431,28.404284,0.4058691624540438
697,72.54653107212188,2.0452651977539062,28.39775,0.3979012146930392
698,70.66317769306663,2.0420030866350447,28.395163,0.3890772884990215
699,70.31329092121123,2.0372957502092635,28.391672,0.3870882206296057
700,68.07528796514298,2.03369631086077,28.391596,0.37662630214592074
701,67.20206495037816,2.030864715576172,28.39306,0.3724225624207342
702,72.02688661105209,2.0262086050851003,28.395653,0.3939181248693704
703,72.55897402648502,2.023015703473772,28.397522,0.39606017398644877
704,73.11023455001805,2.0207922799246654,28.402077,0.3983719010322555
705,78.62484488545135,2.016096932547433,28.402674,0.4229940363058403
706,75.69003615176092,2.0142244611467635,28.40596,0.40951763940692554
707,78.43375184673997,2.009955269949777,28.404947,0.4216031722306835
708,75.78701164275675,2.0068986075265065,28.404055,0.4093328963105166
709,76.21550957890759,2.003749302455357,28.402712,0.4110086257606729
710,71.75691196157491,1.9983482360839844,28.40563,0.3903171015951117
711,65.9501787250035,1.997164045061384,28.403778,0.36386803351706465
712,67.63974358974353,1.9939558846609933,28.404581,0.371260840192846
713,69.05169014544376,1.9907618931361608,28.40926,0.37739516096746384
714,65.6562095659536,1.988705771309989,28.41511,0.36181280136499827
715,65.33572893044702,1.985419682094029,28.419102,0.3600783720019176
716,65.11671911751048,1.981003897530692,28.42199,0.35870802327157303
717,63.33060698807326,1.9783079964773995,28.433239,0.35037361768100594
718,64.16771210064678,1.9760175432477678,28.43579,0.3539766492876208
719,70.69677508102433,1.9706431797572546,28.43716,0.38314395933127426
720,68.58210069819565,1.966742924281529,28.439018,0.37321599031381125
721,68.51012272541072,1.9646039690290178,28.443516,0.3727069737180754
722,75.63703072047068,1.9599789210728236,28.44515,0.4046509118475432
723,69.13084192950392,1.957104274204799,28.450836,0.37488389428143004
724,68.27798005496336,1.9539440699986048,28.458334,0.370744518606002
725,68.38821057430421,1.9492220197405135,28.464514,0.3708419800736048
726,73.51893247906449,1.9449190412248885,28.464746,0.393755682294209
727,63.42575583012289,1.9410220554896764,28.469364,0.34762550400598846
728,69.39955624901803,1.937124524797712,28.477003,0.3743992563397333
729,68.70622987138198,1.935147966657366,28.48259,0.3710847183933882
730,69.60149246426651,1.931558336530413,28.490095,0.37484084228465564
731,69.10160930893242,1.9277839660644531,28.495201,0.3722507311963108
732,66.49162437009313,1.9265594482421875,28.49809,0.3603034829934195
733,77.35419200294909,1.9234717232840401,28.501524,0.4093291000044129
734,62.83151642956002,1.920437949044364,28.505335,0.3431736685711407
735,68.68796638479172,1.9168919154575892,28.507696,0.36944491935552004
736,70.06229169552472,1.9128058297293526,28.50958,0.37533245321890085
737,68.32861543765445,1.9096979413713728,28.511774,0.36720084016104126
738,70.8313908313908,1.908545902797154,28.515783,0.37845894505146394
739,74.24182364741539,1.9030505589076452,28.514318,0.3934651398435624
740,65.22641939205143,1.9010058811732702,28.518616,0.35238332853356735
741,75.9200120138797,1.8966402326311385,28.517765,0.4005332357227543
742,73.89424662438115,1.8955023629324776,28.512918,0.3912442758217072
743,75.90426219051241,1.8940026419503349,28.514448,0.4002368295362617
744,73.49050390542322,1.8912909371512276,28.519077,0.3890531290438174
745,68.77699805955254,1.888531276157924,28.515503,0.3674302243260615
746,67.8564849651531,1.8857770647321428,28.518108,0.36301850517982065
747,66.80698678778201,1.882561274937221,28.513643,0.3579821509417175
748,67.1373977223112,1.8796604701450892,28.512209,0.3592340030191884
749,70.91841580125316,1.876389639718192,28.512224,0.37611144291137627
750,71.2496605840709,1.8738452366420202,28.509604,0.3773974735392188
751,71.43607656200368,1.8709945678710938,28.503738,0.3780002236294982
752,77.33894269113344,1.8672692435128349,28.503008,0.40446679757022197
753,75.82571871267167,1.8645727975027901,28.497726,0.3973705766552478
754,72.68145846841375,1.863473619733538,28.494839,0.3830097413302212
755,73.28506336121451,1.8587112426757812,28.495647,0.3853424519404248
756,68.67766243180087,1.85638427734375,28.49006,0.3642379002610685
757,71.35558522842169,1.8529559544154577,28.492243,0.3760966091842637
758,74.60386329399948,1.8488715035574776,28.487173,0.3904873511063352
759,69.157083608257,1.8464126586914062,28.490078,0.36556286766879587
760,74.39378766761044,1.8438878740583147,28.48947,0.3891091138413923
761,74.40607405396834,1.8408290318080358,28.488325,0.3889039965346803
762,73.50157938630639,1.839529309953962,28.489344,0.3846890041091422
763,76.82703462297935,1.8363282339913505,28.487534,0.3995052745186848
764,73.45536316616203,1.8338448660714286,28.486797,0.3839945121402204
765,70.34415072187274,1.8312879289899553,28.485401,0.3696593094549779
766,74.07637904487085,1.827777317592076,28.487629,0.3862949164124012
767,70.60039083011243,1.8249004908970423,28.488901,0.3702772610065943
768,68.23725040823955,1.8229500906808036,28.494411,0.3593881655223904
769,75.2635117866385,1.8199430193219865,28.49997,0.39101340488193914
770,75.80607028073275,1.817558833530971,28.499893,0.3932719361670628
771,78.32879149034464,1.815277099609375,28.500896,0.4045242016239994
772,77.20754030218343,1.8121141706194197,28.504286,0.3991667759138529
773,66.54390113167797,1.8095332554408483,28.506197,0.35056035976698485
774,67.34819367612661,1.8063665117536272,28.506277,0.35393977164283663
775,71.09523233160601,1.804241725376674,28.506601,0.37076076767835
776,66.99343915343917,1.800734383719308,28.509289,0.35184974745331493
777,68.73620036249788,1.7979845319475447,28.509699,0.3595230186426392
778,70.50497195409851,1.7942586626325334,28.511919,0.36723107447939485
779,68.5272438056147,1.7922466823032923,28.511374,0.3580855371039139
780,68.40137681711599,1.7899273463657923,28.510315,0.35731661548711874
781,74.55605537778195,1.7861824035644531,28.509592,0.38492411629482504
782,68.99206495141375,1.7850134713309151,28.507952,0.35957779606856477
783,76.27752449316169,1.7826570783342635,28.507166,0.39243463991815764
784,81.22612602838123,1.7804783412388392,28.506021,0.4147031315826589
785,79.8169864880696,1.7793475559779577,28.505848,0.40821271828822675
786,80.55767448092102,1.7756881713867188,28.509872,0.4112615104106547
787,75.1406686198732,1.773541041782924,28.503153,0.38649870980119305
788,76.4557604791321,1.771986825125558,28.504393,0.39233339667906325
789,71.95178748570197,1.7684582301548548,28.503431,0.3715956712803101
790,71.8077445779936,1.766791752406529,28.506004,0.37079995397066284
791,74.90785625858337,1.7642440795898438,28.504532,0.38464945112531296
792,73.46311667299325,1.761272975376674,28.50563,0.377840554796566
793,75.2057613168723,1.758777073451451,28.50428,0.38553495464191845
794,74.70755079987194,1.7557999747140067,28.504593,0.38302042677607734
795,70.84827783647907,1.7539253234863281,28.504522,0.36534908358287344
796,73.67985432644109,1.753716060093471,28.50457,0.37817952742290345
797,73.48755005004992,1.7507286071777344,28.503721,0.3770521673969127
798,71.21741961766308,1.7488773890904017,28.503738,0.3665935636737461
799,74.60225592897544,1.7461259024483817,28.503057,0.38171761822949946
800,78.31383369440233,1.7448299952915736,28.497915,0.3984483995213072
801,79.28097401913209,1.7424774169921875,28.498241,0.4026361682546332
802,79.47444773638503,1.7403242928641183,28.500034,0.403330431474353
803,74.4421024807941,1.738525390625,28.497131,0.3803427278338423
804,73.79344634422802,1.7365330287388392,28.497528,0.37722953350846733
805,66.01868757702137,1.733663831438337,28.497751,0.3417068390094721
806,65.53352870140742,1.7350006103515625,28.50674,0.33961943287683777
807,70.58985690392136,1.7369232177734375,28.513866,0.3627265091741563
808,74.37640125364108,1.734231676374163,28.503212,0.3796784279728041
809,81.5492973593003,1.7301750183105469,28.498402,0.4118795112703242
810,74.71343068228761,1.7303096226283483,28.494455,0.3808732164567531
811,47.53443507768674,1.7280382428850447,28.489784,0.25735469799158783
812,83.95055779100315,1.7242442539760046,28.489319,0.42226944815252393
813,75.46282204485335,1.7232475280761719,28.484453,0.38367130729484866
814,68.63442972199269,1.7200578962053572,28.48375,0.35241542700188067
815,65.63786422096479,1.718376704624721,28.47865,0.33867512139877654
816,70.72762155148182,1.7148971557617188,28.477125,0.3614731711303999
817,67.42572694641584,1.7137870788574219,28.475111,0.34639613971016914
818,69.23859686566284,1.7114906311035156,28.475698,0.35442619706616524
819,73.40817908444133,1.7086639404296875,28.475876,0.3731046259147097
820,70.71316024920205,1.7057506016322546,28.469692,0.360627508548674
821,70.11456317368977,1.7043931143624442,28.46909,0.35779560135429916
822,74.37414932279927,1.7029713221958704,28.467009,0.3770022371940703
823,71.19835036679645,1.7001468113490514,28.461897,0.3623511534780709
824,71.09009476744893,1.699627467564174,28.461336,0.36181565210645067
825,70.74114008425164,1.6959637233189173,28.46081,0.35991981412660967
826,67.49824603979957,1.6951544625418526,28.461166,0.34513615246408624
827,75.78930173492842,1.6921866280691964,28.458508,0.38250374767425094
828,72.1357289059214,1.6909163338797433,28.457672,0.36581731102076437
829,66.98363400125258,1.6895435878208704,28.451637,0.3423225866567993
830,68.69320535844591,1.6876476832798548,28.447634,0.3499180858197141
831,66.11657563555404,1.685035160609654,28.446234,0.33800381401863605
832,65.57762506560564,1.6838929312569755,28.44586,0.3354609109104722
833,68.11275819573791,1.6812482561383928,28.438568,0.34673854284391326
834,68.52924168956697,1.6818101065499442,28.43764,0.348676254690758
835,81.58252948459823,1.6783719744001115,28.433098,0.40761239006830585
836,75.68961066049802,1.6756706237792969,28.428034,0.3806428667981045
837,70.9031766042552,1.673755100795201,28.431713,0.35876104052388025
838,68.52147909900255,1.6726161411830358,28.4246,0.3478569441757981
839,64.4014929352174,1.6705899919782365,28.421452,0.3289896935399617
840,63.30324034363083,1.6708324977329798,28.417625,0.32402704929901377
841,70.34548440710526,1.6673633030482702,28.415062,0.3556853989581684
842,69.9171312615902,1.6642962864467077,28.41047,0.353480180760672
843,71.50749014571021,1.6637278965541296,28.408466,0.36064796707305935
844,73.27994803368338,1.6623028346470423,28.406923,0.3685689689478987
845,68.50524386189058,1.6603121076311385,28.403122,0.34673395345903174
846,67.7992931008642,1.6578848702566964,28.40084,0.34332369710185523
847,65.77090415880522,1.6556925092424666,28.398117,0.33393290277706283
848,64.42189881372893,1.6537437438964844,28.398046,0.32764558896351537
849,67.4282170394707,1.6523497445242745,28.39877,0.3411678864951423
850,72.2462742560422,1.6507573808942522,28.395092,0.36289404036633804
851,70.16884187156325,1.6488113403320312,28.39596,0.3533017181263974
852,71.28576270786247,1.6485067095075334,28.398148,0.3583437714034245
853,74.64793613216024,1.6459415980747767,28.39991,0.37338088762472793
854,66.0991179303846,1.6440064566476005,28.40027,0.33442555409688884
855,75.0918714555765,1.6421808515276228,28.401146,0.3750745188033858
856,72.05830408553264,1.6410631452287947,28.401796,0.36121437270195544
857,70.84507115323757,1.6395884922572546,28.406208,0.3555835604541917
858,73.72143123358148,1.637179238455636,28.402948,0.36842958853713953
859,70.29670685008941,1.6360342843191964,28.40487,0.3527922420421086
860,73.48472956204279,1.633310045514788,28.404057,0.36702557782352685
861,73.28228981111873,1.632596697126116,28.398773,0.3660461701928365
862,74.59744089293467,1.6304713657924108,28.401094,0.37183241949623413
863,73.60362152899657,1.629031045096261,28.398134,0.3672001252072978
864,75.31179500025195,1.6259324210030692,28.395588,0.3746867100849912
865,68.90218712307241,1.625185830252511,28.395811,0.34553941555505086
866,65.96644828146705,1.6230926513671875,28.394035,0.3320399757204018
867,66.13184705449785,1.6206583295549666,28.396513,0.33258286741600834
868,64.63376611679755,1.620206560407366,28.393137,0.3257467905918816
869,69.9218126139157,1.617631094796317,28.392378,0.34952168107610415
870,70.10451993941594,1.617438725062779,28.390215,0.35033431050381453
871,70.01721337099352,1.615877968924386,28.386478,0.3498050508181205
872,72.08638212584394,1.6125341142926897,28.389057,0.35890873937417295
873,69.77060733070361,1.611330849783761,28.387194,0.34829828349893593
874,71.76153867239611,1.6097183227539062,28.386456,0.3571946220403727
875,68.43215784334394,1.6081657409667969,28.388332,0.3419551336762189
876,72.76988176222868,1.6061450413295202,28.3916,0.36146524343394965
877,71.60720117450107,1.6045286996023995,28.394978,0.3560517290423435
878,72.22555236251867,1.6024186270577567,28.397469,0.3586775471635754
879,69.34694463382252,1.6005614144461495,28.396986,0.34545746387824255
880,69.870886827285,1.6007450648716517,28.397974,0.3478505160546592
881,80.7307076562039,1.5983003888811385,28.396519,0.39691851049073884
882,68.80684280618641,1.5975783211844308,28.39295,0.34275234278117805
883,75.35701850294048,1.594836643763951,28.392996,0.37223997488199967
884,73.0908501615594,1.5949696132114954,28.391253,0.3619685663656685
885,68.64635368705846,1.5935941423688615,28.384459,0.341684340524696
886,69.9768982615942,1.5917260306222099,28.381319,0.34756237429095904
887,69.02465890700624,1.5877184186662947,28.379074,0.3428998035126346
888,71.13920886289328,1.5871636526925224,28.373543,0.35244727093982375
889,71.90523347349614,1.5859832763671875,28.371563,0.35582244500620086
890,70.66143126537033,1.5825903756277901,28.371092,0.34988933086916085
891,70.7510753025526,1.5839146205357142,28.367514,0.3504090264734892
892,74.61831799081337,1.5798688616071428,28.363258,0.3676116227744173
893,72.60366130673852,1.5795996529715401,28.363583,0.3584471505777485
894,73.03700903930805,1.5778748648507255,28.362556,0.36026637288972674
895,76.5994900270518,1.5762808663504464,28.363209,0.37629520483127765
896,75.26878338779333,1.575387682233538,28.361305,0.37018094446730754
897,81.03866373442617,1.5738781520298548,28.362074,0.3962330641302699
898,82.0046737002391,1.5713506426130022,28.362583,0.400400785227927
899,75.19025498203011,1.5702776227678572,28.363438,0.3693888209679984
900,72.77228245803705,1.5697223118373327,28.366095,0.35836990180037054
901,74.90932552137834,1.5660994393484933,28.377651,0.36775777487837097
902,82.26245341379575,1.5639043535505022,28.374344,0.40093542089866085
903,78.13999442845196,1.5632716587611608,28.37587,0.3821757876122499
904,78.59090088554298,1.5616694859095983,28.371912,0.38408513969349073
905,74.66295512846132,1.5603752136230469,28.3724,0.36615168978563545
906,76.0611323387472,1.558443341936384,28.368778,0.3723311692951059
907,81.26976307365999,1.5572869437081474,28.366325,0.39586673255409477
908,76.77173012184,1.5549065726143974,28.362852,0.3752538839439025
909,70.87354111270606,1.552774156842913,28.360826,0.3483089675817728
910,70.88649125135987,1.550894056047712,28.360676,0.34820738850487487
911,65.05886995792461,1.548215048653739,28.357422,0.32153605855352047
912,67.21790740297227,1.5481719970703125,28.355804,0.33132902862324354
913,68.88473975297589,1.5458733694893974,28.352043,0.3386962539829007
914,71.11011111623425,1.5441246032714844,28.350435,0.34864474625534686
915,75.85655767157745,1.542867933000837,28.350525,0.3700745953374117
916,75.66994485490582,1.5413197108677454,28.3513,0.36909580206187326
917,74.41141811252636,1.542095729282924,28.373537,0.36345141266622255
918,80.45475138763236,1.54010009765625,28.374939,0.39070287003747556
919,78.65788105598871,1.5382635934012276,28.368597,0.3823929408814172
920,76.66965867297951,1.5353960309709822,28.368917,0.3731268193772681
921,66.33822752640559,1.534637451171875,28.369816,0.3261832125445685
922,65.92349685145192,1.534341539655413,28.373022,0.32427613415232426
923,70.4129620247429,1.5345982142857142,28.374897,0.34466899150744107
924,71.18438691527408,1.5342341831752233,28.378359,0.348138289627586
925,81.8529515196321,1.5323148454938615,28.369476,0.39638326048474337
926,81.85898063392928,1.5298145839146204,28.36366,0.3961973881404883
927,70.94004799630204,1.5285290309361048,28.3612,0.34654304899815686
928,66.63798116716225,1.5273590087890625,28.358929,0.32692261953540946
929,61.6016022494547,1.5264102390834264,28.35788,0.3039891148757349
930,63.41560043609615,1.526299067905971,28.357433,0.31221065840184237
931,70.02927706910005,1.5242843627929688,28.351133,0.34204842455496015
932,70.20864565512609,1.523092542375837,28.34666,0.3427606684181535
933,69.68745321626393,1.5229039873395647,28.345436,0.3403796749857164
934,74.62722262701783,1.5215154375348772,28.349087,0.3626754802854677
935,72.87242045183342,1.5190042768205916,28.358212,0.3544988989318978
936,81.42679462571985,1.5185612269810267,28.349754,0.3932766237370351
937,79.13068681745257,1.5159666878836495,28.348097,0.3826367550128525
938,73.82553050913471,1.5154250008719308,28.346428,0.3585183889741429
939,75.18176503050003,1.5130740574428014,28.348392,0.36447181371367526
940,69.76976688610777,1.5117688860212053,28.35096,0.3398035402477465
941,72.51558071201303,1.5109002249581474,28.35327,0.35218860030924953
942,74.08887450796855,1.509331294468471,28.352905,0.359193624740338
943,71.22206056260947,1.5081939697265625,28.35425,0.34608844989885557
944,77.47105502345158,1.5063939775739397,28.359453,0.37428978047442774
945,70.57959793158763,1.5044512067522322,28.360315,0.3428540794078639
946,71.91448007774537,1.5024937220982142,28.35981,0.34874417294610854
947,71.7720424630727,1.5019967215401786,28.36171,0.3480554760283418
948,68.5501798894797,1.5002555847167969,28.368717,0.33328777169363394
949,65.1887554745364,1.5005629403250558,28.377714,0.3180615062154052
950,67.87075563774589,1.4985438755580358,28.38933,0.33005890178348746
951,66.57242647818632,1.4969449724469865,28.400845,0.32403136863276283
952,67.1477749801689,1.495652335030692,28.416155,0.3265317750938328
953,70.59808740909088,1.4940970284598214,28.424973,0.342054941479124
954,73.17860856366116,1.4926152910505022,28.43072,0.35363770042957
955,66.17116023688769,1.4930915832519531,28.437332,0.3218819932694562
956,76.42563198118769,1.492246355329241,28.44012,0.3683396191646022
957,74.03940465956931,1.4902730669294084,28.441088,0.35734381480423466
958,75.87410337775346,1.4888768877301897,28.442612,0.3655496979122419
959,72.2424608140256,1.487196786063058,28.443949,0.3489278203744826
960,66.24586152473763,1.4860610961914062,28.438532,0.3216213705881748
961,70.8007647447114,1.4838529314313615,28.43615,0.3421009447894133
962,69.08021911178072,1.4829319545200892,28.433622,0.3342154180767336
963,68.39147555915967,1.4827101571219308,28.431852,0.33107132574575815
964,71.88398262338842,1.4812355041503906,28.429676,0.3467928288392442
965,70.45757863433978,1.4805030822753906,28.42877,0.34025805160662054
966,68.45074370300098,1.4786780221121651,28.43105,0.3309963831672542
967,72.34373407222752,1.475236075265067,28.43369,0.3483673045061179
968,68.54876693584382,1.4742535182407923,28.433441,0.3310638296291861
969,67.72469582359038,1.473813193184989,28.438278,0.3272870512529426
970,69.38298846036164,1.472487313406808,28.437466,0.3346984863489645
971,68.79059733598558,1.4714584350585938,28.441498,0.3319227633953972
972,72.1731815313957,1.4721407209123885,28.445656,0.34732944092925644
973,78.1425003687333,1.4710894993373327,28.46429,0.37432559946986244
974,80.42434787141836,1.4705734252929688,28.456272,0.3846354799891647
975,77.21327809672016,1.468550545828683,28.457325,0.3698927202053392
976,70.04468911830018,1.4676192147391183,28.456768,0.33728579049970003
977,67.40507033475797,1.4666976928710938,28.45706,0.32522991896356473
978,72.07085353185597,1.464712415422712,28.456156,0.3462316200037736
979,69.12131915421845,1.4629135131835938,28.45957,0.33269467962156013
980,71.86095638499076,1.4622017996651786,28.455742,0.34506509829285714
981,74.36301451382202,1.4609009878976005,28.457605,0.3563072607862213
982,70.20403119206658,1.4604137965611048,28.458225,0.33739430711891977
983,73.32388387075885,1.4589805603027344,28.455715,0.3514284214817774
984,72.11772583394202,1.4569969177246094,28.457567,0.3457863035094696
985,68.86020324324309,1.4566258021763392,28.45775,0.33097363103719135
986,69.08873895697963,1.454897744315011,28.457787,0.33186323908573356
987,65.80039782803675,1.4540012904575892,28.459763,0.3168659250072537
988,62.76130843171157,1.454263414655413,28.461535,0.30309839858893306
989,67.01595387815749,1.452726091657366,28.464092,0.3222727631687032
990,66.05087912560408,1.4502100263323103,28.467321,0.3176791550904565
991,66.69897258038404,1.4504617963518416,28.464476,0.3206413535798725
992,68.56978325959969,1.449038369315011,28.46549,0.3290087710916464
993,66.61134195444401,1.4479239327566964,28.464476,0.32002729295636767
994,64.86590996300534,1.447436741420201,28.46601,0.31206583876317356
995,67.46236676014087,1.4445669991629464,28.467093,0.3236025327267795
996,68.03006925257455,1.4444198608398438,28.473253,0.32616593683385314
997,68.13754427390792,1.4442939758300781,28.466267,0.3266428693678144
998,71.58695549379243,1.443190438406808,28.469263,0.3422004746814514
999,68.2240771767237,1.442575182233538,28.468153,0.32688892913810724
1000,63.815228473780216,1.4417877197265625,28.465096,0.3068166022496769
1001,64.56559855855845,1.4402553013392858,28.46468,0.31009072068182986
1002,66.08838591678102,1.4387403215680803,28.463594,0.3168711730078544
1003,65.43681622174554,1.436720711844308,28.457766,0.3137424346247597
1004,70.88908736407168,1.4366378784179688,28.453455,0.338475073957824
1005,72.67263930986171,1.4350694928850447,28.451674,0.34643419211766696
1006,68.82683269574405,1.4347141810825892,28.448011,0.3289535261642191
1007,70.21997889240401,1.4338226318359375,28.445175,0.33519889910832534
1008,69.0865421613863,1.4328842163085938,28.44007,0.32997589433153884
1009,64.12118736299179,1.431668417794364,28.433104,0.30734188893431164
1010,65.43355839033492,1.4307943071637834,28.431585,0.31322223141767874
1011,68.9011567344301,1.4280144827706474,28.428303,0.32871940232615143
1012,66.55271373410385,1.4284907749720983,28.420279,0.31810395174212364
1013,69.20118080788606,1.428199223109654,28.417042,0.3300965180272138
1014,71.84660226335743,1.4256030491420202,28.4137,0.34187872002534253
1015,68.0067219803798,1.4245354788643974,28.407547,0.32436420137984023
1016,70.58261671407428,1.4237561907087053,28.406439,0.33598587481218134
1017,70.0427089058499,1.422767094203404,28.397703,0.3334516878395316
1018,68.34123115432403,1.421078818184989,28.396809,0.3255872442523706
1019,73.92376415829239,1.4206444876534599,28.395056,0.35088097065829793
1020,72.06766692193024,1.4194395882742745,28.390757,0.34235616424373716
1021,76.519980429322,1.4178379603794642,28.388918,0.3624219643886906
1022,64.30769588751593,1.417074475969587,28.383673,0.30694355895921127
1023,58.978012465891,1.4144744873046875,28.380014,0.28253836317259595
1024,74.50060910160359,1.414400373186384,28.377405,0.35296589106869836
1025,70.9115964887128,1.4141671316964286,28.373995,0.3366608394993111
1026,67.49092571428616,1.412412370954241,28.37336,0.32098988021698077
1027,64.88516991619971,1.411897931780134,28.372389,0.3091223793013536
1028,70.08090710111097,1.4098728724888392,28.373354,0.3325253561160659
1029,73.99152276756426,1.4085475376674108,28.371117,0.35015676305863147
1030,69.53359456700551,1.4076172964913505,28.373901,0.3298495611657918
1031,72.29094919574595,1.4057824271065849,28.37269,0.34220458665351794
1032,71.0239522346417,1.4049530029296875,28.372684,0.3363848468568903
1033,70.59521150273957,1.4046919686453683,28.372,0.33441717220173517
1034,73.03503484638765,1.4035235813685827,28.372383,0.34538823763166693
1035,67.78000522896987,1.402341570172991,28.367964,0.3214427129847856
1036,72.42441436329754,1.401235852922712,28.371958,0.342422440539384
1037,68.10771645936538,1.3987197875976562,28.377584,0.32262082809070064
1038,63.93576120848847,1.3975372314453125,28.374289,0.303589711534362
1039,70.46705946065093,1.3970702035086495,28.373108,0.33318567577946345
1040,77.21591319005398,1.395904541015625,28.371473,0.3637092173740637
1041,73.61749026343793,1.3950554983956474,28.36855,0.34730894917996713
1042,78.57715295556615,1.3941448756626673,28.369371,0.36973577931992685
1043,66.07226338306683,1.392524174281529,28.368732,0.3128565713923215
1044,70.72974576940426,1.3936527797154017,28.368393,0.33408616832845056
1045,80.49317092547051,1.391237531389509,28.369917,0.3781817723898161
1046,84.32331047418081,1.3906571524483817,28.371914,0.3955115505776423
1047,57.9700772991017,1.389418465750558,28.368765,0.2758280036886287
1048,55.64805824779691,1.388399396623884,28.370827,0.2652049231846818
1049,67.7191384251313,1.3857242039271764,28.365095,0.31974935296411877
1050,68.73627296713691,1.3846898760114397,28.361969,0.3242763948443118
1051,67.41326280991709,1.3843116760253906,28.36169,0.31824097662370227
1052,62.64214656160276,1.383410862513951,28.355883,0.29651519230157214
1053,65.69304000000005,1.3811901637486048,28.350687,0.3101692467565575
1054,66.80943682469872,1.3801051548549108,28.350084,0.3151423694494943
1055,65.0331643665722,1.3779258728027344,28.34193,0.30689667015919025
1056,68.68164211577553,1.3774239676339286,28.335943,0.3234088496238368
1057,72.67218115080384,1.3757400512695312,28.332361,0.34137232833071707
1058,70.8180479594296,1.3754119873046875,28.329615,0.33293121281684795
1059,70.4636590003755,1.375258309500558,28.322598,0.33131006531712565
1060,69.99258433393405,1.373075212751116,28.320976,0.32898638125521507
1061,65.04503572974254,1.3707084655761719,28.319082,0.30633501533852214
1062,65.20243599177158,1.3696943010602678,28.314436,0.3069627288423368
1063,68.56509686042214,1.3694381713867188,28.312778,0.32219897342913073
1064,66.2448758522547,1.3679640633719308,28.311977,0.31154524453255233
1065,67.83051916689041,1.3656866891043526,28.309422,0.31854588684081553
1066,66.60008842310022,1.3649520874023438,28.307968,0.3129001531440233
1067,65.74140348227318,1.3635787963867188,28.305967,0.30888674836070573
1068,70.39616227092058,1.3625875200544084,28.304007,0.32992319736560793
1069,70.63084593261999,1.3600071498325892,28.30622,0.33076801411247836
1070,65.65864811906972,1.3598202296665736,28.308136,0.3081907042002422
1071,71.1646104131154,1.359093257359096,28.308605,0.3331120333530133
1072,70.10131195261027,1.3572344098772322,28.309422,0.3281287842022578
1073,70.91877898657891,1.356426783970424,28.312471,0.3317691677088929
1074,74.8469459560897,1.355304173060826,28.316565,0.34949750264052015
1075,71.29309329956467,1.3527488708496094,28.326637,0.3331539575273361
1076,62.58999928868931,1.352759769984654,28.32731,0.2936645607752718
1077,42.916978439045366,1.3519047328404017,28.331463,0.20432522459052516
1078,71.66887766872932,1.3506404331752233,28.339478,0.3346792670979888
1079,71.11558215428775,1.348752158028739,28.33817,0.33200764881856093
1080,76.09576670072809,1.3480093819754464,28.337523,0.35454191140623703
1081,70.96855122088854,1.3457232883998327,28.33419,0.33108218464379574
1082,71.0576779289948,1.3443151201520647,28.333075,0.33136650483703456
1083,74.43770777555898,1.343233380998884,28.3336,0.3466111508917453
1084,74.1959289528033,1.3423936026436942,28.326906,0.3454424597444879
1085,79.75444266269541,1.3411620003836495,28.321493,0.37055920488199545
1086,77.30673127458722,1.3408655439104353,28.320932,0.3594274213416727
1087,71.45110877471741,1.3393429347446986,28.316841,0.33272765675296445
1088,66.75289231776391,1.3388960702078683,28.311054,0.31137136961572687
1089,66.6803123522548,1.3371494838169642,28.308186,0.3108930838169368
1090,64.35983475158159,1.3361985342843192,28.303415,0.300282807086106
1091,68.27273522101339,1.3335685729980469,28.299576,0.3178133190464481
1092,71.01906934419529,1.3304846627371651,28.29916,0.3300118171559917
1093,65.66837111660291,1.3295527866908483,28.301952,0.30565352802437235
1094,62.70818446888549,1.3283489772251673,28.302343,0.2921190041391034
1095,64.70955706104816,1.3268884931291853,28.301094,0.3010756865564955
1096,61.917587427734325,1.3243473597935267,28.299475,0.2881903972788927
1097,60.56720647713948,1.3249588012695312,28.297935,0.28211518342774133
1098,63.50413154430191,1.3235135759626115,28.297138,0.29531824051122124
1099,61.397895964656655,1.3219996861049108,28.295948,0.28563207870126994
1100,59.31140083651465,1.3197746276855469,28.29403,0.27597483878038687
1101,65.31552713251219,1.3193223135811942,28.288399,0.30318001285965834
1102,72.75946971097274,1.3178983415876115,28.287025,0.3368354937020588
1103,77.4278191384526,1.3177310398646764,28.282522,0.3580038812058931
1104,81.41253822014617,1.3176138741629464,28.281797,0.3760745688382939
1105,76.37334309553316,1.3163948059082031,28.278273,0.35310523379249414
1106,68.09103829852039,1.3159146990094865,28.27625,0.31548329549395515
1107,68.89731182795697,1.3148651123046875,28.27371,0.3190522533153534
1108,66.74325560127991,1.313232421875,28.268711,0.30913897346176394
1109,64.88588352093437,1.3127730233328683,28.263214,0.3006719608860392
1110,70.13095220622725,1.3103561401367188,28.258198,0.3242653637284904
1111,68.38834834531117,1.3099332536969865,28.251713,0.31632222629559553
1112,67.53949057334961,1.3095703125,28.246367,0.31243957786236837
1113,72.08499731332033,1.3075381687709264,28.24241,0.33289152707364567
1114,69.84443336559407,1.3060177394321986,28.237944,0.32259529201386716
1115,69.81071388918652,1.3056591578892298,28.236214,0.3224117088834921
1116,75.15039799458484,1.3041441781180245,28.232851,0.34651134650893645
1117,69.81015779092691,1.302248273577009,28.231108,0.3221182955915488
1118,68.59137366130368,1.302619389125279,28.22626,0.3166197071936812
1119,72.29115814974418,1.3022520882742745,28.220457,0.33337617064899844
1120,70.02096310679272,1.2991839817592077,28.2189,0.32281349402098175
1121,72.38561990345666,1.2990172249930245,28.213573,0.3335289128445801
1122,69.91442780069495,1.296586172921317,28.211897,0.32210854102830966
1123,65.48047720012556,1.2958063398088728,28.203428,0.30192296482878483
1124,68.62485130008626,1.2957077026367188,28.19896,0.31618216368201313
1125,68.0421732691831,1.2941534859793526,28.19348,0.3134057115743458
1126,67.03222082165121,1.293412344796317,28.190062,0.3087598413832094
1127,73.59944006245436,1.2916570390973772,28.185999,0.338408929246482
1128,74.76947989465,1.2906417846679688,28.185223,0.34363140617585786
1129,72.42151710079662,1.290271214076451,28.181948,0.3329459116436728
1130,74.29956525657964,1.2882003784179688,28.184195,0.34129095637281415
1131,70.68977803184106,1.2883191789899553,28.179108,0.3249216630698053
1132,70.12445028566627,1.2902145385742188,28.177282,0.32251812770561883
1133,73.92118130995327,1.2878526960100447,28.17226,0.3395443862456004
1134,70.99098306473907,1.285403115408761,28.169975,0.3260396919305509
1135,70.87104220525333,1.2847458975655692,28.16845,0.325439410346123
1136,73.92547937109758,1.2825775146484375,28.170818,0.3391140061250747
1137,72.23835993066753,1.2826990400041853,28.169819,0.33146905848604996
1138,72.37217598097509,1.279930659702846,28.172516,0.3318401539765981
1139,74.15334600995801,1.2787530081612724,28.17263,0.3398217870938325
1140,68.23900420525256,1.278836386544364,28.175299,0.3129925466313277
1141,67.83891233682986,1.2780461992536272,28.173811,0.31110973863106717
1142,68.57593127516813,1.2745437622070312,28.175726,0.3141552673395659
1143,65.08454045211201,1.2754958016531808,28.176943,0.2983942592153057
1144,66.55526891807355,1.2734810965401786,28.17726,0.3048958760853114
1145,72.73164841524147,1.2715252467564173,28.17735,0.3327544239672845
1146,71.03756432807684,1.2709900992257255,28.175243,0.32502187126739746
1147,71.56626406912052,1.2693595886230469,28.174696,0.32728179398231
1148,76.46834707976409,1.2656631469726562,28.175045,0.3492097734468234
1149,74.0713844482154,1.2666974748883928,28.17826,0.33842175571450034
1150,53.82378196389701,1.265195029122489,28.180218,0.24642004004382306
1151,54.598337950134784,1.262411390032087,28.184177,0.24969719441817337
1152,70.14666461610753,1.2593694414411272,28.185217,0.31998836700342326
1153,72.50690342923414,1.2563438415527344,28.187815,0.3304399288696066
1154,70.15130188586721,1.2532882690429688,28.1952,0.3194907888169329
1155,68.78053204314722,1.2538212367466517,28.19626,0.31331636781234373
1156,73.69947490023107,1.2522871834891183,28.198114,0.3355052635841869
1157,68.89277940561816,1.250429970877511,28.2031,0.31353647382253524
1158,64.31631764950156,1.2502806527273995,28.208233,0.2927580247695612
1159,67.62892153496983,1.247922079903739,28.213783,0.3075878332013856
1160,66.04179157607774,1.246635981968471,28.214722,0.30027654211193555
1161,64.51674553542242,1.2462468828473772,28.215363,0.2933234556974778
1162,67.20103882987358,1.2460414341517858,28.219185,0.3054859267368753
1163,67.24239769707597,1.2446283612932478,28.220161,0.30555308186863817
1164,66.59266891776241,1.2430964878627233,28.223164,0.30247429219800626
1165,70.04646285529398,1.242743900844029,28.233068,0.31811582731529453
1166,73.32527785920493,1.2404240199497767,28.232784,0.33279561831135307
1167,72.54893392723993,1.2397722516741072,28.238394,0.32921736973556764
1168,69.2233582081477,1.2396283830915178,28.244413,0.3141152861752103
1169,71.6498799975386,1.2370905194963728,28.25399,0.3249092028789201
1170,66.2883764110031,1.2355128696986608,28.2549,0.3004468109478675
1171,62.89543765862151,1.2368763514927454,28.257524,0.28516761849807104
1172,66.24553136773505,1.2336654663085938,28.260927,0.3000948495230522
1173,71.16615927455263,1.2317771911621094,28.263926,0.32226118215695987
1174,63.94564570521703,1.2332425798688615,28.266088,0.2896230435341949
1175,69.19450282751568,1.2317401341029577,28.273533,0.3133116222716416
1176,72.68354842802576,1.2314256940569197,28.27891,0.3291163652435225
1177,75.62197881799514,1.2308992658342635,28.28221,0.34240461038535985
1178,75.39734257216355,1.2278284345354353,28.28955,0.3411234331623132
1179,67.20934166483023,1.227627890450614,28.290598,0.30395324108446486
1180,73.46486175115167,1.2284960065569197,28.292896,0.33241172563576055
1181,63.78186740291988,1.226041521344866,28.29447,0.28826577187016894
1182,62.071739826879345,1.2255761282784599,28.295458,0.28046637063166757
1183,68.10051867292718,1.2251477922712053,28.29577,0.30778545068299906
1184,72.74084507042294,1.2248398917061942,28.294012,0.32881469289616927
1185,68.96930280957346,1.223496573311942,28.298105,0.3115867417280716
1186,70.2568344255688,1.2227657863071986,28.301258,0.31736659832605635
1187,68.82964230499364,1.221266610281808,28.296844,0.3107628539509075
1188,65.74506160852371,1.2201287405831474,28.297525,0.29666951507029593
1189,65.71760576769968,1.2215091160365514,28.298435,0.2966626564516721
1190,69.182769770776,1.2195854187011719,28.301702,0.3122217944975131
1191,66.96647814531954,1.2188339233398438,28.30086,0.30210127209799953
1192,72.52283215382339,1.2193129403250558,28.301691,0.32735410409509286
1193,80.26108718006914,1.2177914210728236,28.302109,0.3623367098169763
1194,74.27362557205781,1.2162350245884486,28.303583,0.33503584323233704
1195,77.7628508322297,1.2151309422084264,28.304626,0.350774058448424
1196,66.6316890459368,1.2146808079310827,28.306044,0.30022797553931335
1197,59.074396531277515,1.2139173235212053,28.303114,0.2658716163231959
1198,66.7070584011372,1.212146214076451,28.301329,0.3003538068795571
1199,69.2749031849065,1.212599618094308,28.299065,0.3120440811526084
1200,74.66584353043405,1.2113402230398995,28.295444,0.33639809118410247
1201,72.06336172119742,1.2125026157924108,28.296741,0.32468845104132643
1202,73.24540370158202,1.2123124258858817,28.297205,0.3300357516375006
1203,72.51973576263427,1.2116715567452567,28.297922,0.3266883751060492
1204,74.08486718089056,1.213590349469866,28.303688,0.3339538057490427
1205,84.24803080295887,1.2113751002720423,28.318466,0.37988028130699597
1206,81.93120360710321,1.210653577532087,28.328163,0.36930613447830757
1207,83.3027368421055,1.2219069344656808,28.332996,0.3764891909370435
1208,91.9197750496788,1.219907488141741,28.342823,0.4154185201081575
1209,91.22818213727344,1.209836142403739,28.345715,0.4114215010722841
1210,62.2618491567914,1.208153315952846,28.34193,0.2798431251392509
1211,62.78921209533416,1.208178928920201,28.338457,0.2822382210735354
1212,64.84535613147557,1.2075647626604353,28.333141,0.29151560556361783
1213,66.32617295077863,1.2065070016043526,28.329765,0.2981446093129074
1214,66.7959592660263,1.205740247453962,28.328922,0.3002108757333245
1215,68.42552547193624,1.2041734967912947,28.32733,0.30747142236692315
1216,69.42681113862177,1.2033130100795202,28.329721,0.3119413755839364
1217,68.71362473319277,1.2030933925083704,28.329016,0.30868655960580094
1218,71.10255818539474,1.201650891985212,28.330164,0.31940333477227145
1219,76.63943655186438,1.199826921735491,28.328505,0.34437139060597816
1220,81.60844015573456,1.1992808750697546,28.338686,0.36687169726519386
1221,83.83851162790702,1.199399130684989,28.330753,0.377000741276911
1222,75.53701727724436,1.197582789829799,28.332996,0.33917777243368
1223,71.7948717948718,1.1963768005371094,28.332382,0.3220949210930564
1224,67.92899408283984,1.196091788155692,28.330797,0.30452917778324734
1225,63.46385180869476,1.195335933140346,28.330502,0.2842041141524645
1226,66.60629038034078,1.194070543561663,28.326569,0.29835502654719426
1227,72.79173945764826,1.1932416643415178,28.322897,0.32635083896867945
1228,74.88429025544012,1.193519047328404,28.320765,0.3358694531712854
1229,49.02833829244927,1.1912433079310827,28.316965,0.21835387907932674
1230,74.37209119075082,1.1910362243652344,28.314743,0.33333360546573476
1231,68.03705230376384,1.190140860421317,28.316496,0.3045119802429299
1232,70.29623151396478,1.189053671700614,28.316618,0.31467029699114846
1233,66.14173228346456,1.1899397713797433,28.318424,0.2958948081023419
1234,68.85985400294945,1.1886340550013952,28.315012,0.30811694178224003
1235,67.75768007519339,1.1879692077636719,28.311615,0.3030591227969395
1236,62.83256632519359,1.1893212454659599,28.30937,0.2808267037637028
1237,69.81298986090685,1.1952416556222099,28.31144,0.31300531493637296
1238,69.46985334791994,1.1986089433942522,28.309673,0.3117355034982858
1239,62.510022615351154,1.1997571672712053,28.308563,0.2802531656351655
1240,70.28481239106948,1.1970579964773995,28.307058,0.3153011144389024
1241,66.07255024100103,1.1953086853027344,28.302244,0.29603877066197215
1242,68.62224735989687,1.1993342808314733,28.298986,0.30795134656222795
1243,71.6902382669353,1.1998508998325892,28.297941,0.32191642716169316
1244,70.87766671679628,1.199021475655692,28.298962,0.31815864460902177
1245,70.36171167758755,1.1977806091308594,28.298555,0.3157116717589957
1246,68.43261739085534,1.1955005100795202,28.30101,0.3067639448056577
1247,69.42148760330578,1.1911234174455916,28.305748,0.310877656610299
1248,67.5757051260423,1.1934983389718192,28.310768,0.30270495084997284
1249,65.42372920221175,1.192756107875279,28.312489,0.29287705130446284
1250,67.18378237842845,1.1916803632463728,28.315865,0.30077155752573703
1251,66.41509045132688,1.190749032156808,28.317348,0.29720418803639376
1252,66.26199224500381,1.1885871887207031,28.32188,0.29632513606444105
1253,72.04694851958895,1.1872166224888392,28.322096,0.32245751406085393
1254,71.96822790089743,1.1876656668526786,28.323605,0.32213861470801053
1255,70.72813515723881,1.1834940229143416,28.322863,0.31615591882904975
1256,70.3655810880754,1.1860760280064173,28.323994,0.31473102898836053
1257,73.51921933323368,1.1853065490722656,28.326797,0.32897505263113014
1258,61.33387513384825,1.1827588762555803,28.328987,0.27346672841760195
1259,66.44450853842407,1.184237343924386,28.333218,0.29678233728975173
1260,66.35627206092494,1.1818787711007255,28.341284,0.29618081804325713
1261,70.56796593688148,1.1823463439941406,28.345493,0.3153312729583963
1262,69.92361510671344,1.1807381766183036,28.34808,0.3122703791885879
1263,70.2768433098982,1.1784237452915736,28.35019,0.31367577233043753
1264,74.00661811594468,1.1785578046526228,28.352894,0.33061107441640303
1265,71.33606337247677,1.1784842354910714,28.356127,0.31848714666794775
1266,69.8259083044992,1.1754711696079798,28.357384,0.3113778486968338
1267,71.90229032789591,1.1757866995675224,28.354174,0.3208263502997365
1268,60.631196906617625,1.1756700788225447,28.350018,0.26967376998924825
1269,67.96694977114466,1.173835209437779,28.348742,0.30280329703476394
1270,71.34551020929283,1.1741529192243303,28.347517,0.31816062466053985
1271,69.4755520021207,1.172727312360491,28.346914,0.30955410146460666
1272,74.9931947069941,1.1726842607770647,28.348211,0.33458675725167814
1273,72.51941799737793,1.1712297712053572,28.34721,0.3232379418207276
1274,70.5421324423648,1.1708183288574219,28.349213,0.31423091118306323
1275,70.40336416153818,1.1703954424176897,28.35125,0.3135651845478078
1276,69.35248122157712,1.1693916320800781,28.353477,0.3087111908937653
1277,74.54024138950001,1.170234135219029,28.35501,0.33232252590563394
1278,77.92766304732694,1.1689627511160714,28.357544,0.34758453887047336
1279,74.19028582694796,1.1687987191336495,28.354252,0.33061218464590286
1280,75.65091417435447,1.1683447701590401,28.353985,0.3372010779432361
1281,71.89434013393227,1.1678646632603236,28.358376,0.3201146622905935
1282,64.80806639923291,1.1680995396205358,28.356525,0.28798069587008523
1283,71.26099497956254,1.1663949148995536,28.360424,0.31711551159222084
1284,70.31580072553326,1.1648821149553572,28.36987,0.31269767270918114
1285,73.92042523513021,1.1660455976213728,28.37828,0.32915289696122974
1286,80.87211605051833,1.164743150983538,28.39113,0.3605851473561319
1287,77.00009385127143,1.1647513253348214,28.397486,0.3430165272145099
1288,75.40804539345689,1.164182390485491,28.40809,0.3357440801393768
1289,71.74383752135132,1.163132803780692,28.417416,0.3190282094994844
1290,66.97692149461066,1.1632886614118303,28.420357,0.29741159964538133
1291,70.56049295400027,1.162008558000837,28.426239,0.3135628995653454
1292,69.1479648483277,1.1617774963378906,28.437126,0.3071338416491969
1293,69.67103466325719,1.1610706874302454,28.44384,0.3094469944792679
1294,74.68534934980576,1.1597627912248885,28.452505,0.332087927656658
1295,74.62633888092108,1.159156254359654,28.462389,0.33176844019904117
1296,77.52961523823303,1.1588167463030135,28.465374,0.3449131148551755
1297,75.02888663192864,1.1583780561174666,28.471292,0.3335286353619564
1298,65.09190601282177,1.1578641619001115,28.472296,0.2883957169710407
1299,63.85886514918784,1.1567393711635046,28.477243,0.282704863404698
1300,65.76694878701032,1.1545137677873885,28.47857,0.2911729952272268
1301,64.70405676921077,1.1555775233677454,28.479563,0.28644083828071576
1302,71.95092437262879,1.155978066580636,28.483837,0.3193576904697788
1303,71.67235494880546,1.1545170375279017,28.485111,0.31796907977226063
1304,73.36629988235327,1.153717041015625,28.485003,0.32558713614995416
1305,79.24604741936831,1.1545208522251673,28.485968,0.3523350670471755
1306,75.20497659397407,1.162405286516462,28.48312,0.33467109807230755
1307,78.2559071367026,1.1733638218470983,28.480167,0.349449283759098
1308,73.67958118607125,1.1831621442522322,28.491613,0.32951981423217136
1309,73.24997194847785,1.183617183140346,28.505793,0.32760926750197605
1310,69.94727950965819,1.1817528860909599,28.512308,0.3124642938512322
1311,66.6573418196248,1.1821981157575334,28.522972,0.29757415798773657
1312,72.11493438077123,1.1812335423060827,28.532469,0.3222557459640001
1313,70.12242785787656,1.1778951372419084,28.545307,0.31293003034701006
1314,76.61913817495065,1.1702793666294642,28.559834,0.3417593864168431
1315,82.32323711112167,1.1621458871023995,28.573795,0.36694811325850607
1316,74.58570600516165,1.1581524440220423,28.578777,0.3314984605279824
1317,66.82186474573989,1.1560941423688615,28.582947,0.2960944597729853
1318,67.95552675873282,1.1539622715541296,28.585943,0.30105664394542736
1319,65.19912160364876,1.1543628147670202,28.585642,0.2885836032500868
1320,68.08444521750013,1.1534287588936942,28.58596,0.30159611251358537
1321,68.82156850857172,1.1550941467285156,28.584257,0.30508284164595106
1322,66.45020664649932,1.1516369410923548,28.585798,0.2940279366552421
1323,71.7869161972401,1.154034205845424,28.590303,0.31844772465629856
1324,75.04282078159146,1.1517606462751115,28.593206,0.3330275099410286
1325,77.56746150476194,1.1514816284179688,28.595047,0.34445928256703295
1326,85.53445883346205,1.147989000592913,28.594532,0.3803117056731058
1327,80.19436154787414,1.1492058890206474,28.678522,0.35618477115633745
1328,78.53397264579313,1.1469296046665736,28.990688,0.3484566213623181
1329,78.854792818565,1.1461045401436942,29.260017,0.3498419803989866
1330,75.79940188635824,1.145413534981864,29.504118,0.3359192000873785
1331,74.58501373389083,1.1464494977678572,29.721401,0.3304972585332987
1332,74.97780248627164,1.1474391392299108,29.931305,0.3323639386369118
1333,81.62088015401814,1.1473148890904017,30.135288,0.36249633553118676
1334,79.789323297718,1.1456860133579798,30.336351,0.35404672327700115
1335,75.56247814094849,1.1465437752859933,30.526945,0.33494054771395854
1336,77.43607539768432,1.1496451241629464,30.702354,0.3437064951963434
1337,78.35760716261332,1.1478642054966517,30.871853,0.3477360676672464
1338,69.62533692927205,1.146521977015904,31.032059,0.30799888507836204
1339,69.96928649093871,1.154024396623884,31.178312,0.31019938553891996
1340,75.55078569906837,1.1498756408691406,31.317081,0.3351716442589063
1341,73.96880421712382,1.147681644984654,31.452436,0.327806286265402
1342,70.99748038283032,1.1471350533621651,31.580765,0.3142772767704756
1343,72.8929862538941,1.1473492213657923,31.70346,0.3228964076210852
1344,73.2041316078192,1.1430489676339286,31.815533,0.32394149302621433
1345,70.5838417901647,1.1421361650739397,31.916752,0.31197407036297353
1346,71.13692565094942,1.1420130048479353,32.0091,0.31447318728734625
1347,77.10445073321323,1.1437089102608817,32.094852,0.3416954895226436
1348,79.37410321231059,1.1417770385742188,32.180023,0.35182929178804817
1349,75.18506060782282,1.1414233616420202,32.260223,0.33279133048811554
1350,74.26649172995813,1.1419519696916853,32.335197,0.32866840148995957
1351,79.03301590606735,1.1376337323869978,32.406975,0.3499282536473587
1352,74.89533117350709,1.1369410923549108,32.47578,0.33109442116572113
1353,72.72536908231857,1.1392991202218192,32.54024,0.32144930828232854
1354,83.1123377660714,1.1400282723563058,32.6031,0.3686424072516695
1355,83.627650652929,1.14306640625,32.665886,0.3712397424469369
1356,76.60940998735714,1.1435083661760603,32.725704,0.3394321370485295
1357,81.73839850316182,1.1420091901506697,32.78019,0.36257709032467245
1358,88.07628067790932,1.1365906851632255,32.83901,0.3908731521324694
1359,83.57277989007095,1.1370152064732142,32.9013,0.3704747024592605
1360,82.27775007916078,1.1379176548549108,32.96454,0.36467546254421895
1361,76.49523379503214,1.1361781529017858,33.026814,0.33828892048303383
1362,67.75649344836437,1.1375879560198103,33.086742,0.29875708087255626
1363,73.62583402662942,1.1355323791503906,33.149292,0.3252139333362707
1364,71.20095815559401,1.1369013105119978,33.206196,0.3143277951017341
1365,73.47421831234453,1.137258802141462,33.26084,0.3246732106874866
1366,74.93510489403673,1.1354468209402901,33.312458,0.33114745884201086
1367,72.17557177991921,1.1379781450544084,33.363503,0.31884194412374767
1368,75.71720210613742,1.138979230608259,33.409588,0.33499748230820436
1369,75.74888942444782,1.1360391889299666,33.45273,0.33489052846652445
1370,71.51426847152304,1.1380506243024553,33.497005,0.3158474587743193
1371,77.60752601688321,1.137127467564174,33.5463,0.3434169114686152
1372,71.60681701228837,1.1359879629952567,33.59494,0.3160914885032219
1373,69.29442468947302,1.1354844229561942,33.641876,0.3055560551196281
1374,74.04900873239518,1.138104030064174,33.686043,0.3273534081351289
1375,68.316128670367,1.1365470886230469,33.724697,0.3012076599277081
1376,67.28405499483466,1.134955814906529,33.762596,0.29638891283007296
1377,70.57057431767693,1.1360064915248327,33.79712,0.31139111301481703
1378,71.76504359616419,1.1345552716936385,33.831333,0.316687258281676
1379,68.99859276465064,1.134148188999721,33.86562,0.30409975863368344
1380,71.9548200232849,1.1346430097307478,33.898228,0.3175558521819906
1381,76.53251014287045,1.1327547345842635,33.92781,0.3381661031410038
1382,69.70437808342045,1.1333018711635046,33.955112,0.30723008612172614
1383,71.35004534703154,1.1325863429478236,33.980858,0.31463628606431576
1384,75.20842764603333,1.131283896309989,34.0055,0.33203263584880477
1385,71.40423215155968,1.1315819876534599,34.027267,0.31479650462223985
1386,76.77679931083416,1.1318304879324776,34.045822,0.3391957438800235
1387,70.86262276419782,1.1299749101911272,34.065414,0.31220189353911404
1388,66.53771822147279,1.130129677908761,34.083225,0.29259081973144163
1389,69.34032879045719,1.126244136265346,34.102406,0.3049763070315643
1390,68.44882536107528,1.1254256112234933,34.121544,0.30086130024904867
1391,67.12617832220896,1.1273236955915178,34.13765,0.2950216577357178
1392,70.4657379718081,1.1260779244559151,34.155273,0.31006868098100804
1393,69.4854846163542,1.124789101736886,34.171017,0.30551086269539307
1394,68.75391899721303,1.1250506809779577,34.188793,0.3022136888003235
1395,73.92140070545545,1.1229901994977678,34.204147,0.3254854353630886
1396,72.1311185409259,1.1210926600864954,34.219765,0.317200194790338
1397,71.98204674646999,1.1227542332240514,34.241886,0.3166654846072048
1398,81.06531615059703,1.1213929312569755,34.254673,0.35776476260524587
1399,81.23708538899393,1.120746067592076,34.20511,0.3584889998704123
1400,84.0,1.1194289071219308,34.126026,0.37091340550202145
1401,76.16614420062744,1.1213902064732142,34.02543,0.33553451657135447
1402,74.33434404193356,1.1199869428362166,33.91203,0.3271030411778826
1403,77.34402229237043,1.120486123221261,33.783367,0.34080204063367775
1404,73.10871626604833,1.1219684055873327,33.650017,0.3217107347324489
1405,76.8297571576263,1.1158599853515625,33.512505,0.33807403008595915
1406,81.91331202157801,1.1168038504464286,33.38937,0.36122117752402444
1407,80.41188159122945,1.117318834577288,33.29292,0.3544523498541225
1408,83.53332702271224,1.1182114737374442,33.14279,0.36869204866393324
1409,81.28872848980058,1.1182141985212053,32.9937,0.3585074056073366
1410,78.95304584467071,1.1191716875348772,32.85459,0.3479908930333526
1411,71.32904661078955,1.1176632472446986,32.7181,0.3132683198203532
1412,71.13888442559683,1.115907941545759,32.59462,0.312255760589746
1413,77.82622629232905,1.116931370326451,32.480736,0.3426868838249535
1414,79.15008339966637,1.115032741001674,32.36527,0.3485319705536676
1415,81.88627035226831,1.1259634835379464,32.23709,0.36187963560620984
1416,94.42075201065519,1.1294103349958147,32.114185,0.4190488570643903
1417,95.40321485114205,1.1209885733468192,32.00442,0.4227885544210307
1418,78.9280644502309,1.1212714059012276,31.892204,0.34805660985186104
1419,78.09204108126376,1.1299029758998327,31.751627,0.3449992752805682
1420,79.66279136197574,1.1440609523228236,31.62331,0.35333399421351963
1421,91.35207844126566,1.133681161063058,31.500502,0.4054889659234143
1422,90.37023730495088,1.1242812020438058,31.386,0.40023220211570987
1423,79.88615631315014,1.1174883161272322,31.294313,0.3520813230309918
1424,77.5124854569579,1.1134649004255022,31.202154,0.34096765295178866
1425,83.55069500458872,1.1078136989048548,31.117617,0.36788410390605003
1426,81.49144734314172,1.1041613987513952,31.034,0.35822878021449917
1427,76.37107036318557,1.1015090942382812,30.951914,0.33476885165576165
1428,72.09129430018601,1.0986497061593192,30.873055,0.31510549266925625
1429,47.58525849485861,1.0982066563197546,30.797573,0.20387146593082273
1430,79.62943961091653,1.0948889596121651,30.729637,0.3489891319780013
1431,74.24787815220685,1.0965663364955358,30.66385,0.3247133253743148
1432,47.58241263263583,1.0919418334960938,30.59821,0.20332427076614454
1433,71.24643972021845,1.0923069545200892,30.53721,0.31073103335718943
1434,68.91971664698947,1.0917652675083704,30.47746,0.30012732084915855
1435,70.13757642071755,1.0880170549665178,30.416937,0.30533370646389535
1436,77.2079728199236,1.0870099748883928,30.357363,0.3373297736596618
1437,82.63078187618854,1.0867222377232142,30.300089,0.3619112538729946
1438,89.7753195988596,1.0871086120605469,30.24658,0.3943625754285939
1439,71.60770818333656,1.084770747593471,30.196245,0.31172758121799116
1440,58.83974950961874,1.0827713012695312,30.143398,0.2536223956649001
1441,89.80644492165925,1.0822884695870536,30.092096,0.3940927311435087
1442,80.06034429173619,1.0841418675013952,30.04387,0.35002782097952845
1443,70.19832827513899,1.0826061793736048,29.998075,0.30514791327848095
1444,66.37325252825687,1.0830187116350447,29.955168,0.2878267976669993
1445,65.44618660472318,1.082132066999163,29.911695,0.2835446164810271
1446,75.33339782479392,1.084259033203125,29.856339,0.32858927341511934
1447,78.94967023864783,1.096554892403739,29.809372,0.34604675107173427
1448,65.5086302536616,1.1139717102050781,29.767578,0.2865433308670086
1449,79.86803664352647,1.1469906398228236,29.738316,0.3545151477054402
1450,55.01746450771977,1.187542506626674,29.724752,0.2452139499258364
1451,53.41452550604127,1.206930433000837,29.682919,0.2395940653061394
1452,72.4372231151323,1.2007092067173548,29.627573,0.32537907297419766
1453,45.53473901764202,1.1947337559291296,29.61693,0.20279933285515123
1454,47.02113507898708,1.193833487374442,29.629864,0.2094670838511218
1455,95.89041095890411,1.2078922816685267,29.575743,0.4324106062546702
1456,94.66755722772001,1.2184595380510603,29.53905,0.427763108146695
1457,92.22461420219834,1.245556422642299,29.521004,0.4189891437391874
1458,68.47915381450088,1.2573541913713728,29.49894,0.3122501633120704
1459,68.19503022136496,1.256803240094866,29.496948,0.31091396458966386
1460,86.85517935538397,1.256502423967634,29.488361,0.3955588165558773
1461,55.94141886895859,1.2558980669294084,29.48174,0.25523595495718054
1462,79.04649345268747,1.253420148577009,29.476364,0.3598640056241749
1463,81.38776353461078,1.25433349609375,29.485495,0.3705654215197942
1464,76.16569394350103,1.2550621032714844,29.49918,0.3469323961460547
1465,73.8169082839083,1.2562370300292969,29.512106,0.33637497230220825
1466,69.08408872611778,1.2567590985979353,29.522484,0.3149443068403935
1467,70.251627984767,1.2560958862304688,29.535465,0.32018546056302283
1468,66.54546474763512,1.2591748918805803,29.595907,0.3036313154684358
1469,77.49660880988031,1.2544059753417969,29.68269,0.3529154715680084
1470,73.99462503289789,1.259671892438616,29.771502,0.33747429772469323
1471,67.29374776073719,1.2603394644601005,29.85625,0.3071259709263069
1472,66.81793482861585,1.2637694222586495,29.936396,0.30525948434903377
1473,68.0394063792979,1.2627699715750558,30.015217,0.3107166807095579
1474,70.21829224691967,1.2685862949916296,30.094828,0.3210994173813154
1475,78.19261917496779,1.2650320870535714,30.167143,0.35697984684715106
1476,79.26715904346369,1.2624865940638952,30.23671,0.3616384891513143
1477,72.86493187032035,1.2609269278390067,30.302378,0.3324553431898026
1478,67.63119763518112,1.2578321184430803,30.367466,0.3084433175161701
1479,65.52814572643231,1.2577427455357142,30.432495,0.2988930885163645
1480,67.06628079841832,1.2525389535086495,30.493338,0.30542858867355643
1481,68.43366823377495,1.2505841936383928,30.552692,0.3114664074778037
1482,67.30319336653979,1.2450032915387834,30.607271,0.3058609176049285
1483,76.47939805651909,1.243612561907087,30.659945,0.34737938018401193
1484,72.34194539967197,1.2426370893205916,30.712524,0.3285224799757469
1485,65.01444953127854,1.2396796090262276,30.76481,0.29502171376437525
1486,44.85023964987934,1.2356273106166296,30.810226,0.20318093364146728
1487,57.94378757958488,1.2345177786690849,30.85712,0.262498339253858
1488,61.828388056509596,1.2298731122698103,30.902657,0.2797286200487482
1489,65.49142675217193,1.2273968287876673,30.944866,0.29613848922673985
1490,64.30634047194106,1.2265281677246094,30.985603,0.29068707326041854
1491,70.99450597162847,1.2260442461286272,31.018496,0.3209933825717345
1492,73.31664177032796,1.224280766078404,31.050346,0.3313796890456504
1493,73.23770483089429,1.223158700125558,31.078299,0.3309258193440758
1494,77.51664234431544,1.219191414969308,31.107103,0.350003175141589
1495,81.19193317919435,1.2158857073102678,31.132166,0.36639790278172596
1496,80.89302148572246,1.2156295776367188,31.156128,0.3650197462224597
1497,63.04946759224479,1.2147216796875,31.175592,0.28397711604738674
1498,37.351697096459006,1.2152056012834822,31.193258,0.16741464284067242
1499,66.07675429977657,1.2128639221191406,31.212667,0.29755500752609265
1500,67.67242812815542,1.2101353236607142,31.2335,0.30456268164059463
1501,64.84641839169886,1.21044921875,31.246803,0.29176642025944943
1502,44.20574793119285,1.2079222542898995,31.258942,0.19789378307558664
1503,79.35836483931938,1.2080982753208704,31.270262,0.3574139440770332
1504,70.51241912862498,1.2060715811593192,31.278728,0.31710258532820323
1505,67.48027613412225,1.2071936471121651,31.287073,0.3034399165362961
1506,68.28241603328101,1.2203739711216517,31.295855,0.308203685577862
1507,53.569148687741674,1.2365831647600447,31.30033,0.2428245386374887
1508,43.420044047358246,1.239351545061384,31.310575,0.19700902837542872
1509,75.58751949742741,1.2380790710449219,31.316881,0.34286056544509436
1510,72.0719051649009,1.232689448765346,31.313381,0.3264488079485481
1511,65.95170833955842,1.229607173374721,31.311588,0.29841552342003674
1512,61.622692223447046,1.2272905622209822,31.315693,0.27857502705455395
1513,60.97265511430957,1.2256851196289062,31.315508,0.2754885641469966
1514,70.86356137139327,1.224454062325614,31.310848,0.3202636054546175
1515,69.27238666501533,1.2225984845842635,31.306362,0.3128853944355125
1516,65.57997913746428,1.220898219517299,31.301836,0.29598607602221505
1517,67.20398556605653,1.2214110238211495,31.293407,0.30339874555245033
1518,72.87814536057583,1.220663343157087,31.280266,0.32908150551428306
1519,70.26161141834108,1.2179036821637834,31.278393,0.31697361976936694
1520,71.32709117074363,1.215552738734654,31.273357,0.321607743502373
1521,65.16721615310621,1.2166197640555245,31.26049,0.29374828326818936
1522,65.29080560144611,1.2153963361467635,31.252485,0.29420473347828474
1523,71.19665389808884,1.212897709437779,31.250736,0.3207894553095157
1524,67.59087230612587,1.212259020124163,31.241253,0.304373736673049
1525,67.99671321856695,1.2113821847098214,31.223267,0.3061404625091897
1526,68.38290754304747,1.211153302873884,31.210752,0.3078733012074681
1527,70.84048020690096,1.208902086530413,31.18571,0.31883255748621603
1528,71.2467308856957,1.2047228131975447,31.164341,0.32031950126461106
1529,74.70616256786374,1.2031299046107702,31.144949,0.3358808394927443
1530,69.41768499588122,1.200094495500837,31.131216,0.311625481520974
1531,65.4167209954313,1.199352809361049,31.122221,0.2934078371527893
1532,54.76514917562566,1.195859636579241,31.106089,0.24477837671728686
1533,37.88816490049426,1.1916852678571428,31.083796,0.16784298632246636
1534,67.13060714208235,1.1895490373883928,31.068373,0.30034850908357436
1535,63.061794928512526,1.188296181815011,31.057503,0.2817794091635473
1536,62.977997733777094,1.186032431466239,31.047081,0.2812061199140916
1537,66.04864040498457,1.1845692225864954,31.042446,0.2950143875066318
1538,63.7875857218217,1.185762677873884,31.037079,0.2848566235093255
1539,63.582927236051965,1.1882940019880022,31.032919,0.28414386333384173
1540,66.25729770556079,1.1860907418387276,31.025776,0.2960909304238393
1541,73.16971738015006,1.1851588657924108,31.019821,0.3273765911720979
1542,66.58693934686829,1.1884351457868303,31.017694,0.2977866182702756
1543,64.93066888550734,1.2059326171875,31.022686,0.2917635185040052
1544,62.26433276721613,1.208831787109375,31.027145,0.27991225649768275
1545,64.47074790115421,1.2055865696498327,31.029549,0.2896471131461319
1546,65.01082047071179,1.2037664140973772,31.039164,0.2919424666539606
1547,63.54971989750696,1.2027669634137834,31.052965,0.2852274805400616
1548,66.95388394974444,1.2036029270717077,31.066105,0.30074518285023866
1549,64.73951785828308,1.2031500680106026,31.068933,0.290658866129378
1550,44.38423985319737,1.1987904139927454,31.073381,0.1979249014113214
1551,79.91809026367338,1.203885759626116,31.077444,0.3595944451652483
1552,72.13976567588269,1.2030465262276786,31.081936,0.32422869188192616
1553,66.17329899854884,1.205061776297433,31.082829,0.29732769014358057
1554,69.60195800384678,1.1995462690080916,31.082367,0.3124148667548355
1555,71.75280641756162,1.1985931396484375,31.08262,0.3220930650177954
1556,71.02825755486774,1.1988231113978796,31.081852,0.31882503410757695
1557,67.05731521408073,1.1986955915178572,31.083605,0.3007959910079402
1558,65.90861344537831,1.1992334638323103,31.088106,0.295629623117343
1559,72.56168720101961,1.1988378252301897,31.088861,0.32578423251694555
1560,78.2122905027933,1.199618203299386,31.086246,0.35149042202226
1561,78.854792818565,1.1985609872000558,31.088488,0.35431561660524014
1562,78.16060143461392,1.1989691598074776,31.090307,0.3512005303646306
1563,81.51821242730387,1.1994280133928572,31.08807,0.36647483693997207
1564,76.06933532859537,1.208273206438337,31.08819,0.342504877245776
1565,64.02950907499006,1.2136688232421875,31.093441,0.2883342678465655
1566,64.44946774293551,1.218493870326451,31.0966,0.2906513259463494
1567,67.11908689529805,1.2404545375279017,31.097963,0.3046376029209297
1568,65.2041575689179,1.265829358782087,31.106853,0.2981126404305878
1569,68.39080459770162,1.297783442905971,31.116858,0.31529720085154284
1570,72.73575386219935,1.3008243015834264,31.119085,0.3352717598512686
1571,72.23584855629981,1.3002117701939173,31.12875,0.3329511989565924
1572,67.96522486558055,1.3001229422433036,31.14352,0.3135656502098142
1573,67.6276142039637,1.3000984191894531,31.156624,0.3120316489938167
1574,69.8983805824656,1.2987104143415178,31.168875,0.32221688810589155
1575,73.63052952098381,1.297415052141462,31.180319,0.3390410576589734
1576,75.69831432839332,1.294771466936384,31.186525,0.34819818753208925
1577,77.76470024890658,1.2924346923828125,31.188438,0.3573751356419732
1578,68.60295575696074,1.2922891889299666,31.151512,0.3157912719111696
1579,67.27188625672458,1.2896548679896764,31.105669,0.30952687592353834
1580,64.48960817707462,1.2864695957728796,31.062378,0.2966306281014602
1581,67.59300915248407,1.287421635219029,31.035006,0.31079351594143634
1582,67.47018458539472,1.2882118225097656,30.996202,0.3103035883812062
1583,71.88775659945271,1.286252702985491,30.962149,0.33018126094056344
1584,76.6805405365582,1.2863529750279017,30.92556,0.3519370900214034
1585,76.14530568810663,1.2850428989955358,30.92887,0.3493967325693204
1586,76.21304967819017,1.2824489048549108,30.94336,0.34948289795606424
1587,71.35754038177336,1.2808772495814733,30.955324,0.3273169685086913
1588,70.9231715411653,1.278937748500279,30.97081,0.3251806118253562
1589,87.61304590665215,1.279970986502511,30.96587,0.40099910557173774
1590,89.09584487534592,1.2847137451171875,30.9263,0.40813178828092633
1591,82.72594752186582,1.2838641575404577,30.919392,0.37915589655730536
1592,68.62404350966406,1.2831524440220423,30.951466,0.31510774987686363
1593,62.7892736536287,1.2842826843261719,30.976238,0.28872884685760203
1594,62.32781118109439,1.2850565229143416,30.999323,0.28670095409022966
1595,63.44410282985592,1.2826527186802454,31.021612,0.2915611288990691
1596,64.06384267107308,1.2791906084333147,31.045559,0.29407794238836127
1597,64.96568364468862,1.2792837960379464,31.072771,0.2981779969656998
1598,65.77566616239339,1.2783470153808594,31.107271,0.30177340476039544
1599,67.01973098901097,1.2746505737304688,31.140865,0.3071031110846487
1600,65.31898460707552,1.270251682826451,31.172684,0.29901081708090516
1601,68.18560071980943,1.2656609671456474,31.20538,0.3116265905455199
1602,70.81322252790316,1.2638201032366072,31.23986,0.32339244157501246
1603,66.93485383064512,1.2581966945103236,31.269258,0.3053147466200145
1604,64.70902203856744,1.2516779218401228,31.289165,0.2946590857290572
1605,63.99572838625484,1.2490980965750558,31.323175,0.291202497838487
1606,66.12117758039827,1.252220698765346,31.351227,0.30111303710648796
1607,66.5747729535875,1.2542790004185267,31.376707,0.3033467659169625
1608,66.43925072008906,1.251217978341239,31.39743,0.30247078046418796
1609,68.02941674939737,1.2461912972586495,31.41725,0.3092574758417026
1610,69.55987453546152,1.2451716831752233,31.434614,0.31611497897298196
1611,64.54221005788257,1.242973872593471,31.452156,0.2931598693782339
1612,65.3192634907479,1.2396986825125558,31.470196,0.29640643504949926
1613,65.95564375498415,1.236147199358259,31.485416,0.2989911325515559
1614,66.03707868522925,1.234792981828962,31.496351,0.29924515234184057
1615,68.55200740795368,1.230996813092913,31.506195,0.310332904013118
1616,71.45180999014337,1.2277788434709822,31.516953,0.32321633294448
1617,67.3255092989907,1.2274224417550224,31.528181,0.3044628309670219
1618,65.99633780794377,1.2229118347167969,31.5362,0.29804703214614303
1619,68.62795538060209,1.2217249189104353,31.543457,0.3098867845435943
1620,66.70758637957243,1.2192589896065849,31.55523,0.30096280047467355
1621,67.15687131255424,1.2165560041155135,31.560883,0.3027709144252315
1622,68.59543297676358,1.2152459280831474,31.568913,0.3091866670831264
1623,69.92310738900242,1.2121543884277344,31.57554,0.3149473400358747
1624,75.37735120726587,1.209897722516741,31.583593,0.33950353972740593
1625,75.22003241962274,1.207756587437221,31.596222,0.33860710291770324
1626,69.38890932167918,1.2053053719656808,31.607924,0.31193931026169175
1627,70.4281834371377,1.203780038016183,31.618906,0.3165249361486725
1628,69.09696669242896,1.2016105651855469,31.630987,0.3102995156182052
1629,64.52090293425451,1.1993669782366072,31.64153,0.2893442672348161
1630,69.81012338416497,1.1981680733816964,31.649576,0.31324188158296007
1631,68.37312519130694,1.195824214390346,31.664171,0.3065216051277452
1632,72.01949362681209,1.1922918047223772,31.674335,0.3227657634598285
1633,76.20986086311854,1.191251482282366,31.685072,0.34169085101901014
1634,75.14880127224525,1.1895463126046317,31.69946,0.3367308668325312
1635,69.28353827594306,1.1870008196149553,31.708967,0.30990012398478617
1636,72.4018909600654,1.185168675013951,31.716158,0.3238934120686776
1637,69.08733608899394,1.183622087751116,31.72745,0.3087217077824279
1638,68.61310861423216,1.1805169241768974,31.737562,0.3063050813367577
1639,67.99999999999983,1.1786024911063058,31.748772,0.30335983003868866
1640,66.74215597810473,1.17626953125,31.763353,0.29745339590920705
1641,68.24824274186561,1.1740330287388392,31.773191,0.304096535688514
1642,76.89146617715227,1.1743431091308594,31.785397,0.34334164350239466
1643,66.37936260300368,1.1725518362862724,31.796312,0.29549016373376513
1644,67.93810510293592,1.1702428545270647,31.803343,0.3023660479028574
1645,72.94966657821472,1.1656886509486608,31.79168,0.32471763397187464
1646,77.83654581847694,1.165365491594587,31.78517,0.3468643094493056
1647,74.85020117014842,1.162005833217076,31.787611,0.3330272365481187
1648,69.87319593258324,1.1643551417759486,31.791962,0.31064440978631797
1649,74.60123919617857,1.1636597769601005,31.797522,0.33203862359198255
1650,77.31911285988275,1.163943154471261,31.806965,0.34439515420080746
1651,73.56248782380104,1.1626739501953125,31.81488,0.32724121066833917
1652,73.43969333765253,1.1619071960449219,31.822712,0.32661863917039935
1653,70.13852298801704,1.1605235508510046,31.830385,0.3115215633741748
1654,72.97253689912773,1.1590930393763952,31.831903,0.3242589154851502
1655,75.24208357944121,1.1581922258649553,31.836239,0.3344801692855177
1656,75.99672248385443,1.1564347403390067,31.836926,0.33775446313411406
1657,75.00914825733764,1.156606946672712,31.839426,0.3332880271113986
1658,73.31440426585873,1.153327396937779,31.822773,0.3253184296042343
1659,71.2681142405894,1.1536271231515067,31.795647,0.31605894138191126
1660,65.15630856187695,1.1549273899623327,31.778723,0.2884374874814991
1661,64.70912554124222,1.1547807965959822,31.767,0.28639589071202354
1662,64.22226191490584,1.1596597943987166,31.776646,0.28460283984872525
1663,69.07240437158484,1.1693049839564733,31.787615,0.3074329513897774
1664,70.25592626602734,1.1843948364257812,31.790415,0.31409009292652623
1665,71.03419085397697,1.1845577784946986,31.791685,0.3176353679865914
1666,72.9078702650122,1.1826389857700892,31.796831,0.3259735561751055
1667,70.97100977220099,1.1826515197753906,31.805454,0.31718611234892746
1668,70.55546120169073,1.1794815063476562,31.8094,0.3150302111005828
1669,73.08871562586597,1.1773676191057478,31.8138,0.3263445855096956
1670,71.35912637864259,1.176791054861886,31.824444,0.3184473958582853
1671,68.61942617887827,1.174210684640067,31.833141,0.3057959331246037
1672,77.23538057489839,1.1808455330984933,31.84129,0.3454567019111517
1673,63.22450007452031,1.1947408403669084,31.849995,0.2830673034179808
1674,64.76770230839493,1.2052525111607142,31.853828,0.29096605557208194
1675,65.70369436908472,1.2364997863769531,31.857922,0.29787798076836924
1676,66.91124036503946,1.2474278041294642,31.866535,0.30428919857106673
1677,69.11962109430814,1.2471166338239397,31.870531,0.314283198070419
1678,72.99076680047395,1.2506681169782365,31.877087,0.33215141891914146
1679,72.95195347786809,1.247122083391462,31.880594,0.3316728873906297
1680,79.29804768683603,1.246774400983538,31.882648,0.3604386656272571
1681,75.05116458840202,1.2485057285853796,31.888254,0.34131606800361336
1682,74.29315476190494,1.245145525251116,31.888264,0.33759002740240096
1683,72.41165498147902,1.2452566964285714,31.897587,0.3290621951060707
1684,71.06266070728502,1.2397804260253906,31.896664,0.32247409578148223
1685,72.8483515249873,1.240171160016741,31.900751,0.3306099984119151
1686,67.43925617712031,1.237948281424386,31.906178,0.3058766316988829
1687,69.36220805315189,1.2348769051688058,31.904148,0.31434009827968445
1688,70.92993269064034,1.2345199584960938,31.909035,0.32142321408530056
1689,71.71677325523486,1.227907998221261,31.909811,0.3244296195793983
1690,75.50001663839507,1.2263532366071428,31.90681,0.3414635080675912
1691,71.15530347120239,1.2253003801618303,31.912567,0.3216595628906833
1692,72.37536473256999,1.2219085693359375,31.912321,0.3269063327251907
1693,70.51544043323388,1.2211358206612724,31.917702,0.3184010160471619
1694,66.09593091200308,1.2162181309291296,31.915339,0.2979280780303955
1695,69.82460154604162,1.21490478515625,31.913857,0.31473493107138617
1696,66.44635467279404,1.2149178641183036,31.918962,0.29940723686059356
1697,70.2744238113452,1.2131876264299666,31.916355,0.3166295573026792
1698,73.47428811555321,1.2144148690359933,31.922272,0.3312536180237814
1699,71.36253483968615,1.209860120500837,31.924171,0.32128308649699044
1700,75.8487024634179,1.2077696663992745,31.924894,0.34146081133903367
1701,71.03466399083686,1.2053326198032923,31.928823,0.3194092528788088
1702,71.23686969958639,1.2005228315080916,31.920017,0.31991656960998766
1703,70.45095714223494,1.2006116594587053,31.921194,0.31635806352521467
1704,66.88474982834713,1.1957768031529017,31.918444,0.2997640521924131
1705,69.4882056010017,1.1945582798549108,31.913166,0.31147332472450556
1706,68.9655209668335,1.192547389439174,31.909855,0.30893014646339445
1707,72.03857983218336,1.1887446812220983,31.904062,0.3225498583359615
1708,75.62177924054042,1.1880040849958147,31.901525,0.3387454807923438
1709,72.90222487622175,1.1846869332449776,31.898304,0.32612259503180846
1710,75.7191953843753,1.1815131051199776,31.893215,0.33863393758671984
1711,72.43558828821367,1.1797223772321428,31.89532,0.32358183794886797
1712,69.75552818756167,1.175840105329241,31.891516,0.31108996251161325
1713,70.7988864328895,1.175112043108259,31.888447,0.31576211377424435
1714,68.54366657248596,1.1741888863699776,31.887804,0.305450314567915
1715,69.59110677394084,1.170029776436942,31.878984,0.3098483781376504
1716,70.9874365169315,1.1698777335030692,31.876015,0.3161712636554755
1717,71.43731309009759,1.1681442260742188,31.877584,0.3180647420446974
1718,74.59320500137731,1.1650526864188058,31.876713,0.33212095971108235
1719,71.61557979356972,1.164215087890625,31.881184,0.31853853980362873
1720,67.14928454629397,1.1621873038155692,31.879147,0.29809977079529654
1721,70.57821014409033,1.1606298174176897,31.869356,0.31352570844107486
1722,70.25612277298083,1.1587110246930803,31.866295,0.3119005954733775
1723,69.98893753449313,1.1544652666364397,31.831501,0.3103261508917323
1724,71.41661292116112,1.1608210972377233,31.810667,0.3173462775159042
1725,70.63301790308466,1.1599993024553572,31.824102,0.31372062675792
1726,65.64413390439965,1.1549769810267858,31.831333,0.29065522632577323
1727,65.41379009522012,1.1543055943080358,31.83563,0.2895527825230401
1728,64.5403520268095,1.154900142124721,31.842188,0.28564025829801176
1729,79.73175174944967,1.1517601013183594,31.839806,0.35430350776741104
1730,62.589907511982624,1.1508282252720423,31.834944,0.276442843233932
1731,71.553395366199,1.1479693821498327,31.830711,0.31687089733403495
1732,74.26499858383684,1.1463655744280135,31.811712,0.32903803119950115
1733,74.77420857768763,1.1446800231933594,31.798286,0.33120482508034327
1734,70.64495819171037,1.1418113708496094,31.768633,0.31222368691344005
1735,72.71556986071867,1.1411209106445312,31.75627,0.32156021178307076
1736,69.88726326079896,1.1395765032087053,31.753757,0.3085950470067459
1737,67.6747916307058,1.1381465366908483,31.744062,0.29843399588699815
1738,69.92024556106358,1.136542728969029,31.736444,0.30848597536963496
1739,69.7101259043508,1.1353002275739397,31.733807,0.3074265924480567
1740,68.46862046176611,1.1329427446637834,31.718979,0.3015922032956647
1741,71.67410070657353,1.1334190368652344,31.710226,0.3161777031676321
1742,69.56342536529863,1.135165078299386,31.706255,0.3067494122076457
1743,71.31515706705297,1.1323160443987166,31.690805,0.31445492850958146
1744,72.22749032039937,1.131695338657924,31.692467,0.3185417089796831
1745,67.96539661016955,1.129493168422154,31.69239,0.29901463316644417
1746,71.49837855407776,1.1293127877371651,31.69196,0.315030170450909
1747,69.69828919341387,1.1291296822684151,31.701023,0.3068466415259772
1748,70.42378048136759,1.1266610281808036,31.700987,0.3099280274463683
1749,72.72318752035235,1.126380375453404,31.715815,0.32033766184156254
1750,71.58723232098336,1.1231700352260046,31.726238,0.31490947325146734
1751,73.55274895534984,1.1229994637625558,31.732014,0.32381346655484605
1752,69.34896454629775,1.1232855660574776,31.74673,0.30476317646055445
1753,70.46133387888737,1.1223335266113281,31.752657,0.3097293644065695
1754,70.19088480777843,1.1213204520089286,31.74861,0.30841580268407387
1755,67.47604097514471,1.122804914202009,31.682968,0.296223786385343
1756,74.35953103711232,1.1221929277692522,31.612165,0.3274054599961389
1757,71.45653739399134,1.1250457763671875,31.583616,0.31447641304437773
1758,76.03776772694276,1.1301492963518416,31.588577,0.3356990080720789
1759,72.20054648536379,1.1301727294921875,31.601238,0.31828959873785595
1760,71.67345372406659,1.1306506565638952,31.58373,0.3159386720722412
1761,73.768588949921,1.1310430254255022,31.56783,0.32547881945330354
1762,81.758838859841,1.132371085030692,31.546207,0.3618478732917743
1763,87.44965219551767,1.1334315708705358,31.538645,0.38776040439153187
1764,84.30240215873363,1.1311580113002233,31.520657,0.37328584822300226
1765,83.77862996336376,1.1317394801548548,31.497866,0.37095881897959015
1766,78.3033691585759,1.1321476527622767,31.498438,0.3461496098130379
1767,72.74605361260464,1.1305536542619978,31.484392,0.32079732601513683
1768,71.48138972718952,1.1288582938058036,31.45243,0.31491432303073696
1769,68.54290880107781,1.1300757271902901,31.439465,0.3016847794823646
1770,65.27761912223332,1.129495348249163,31.426758,0.2868190172323025
1771,67.03317066839492,1.1266828264508928,31.380697,0.29454497995133677
1772,66.96375103005597,1.1256005423409599,31.373878,0.29413768775377047
1773,65.45144643833045,1.1254370553152901,31.369112,0.28726165656463915
1774,66.91590995732021,1.1227122715541296,31.333641,0.2936742886679635
1775,66.61011515943308,1.122408730643136,31.32376,0.2922608566267373
1776,63.30827847380007,1.1219231741768974,31.315468,0.2772373489097419
1777,65.19109167769857,1.1177215576171875,31.277067,0.2854222959605106
1778,70.90797211110248,1.118140629359654,31.240934,0.31139840499432253
1779,69.04001884707955,1.1197068350655692,31.197857,0.3030561295904645
1780,70.06567970272405,1.1173231942313058,31.16517,0.3075067863808311
1781,66.61402010888882,1.1165390014648438,31.134602,0.2917779880177715
1782,65.23188083807463,1.1170845031738281,31.102774,0.285553047120534
1783,68.72247604142501,1.116262708391462,31.077026,0.3013215527553402
1784,67.6178434594322,1.116783687046596,31.05909,0.29635370824803614
1785,68.71620226857007,1.1151646205357142,31.04477,0.30119943740346666
1786,69.07787719036597,1.114990234375,31.022522,0.3028256667547265
1787,67.6040589513797,1.114291054861886,30.994442,0.2960785821643488
1788,68.84640265440478,1.112436022077288,30.95304,0.30155751951064474
1789,67.36561455282518,1.1120834350585938,30.917467,0.29480836754063044
1790,63.21844054752407,1.1130665370396204,30.89297,0.27607438952689195
1791,63.84764735775684,1.1126180376325334,30.87322,0.2788911688014849
1792,68.8271006896553,1.1129063197544642,30.85419,0.3015100450974497
1793,67.39763872491145,1.1114872523716517,30.847025,0.2949028331894105
1794,73.07418217049621,1.1105897086007255,30.836456,0.3205836282227023
1795,74.5311260793322,1.1126093183244978,30.821964,0.32736675554217737
1796,72.27450314251737,1.1102469308035714,30.795147,0.31692584814298064
1797,74.05531570384535,1.109269278390067,30.761496,0.3249229157482754
1798,71.46317689927055,1.1101433890206474,30.729553,0.3132356215074361
1799,67.75093404066497,1.1063314165387834,30.703957,0.29606620773176884
1800,68.08597506844207,1.1063297816685267,30.690296,0.2975863184004718
1801,67.80742765139578,1.1051483154296875,30.669613,0.2962216494771201
1802,74.11269651401241,1.105025155203683,30.63596,0.32482133042565314
1803,74.88114220363028,1.1012377057756697,30.632317,0.32798515147930074
1804,77.58308406395088,1.099668230329241,30.633938,0.34011137484953985
1805,78.46950822832062,1.0996960231236048,30.639828,0.344135898532134
1806,75.40753005587062,1.0978426252092635,30.649456,0.3300840964030699
1807,78.95186515721186,1.0954976763044084,30.649006,0.3459665481039333
1808,84.66487337416706,1.1101455688476562,30.588934,0.3731385615733307
1809,86.82678728743161,1.105867658342634,30.51389,0.3825834227190059
1810,51.640125529697364,1.1381476266043526,30.475954,0.22567672289055096
1811,47.39346350723556,1.1559933253696986,30.44791,0.2079294081754597
1812,96.18021233309918,1.1551110403878349,30.442204,0.42922424563942135
1813,58.57202028013712,1.1548042297363281,30.420198,0.2585507478120916
1814,93.45463412368534,1.1529475620814733,30.372204,0.41667241523514453
1815,87.0526186825173,1.1516854422433036,30.336552,0.3875156056173495
1816,87.86610878661088,1.1531273978097099,30.309786,0.3913297945456405
1817,86.80040426078024,1.1551682608468192,30.304749,0.386668206357361
1818,86.0739960103879,1.1617175510951452,30.310696,0.3839306680676293
1819,90.68488162712046,1.1648761204310827,30.317732,0.40512195310438376
1820,92.4490202969027,1.1621137346540178,30.329012,0.412891155677175
1821,90.445639324594,1.161794934953962,30.332556,0.4037736178026624
1822,89.69921462153947,1.1613142830984933,30.346674,0.400345721154833
1823,84.65750917795872,1.1618516104561942,30.343124,0.37751478597969607
1824,74.67401560586254,1.162790025983538,30.335623,0.33229467200488705
1825,67.71952586169085,1.1621873038155692,30.335903,0.3006872432004778
1826,69.61856744124206,1.1603666033063615,30.337494,0.3091488779223784
1827,51.41838523925482,1.1708869934082031,30.339735,0.22746268244539783
1828,65.49752715767882,1.1702123369489397,30.376701,0.2912893124214156
1829,84.67330560535585,1.1700232369559151,30.416937,0.37828336207380403
1830,77.59453281437962,1.166668483189174,30.4158,0.34587729726820177
1831,75.16748774711564,1.168088095528739,30.41851,0.33498563851562024
1832,78.3565622973454,1.1656624930245536,30.42138,0.3492492155776346
1833,74.13533656401933,1.1636739458356584,30.431828,0.32992579677014994
1834,71.93529738174324,1.163281032017299,30.444992,0.3199096007631087
1835,66.51283280088496,1.1603491646902901,30.464098,0.29505510650617467
1836,63.245048218762626,1.160250527518136,30.485737,0.2802191079411201
1837,64.44979174089259,1.159435817173549,30.506027,0.2856161559864039
1838,63.11015161687458,1.1575377328055245,30.529274,0.2793756591225358
1839,61.5443038809181,1.158203125,30.556087,0.2723273648841009
1840,63.89198765900147,1.154625483921596,30.583359,0.2826748785696522
1841,64.98919132337613,1.1542363848005022,30.611607,0.28762026139630437
1842,65.52119110390865,1.1546636308942522,30.642645,0.29007064944549754
1843,71.30896741971581,1.151174817766462,30.673075,0.3160351732223571
1844,72.18268342922079,1.1514571053641183,30.703226,0.3200237376444555
1845,70.23805668016155,1.1475225176130022,30.727076,0.3108644325369314
1846,65.23021719254066,1.1493443080357142,30.74872,0.28829670697461884
1847,65.5334403646583,1.1451105390276228,30.762438,0.2893115154538122
1848,62.69546405812771,1.1448135375976562,30.757093,0.27640885670312154
1849,66.43557047326937,1.1429181780133928,30.760387,0.2932179638431668
1850,68.17965284660299,1.1465067182268416,30.76577,0.3014377860627479
1851,77.40522156067878,1.1425001961844308,30.759275,0.3429571558354013
1852,78.54676710608908,1.1408446175711495,30.760496,0.3479957311344205
1853,77.07722695507151,1.1394429888044084,30.772701,0.3412081515000933
1854,72.0909292650079,1.139314923967634,30.78864,0.31857188268915654
1855,72.71097267455661,1.1371291024344308,30.808817,0.32119891918188725
1856,67.79943178302311,1.135603768484933,30.831924,0.29878269654757295
1857,60.62571404295966,1.1358070373535156,30.85654,0.2662492570015781
1858,62.436794154157724,1.1333274841308594,30.875736,0.27425557733653594
1859,63.521074069247895,1.1325819832938058,30.898582,0.2791119236353886
1860,64.57019888505222,1.1317618233816964,30.923159,0.28380238638103794
1861,64.54482555166673,1.1307318551199776,30.949398,0.2835994161259361
1862,62.25584298530975,1.1303422110421317,30.974487,0.27317991798643
1863,65.1606330453871,1.1290817260742188,30.997192,0.2862529175237441
1864,68.63791133632188,1.1277727399553572,31.019743,0.3019194485375288
1865,71.33666436499395,1.1282239641462053,31.036144,0.3142035336292833
1866,73.6674050334623,1.1276931762695312,31.055641,0.324734012259435
1867,66.85108173753679,1.1257683890206474,31.076925,0.2936407648036311
1868,64.94242605320333,1.1242773873465401,31.093716,0.2848530745828117
1869,65.30718512256968,1.1249400547572546,31.112339,0.28656468459539264
1870,66.96886798962923,1.1237667628696986,31.127003,0.2940045160086408
1871,70.28493597587453,1.1262256077357702,31.135948,0.3092608860054542
1872,75.09563630372661,1.1256882803780692,31.144018,0.331043634480917
1873,81.22047481537767,1.1265133449009486,31.171043,0.3589054792662898
1874,76.5523834731467,1.126943860735212,31.17651,0.33776071047946754
1875,75.81960218953223,1.1277972630092077,31.128183,0.334508492866758
1876,70.21392930935879,1.1279612949916296,31.083136,0.30908671733841797
1877,75.21721589447361,1.126708984375,31.055988,0.33168235095681053
1878,71.51191156058661,1.124838147844587,31.036146,0.3147099664061979
1879,70.93418762853975,1.1224931989397322,31.023317,0.3118885576300337
1880,69.59051633593364,1.122082301548549,31.016027,0.30575660089086787
1881,67.63824180499704,1.1204942975725447,31.01673,0.29676271733278153
1882,67.73303881407305,1.1197046552385603,31.015123,0.2971255162042424
1883,68.0267280108772,1.1192610604422433,31.015999,0.29842030115354806
1884,63.54190017341648,1.1178779602050781,31.019129,0.2779524209241744
1885,61.5483111849392,1.1177891322544642,31.018993,0.26889892686829614
1886,61.57142857142844,1.1152338300432478,31.014921,0.2687858986092232
1887,62.15068847669239,1.1147896902901786,31.014978,0.2713764153928979
1888,64.46578242132192,1.1138828822544642,31.016914,0.28180382886949973
1889,63.74970805147479,1.1135624476841517,31.020847,0.27852731077772946
1890,66.4565829409979,1.113278525216239,31.025536,0.2907855534329533
1891,64.98420785412675,1.1140005929129464,31.022121,0.2841662251884682
1892,61.73731219022502,1.113152095249721,31.016745,0.26936105992644305
1893,62.51034520570326,1.1123542785644531,31.015965,0.2728006604428547
1894,61.43910573239596,1.110604967389788,31.01442,0.2677907204829149
1895,60.62002430507865,1.1112300327845983,31.010693,0.2641274423756679
1896,65.39776892043527,1.1094779968261719,31.00864,0.2856570603326273
1897,62.45017908685267,1.109375,31.01217,0.2722735750034284
1898,62.222358989388326,1.1084327697753906,31.011732,0.27115948424265374
1899,64.467709857268,1.1075265066964286,31.004625,0.2812704846859742
1900,62.63704104038492,1.1063532148088728,31.005167,0.2728637554109622
1901,63.46648562296199,1.105367933000837,31.001535,0.27654333609096104
1902,64.8397172063057,1.1037804739815849,31.002382,0.28263899721135677
1903,63.695385861697446,1.103900364467076,31.003717,0.27745681344996437
1904,67.243667001094,1.1027793884277344,30.99798,0.2934615542306678
1905,66.25739705820621,1.1011385236467635,30.992134,0.28884641249745835
1906,67.49731021666337,1.1019014630998885,30.985006,0.2945375894159833
1907,67.37333617098783,1.1006213596888952,30.981855,0.2938658857648482
1908,65.27271478402804,1.1004377092633928,30.98601,0.28431864501098963
1909,64.72837516233155,1.0997020176478796,30.984924,0.2817859597613283
1910,67.4966214926512,1.0989080156598772,30.987545,0.29427917454744346
1911,64.1537165440626,1.0984911237444197,30.99513,0.27907517532157083
1912,64.0171207088372,1.0980987548828125,30.99486,0.27842190879407497
1913,69.07836699499293,1.0989243643624442,30.99683,0.3014577457871439
1914,64.73911972172998,1.097968510219029,30.998169,0.28168687476172466
1915,67.77987253145888,1.0971723284040178,31.0014,0.29541640296064725
1916,66.28105136147083,1.0979625156947546,31.005201,0.28868288493530736
1917,70.90147103271428,1.0958409990583147,31.005697,0.3094671299145409
1918,69.5364238410596,1.095665522984096,31.008844,0.3032582573470082
1919,72.19937344807303,1.0935777936662947,31.010105,0.315163355025187
1920,74.61926066330693,1.0935183933803014,31.014408,0.32613853777747837
1921,71.72663751740741,1.094266619001116,31.017138,0.31307705871938124
1922,71.28851540616239,1.0938965933663505,31.01894,0.3110575209205101
1923,66.87830687830672,1.0935783386230469,31.020105,0.2910190392041122
1924,69.57569679562945,1.0939876011439733,31.020117,0.3032933605607728
1925,70.01450674023023,1.0922377450125558,31.02234,0.30513522981136393
1926,72.52453752648981,1.0925440107073103,31.02572,0.316550624445619
1927,82.18587960969998,1.092965807233538,31.030842,0.36042497744697666
1928,82.74164669291908,1.0934535435267858,31.035273,0.3629883685113134
1929,85.46117792619515,1.0932388305664062,31.042221,0.3753099417656327
1930,79.62655671517751,1.0912159511021204,31.046766,0.34866280612940925
1931,80.34063606470622,1.0925827026367188,31.051136,0.35201950471863785
1932,81.08193445135348,1.092369624546596,31.05277,0.3553649774050669
1933,79.6906987714501,1.0937608991350447,31.05805,0.34917089144885055
1934,81.67132697809791,1.0916175842285156,31.06122,0.35797521235901886
1935,79.03922591740451,1.0910143171037947,31.067846,0.34598059419943
1936,78.94458944522754,1.0911674499511719,31.070927,0.34556424041083894
1937,73.7483337633812,1.092318398611886,31.072632,0.3220843642532731
1938,69.20541933308834,1.092745099748884,31.075697,0.30150726091091473
1939,70.23647554369964,1.0944671630859375,31.074715,0.30633254537095794
1940,68.97574399229725,1.0941946847098214,31.07417,0.30058873283236986
1941,74.92701957052871,1.0979347229003906,31.079182,0.32791163237782994
1942,74.77657166967138,1.0973597935267858,31.082829,0.3271799427594469
1943,73.21511267906111,1.0997706821986608,31.076471,0.32030042341599196
1944,75.24268374182121,1.1036311558314733,31.069832,0.3298297680368378
1945,73.59714090340992,1.1074087960379464,31.057495,0.3226852783642789
1946,78.21835023501758,1.1084469386509486,31.020765,0.3437425712308459
1947,49.343445647746066,1.1100976126534599,30.97001,0.21286334249902933
1948,91.50326797385621,1.1144169398716517,30.921602,0.40453208105665434
1949,92.41826052234279,1.117525918143136,30.886087,0.4089490062360036
1950,95.66705568942085,1.1174790518624442,30.877846,0.4236864312975143
1951,86.75769148814005,1.1133766174316406,30.87163,0.3829102857950179
1952,72.30051457976029,1.112374986921038,30.856064,0.31722536187779937
1953,74.97050870878076,1.1117297581263952,30.842302,0.3292854446851874
1954,71.792568410575,1.112785884312221,30.837488,0.31495559647236304
1955,74.12649317406124,1.1125842503138952,30.829021,0.32552859413374763
1956,71.97019504711787,1.111330849783761,30.820776,0.31563748857824103
1957,69.1825696475936,1.111010960170201,30.804531,0.3029613453133134
1958,70.96775447417266,1.1134779793875558,30.79048,0.3112720235639887
1959,68.63404049302889,1.1141008649553572,30.78342,0.3007359078700263
1960,70.3064383567757,1.1116349356515067,30.774042,0.3081141188014604
1961,70.55055136677447,1.1112937927246094,30.754372,0.3091926889804745
1962,78.48540485713141,1.1171106610979353,30.730452,0.34569319981037794
1963,90.58976498670698,1.1156180245535714,30.739096,0.40048948929456574
1964,95.05540497448985,1.1186441693987166,30.789034,0.4210104281290873
1965,91.24256610833245,1.122152600969587,30.836733,0.404008864585743
1966,80.8759035427662,1.1238833836146764,30.867176,0.3571176950054802
1967,79.92249284204615,1.1232343401227678,30.891317,0.35273623758725675
1968,79.46060478930816,1.1217188153948103,30.91284,0.3505111702803102
1969,77.35772364032823,1.1199896676199776,30.93596,0.34082187140148285
1970,78.72978394546135,1.1193836757114954,30.959621,0.3469959201712278
1971,80.23282507274425,1.1186283656529017,30.976751,0.3537515607011803
1972,79.70070723126203,1.118950435093471,30.9876,0.35136454072710155
1973,79.50119235672075,1.1189744131905692,30.992748,0.35046128605223875
1974,79.78888901692855,1.1171629769461495,30.998077,0.3516122264006119
1975,76.37596115236164,1.1172163827078683,31.007795,0.33613060622861934
1976,74.45903471993041,1.116715567452567,31.018053,0.32738983338979
1977,76.37159086995689,1.1173090253557478,31.026405,0.3361186768841671
1978,80.08845493939863,1.116748264857701,31.025173,0.3529361402178757
1979,78.38551540738001,1.1149357386997767,31.037916,0.34505446738733997
1980,79.55693462260061,1.116790771484375,31.051813,0.35052798959628295
1981,78.09242040011232,1.115915025983538,31.055357,0.3438080639668428
1982,74.47821346168902,1.116076878138951,31.062725,0.3274223877565752
1983,69.0488452321751,1.1153526306152344,31.063711,0.3027248403108026
1984,71.65860866775947,1.1153433663504464,31.000101,0.3145658629678875
1985,73.41942005519452,1.110668727329799,30.955935,0.3221568855434531
1986,59.84725317979987,1.1154845101492745,30.933912,0.2609838241207116
1987,47.97319120399847,1.1123978751046317,30.950926,0.20684198008267107
1988,92.0535855003943,1.1113978794642858,30.976194,0.4067716750570727
1989,64.59991430608491,1.1121275765555245,31.000217,0.28226275536698353
1990,85.44522652956337,1.1127629961286272,30.977953,0.3769026390534074
1991,79.73180748711086,1.1119275774274553,30.957012,0.35090672883345375
1992,69.73440794918933,1.1112839835030692,30.943382,0.3054885981773683
1993,64.51992338454968,1.1112627301897322,30.912298,0.2818260396409945
1994,62.253336378488385,1.1089859008789062,30.880697,0.2713472168844836
1995,61.9319217227123,1.1089891706194197,30.861216,0.2698890753633819
1996,66.63711532437993,1.1077379499162947,30.836872,0.2911322037466184
1997,71.14514444831194,1.1076976231166296,30.812862,0.31158396597359067
1998,73.8264709290931,1.108309064592634,30.79409,0.3238026418192763
1999,75.57720362086829,1.109341757638114,30.77254,0.3318346699126821
2000,76.06667142838803,1.1132087707519531,30.757486,0.3343854221464488
2001,73.08398420617527,1.1211417061941964,30.745432,0.3215280096105678
2002,74.67729856517545,1.1271040780203683,30.731724,0.3292661684869984
2003,68.93622227055234,1.1300136021205358,30.718328,0.3034641428266117
2004,70.0280427765056,1.1306037902832031,30.706327,0.30846861597626263
2005,72.23273662311931,1.1301651000976562,30.675123,0.3184350109688256
2006,74.14064333939473,1.135598863874163,30.649458,0.3275555528005234
2007,88.14146601982884,1.1431001935686385,30.651579,0.39172408044060586
2008,93.95050591585002,1.1564107622419084,30.651289,0.41921778725013636
2009,98.2804963643535,1.159592764718192,30.659576,0.43913650770621776
2010,98.90708437166347,1.162421635219029,30.681044,0.4422209076538666
2011,79.49541778975748,1.1628543308803014,30.691746,0.35417728912151175
2012,78.56378600823052,1.1643055507114954,30.69961,0.35007377012018104
2013,74.12229403919181,1.1621971130371094,30.707912,0.3297406677226326
2014,74.1065607193745,1.1609595162527901,30.71406,0.32956373191457417
2015,72.37239307797788,1.1634597778320312,30.730083,0.32190816830800134
2016,72.58502952267615,1.162954602922712,30.728292,0.3228299243197015
2017,74.6778816325943,1.1633736746651786,30.73466,0.3323619893506889
2018,77.97298654403772,1.1639796665736608,30.739372,0.3473652226933578
2019,76.83215860687382,1.164095742361886,30.747799,0.34219861032989357
2020,79.0617589973685,1.1646412440708704,30.725464,0.352361953578345
2021,74.5457818306752,1.1630499703543526,30.709726,0.33173497950329456
2022,69.50879610493108,1.1618614196777344,30.696442,0.30877827224086424
2023,74.70578414928258,1.1605393545968192,30.679274,0.3322468781974929
2024,75.66258203085164,1.159677233014788,30.655334,0.3365148284730266
2025,76.38198296066133,1.1602952139718192,30.639437,0.3398318164538149
2026,72.52937226223408,1.1609289986746651,30.650595,0.32240462992461427
2027,73.01114042345057,1.1596619742257255,30.652723,0.3244825995368939
2028,74.60955004180626,1.1586287362234933,30.659283,0.3316472725106878
2029,78.07451298812917,1.1572331019810267,30.657581,0.3472505329952588
2030,81.37426616144832,1.157027108328683,30.654955,0.36220560938932655
2031,81.6911168199027,1.1571595328194755,30.665184,0.3636546141461831
2032,84.60432371637465,1.1560314723423548,30.666355,0.3767770986548594
2033,76.51185101814504,1.1568102155412947,30.672436,0.3401238826613363
2034,74.83544606886875,1.1586407252720423,30.671597,0.33267329915914345
2035,72.74754370560542,1.161012922014509,30.669825,0.3234017410041742
2036,73.94698227863753,1.157578604561942,30.666317,0.328551310215245
2037,76.58446981169493,1.154238019670759,30.651794,0.3402340265086105
2038,72.99350216384863,1.1533922467912947,30.650536,0.323867865526633
2039,77.54188714115648,1.1521900721958704,30.644732,0.3444036568995019
2040,80.31077188872626,1.1514903477260046,30.643627,0.35690780876367323
2041,74.24767788845733,1.1548407418387276,30.615849,0.3296822250466962
2042,46.90006227958709,1.1525519234793526,30.588741,0.20539710537648906
2043,82.87770295658235,1.1504124232700892,30.582283,0.36846334096404953
2044,80.7977910623813,1.1581339154924666,30.597076,0.35968424285243195
2045,92.22247754636022,1.1549344744001115,30.608925,0.4112509490800238
2046,88.62829862145706,1.1547448294503349,30.629086,0.39492617338575026
2047,87.65776577166551,1.1549034118652344,30.66428,0.3905359007958833
2048,94.74851400463267,1.1550004141671317,30.68635,0.42271847383525624
2049,92.2539410241252,1.1520723615373885,30.685982,0.411149625553739
2050,88.14258945249013,1.152144295828683,30.657885,0.39250048499277645
2051,79.55290130765145,1.1497197832380022,30.64909,0.35331796894772527
2052,79.9283201140857,1.1478892735072546,30.646742,0.3548653222678255
2053,78.54558616402679,1.148165021623884,30.64883,0.34861467765119003
2054,80.97795558525196,1.1470718383789062,30.6523,0.3595583344917332
2055,81.23162917957409,1.1472347804478236,30.648014,0.3607232756767036
2056,77.17332325390123,1.1459851946149553,30.649448,0.34220212693574703
2057,69.09592543042494,1.1458287920270647,30.650373,0.3055375613369119
2058,68.28765988908943,1.1431830269949776,30.651848,0.3016444145617059
2059,68.12772020256887,1.1422664097377233,30.652868,0.3008405158029256
2060,70.64549907413979,1.1416511535644531,30.649113,0.3122124773803272
2061,74.9722935196911,1.1394195556640625,30.649511,0.33165500859754893
2062,75.7289345452192,1.1389721461704798,30.65329,0.3350501141195031
2063,76.80790015515093,1.1376168387276786,30.650602,0.33983034068023776
2064,77.282303370786,1.1364811488560267,30.648767,0.34188609240978124
2065,73.58568503729583,1.1363443647112166,30.654472,0.3251010055823419
2066,74.40180380757386,1.1353356497628349,30.653296,0.328718121886699
2067,72.28296755947159,1.1351656232561385,30.655432,0.3190893930094345
2068,72.29196138954872,1.1338015965053014,30.655684,0.3190138744396379
2069,72.1538077944441,1.132864270891462,30.658278,0.3183070640957228
2070,74.68978411690371,1.133697509765625,30.65581,0.32988512849500645
2071,76.35357527847644,1.1302555629185267,30.65696,0.3371410489040588
2072,78.32876320638151,1.1315563746861048,30.658316,0.3462144095238336
2073,81.49306271980394,1.1309847150530135,30.651655,0.360523679314081
2074,76.17937677673751,1.1294163295200892,30.6515,0.33627905022765125
2075,70.96294416243678,1.1307056971958704,30.65466,0.31271942592333524
2076,70.90951454181624,1.1287918090820312,30.650843,0.3123137669256904
2077,71.89172730975744,1.127347128731864,30.649305,0.31664735507469355
2078,69.90133293962529,1.1263553074428014,30.645845,0.3075313467522728
2079,71.11732397294341,1.1265242440359933,30.639126,0.3130633186587638
2080,68.90735977271804,1.1258719308035714,30.636753,0.3029799655145972
2081,71.18295827758794,1.128039768763951,30.63198,0.31349038289059494
2082,75.14481624410782,1.1269187927246094,30.63015,0.33137173029153116
2083,75.00287684139484,1.125491006033761,30.63083,0.33060591390253663
2084,75.34975150082931,1.124941144670759,30.632826,0.3321329653982914
2085,76.09970275025564,1.121628897530692,30.629896,0.33525339446414504
2086,69.29712892976335,1.120333535330636,30.632175,0.30427621448469855
2087,69.58525345622121,1.1212948390415736,30.634192,0.3056655634913053
2088,73.42010584653173,1.1212975638253349,30.63294,0.3230664549755428
2089,71.23220955173552,1.1229100908551897,30.635813,0.31327638711779204
2090,73.90851048872138,1.1248021806989397,30.634867,0.3255814769016644
2091,78.57047062483457,1.125464848109654,30.637924,0.34679165511599785
2092,82.69656500904415,1.1263950892857142,30.648087,0.36559315964926975
2093,81.2018927278842,1.1259869166782923,30.62562,0.35877626765670456
2094,74.08248020431134,1.1283231462751115,30.619326,0.32667114326902924
2095,70.4522482885148,1.127209254673549,30.614029,0.3101039545700952
2096,68.16369518984574,1.1255138942173548,30.6116,0.2995750499056084
2097,66.64948009014579,1.125530787876674,30.61227,0.2927057331603768
2098,69.97134178552604,1.1255013602120536,30.60826,0.30777618512144045
2099,73.3579085347547,1.1228016444614954,30.601954,0.3229125067166925
2100,72.70091850331215,1.1226109095982142,30.60182,0.31991514522577896
2101,73.67899350256708,1.1238534109933036,30.604342,0.32445912879551675
2102,73.25138381846808,1.1225667681012834,30.6088,0.32240911943194744
2103,69.51355196242756,1.1225111825125558,30.611298,0.305443950915508
2104,66.26286821402189,1.1216250828334264,30.61784,0.2906183903961329
2105,67.2724590609765,1.120049067905971,30.617144,0.2950650061063333
2106,67.13101131989434,1.1179444449288505,30.619844,0.2942436980949949
2107,66.78174191724061,1.1203357151576452,30.620943,0.292862821069348
2108,71.20848268561463,1.1196250915527344,30.619967,0.31288857220223837
2109,74.0674807768555,1.118499755859375,30.62342,0.32576531640292294
2110,73.47624098869615,1.1174120221819197,30.63201,0.32298979829113283
2111,74.97545039791918,1.1180850437709264,30.638733,0.3298498646021861
2112,74.50760506034605,1.1157711574009486,30.641161,0.32752967951997936
2113,69.97939069379771,1.1162518092564173,30.646038,0.30702387885163007
2114,69.41052338072078,1.113964625767299,30.649715,0.30424758342216207
2115,70.04246930153363,1.1133275713239397,30.652723,0.3070607109086044
2116,68.93233226227211,1.1134441920689173,30.656708,0.30203340510098475
2117,72.2539930427762,1.11334228515625,30.660194,0.317096764171856
2118,75.32790716875341,1.1127722603934151,30.660524,0.3309960493067885
2119,77.94397909782597,1.1121869768415178,30.665083,0.3428165722036845
2120,79.08055664812427,1.1148371015276228,30.664997,0.3481998079261887
2121,73.69108932505678,1.1254310607910156,30.66807,0.32464856013987886
2122,73.77604270918701,1.12860107421875,30.670261,0.3253043843174333
2123,72.04858929885275,1.1275171552385603,30.676842,0.31737361736844977
2124,76.44502374616896,1.1270190647670202,30.68117,0.33727997887502664
2125,79.25570818086854,1.1263068062918526,30.683733,0.34997272806224494
2126,83.46797335714683,1.1269869123186385,30.674574,0.36914390069001657
2127,87.77784970139543,1.1271580287388392,30.658745,0.3887145763165267
2128,85.50902325886378,1.1280839102608817,30.677614,0.37849872846999005
2129,82.07195863490779,1.1279002598353796,30.684744,0.36288737081781086
2130,80.17014268735215,1.125439235142299,30.677916,0.3540479895875721
2131,76.5255344454271,1.125356946672712,30.681423,0.33750354632027296
2132,77.76918699549371,1.1241705758231026,30.673956,0.34304544797259234
2133,75.54694428179347,1.124662126813616,30.686565,0.33300393304164844
2134,77.52119284929893,1.124535151890346,30.688213,0.3419512655669006
2135,78.9237886535176,1.1245040893554688,30.69224,0.3483129009196189
2136,75.25479624245072,1.126446315220424,30.694994,0.33183047076771466
2137,76.49146432128326,1.1255378723144531,30.65039,0.3373643828438644
2138,76.67866410559843,1.1248517717633928,30.63092,0.3381552900429172
2139,76.61917861419406,1.1244964599609375,30.625526,0.3378550723622451
2140,77.95194891965201,1.1233128138950892,30.62346,0.3438015785878129
2141,77.48326675855814,1.1215575081961495,30.623512,0.3415252337764742
2142,82.62996668412683,1.1209073747907365,30.621132,0.3648229614390769
2143,80.24508876996491,1.1201831272670202,30.621485,0.3539398018079304
2144,74.59682858004956,1.1202152797154017,30.626429,0.32831353911488304
2145,77.11295421200552,1.1189891270228796,30.630701,0.3396259001037647
2146,75.7671503500522,1.1181226457868303,30.635626,0.3334454133255495
2147,77.83825142758546,1.1167940412248885,30.635931,0.3427297361080348
2148,79.31394680255578,1.1168414524623327,30.634363,0.34942975354368466
2149,79.23805615403047,1.1168087550571986,30.63895,0.3490826108732714
2150,81.72441031255045,1.115469251360212,30.638948,0.3602502167755708
2151,80.4226590773954,1.1142005920410156,30.641005,0.3542353200796422
2152,82.20877247141185,1.1133161272321428,30.639755,0.362264387542018
2153,87.87840539563989,1.1129237583705358,30.666803,0.38795690881981243
2154,89.29677449862324,1.110980442592076,30.684532,0.39422703314371454
2155,89.08847693447116,1.116049085344587,30.707527,0.39371415044291475
2156,90.37955401727068,1.1157095772879464,30.723404,0.3995434640022283
2157,81.36444963138187,1.1163172040666853,30.744555,0.35868920948473104
2158,75.9688212348918,1.1154158455984933,30.764833,0.33412965214631896
2159,79.43306537248387,1.1191504342215401,30.78116,0.3501671711483685
2160,74.51672057662431,1.1251422337123327,30.80669,0.3283702334702979
2161,79.88342827537531,1.1254708426339286,30.808393,0.3527497172956433
2162,84.50303358656001,1.124718257359096,30.810913,0.37364701350410057
2163,88.86147464109273,1.1249874659946986,30.840622,0.3934464172964118
2164,87.61116293532366,1.1230130876813615,30.867788,0.3876047419456335
2165,74.8208735807737,1.122549329485212,30.903973,0.3295291987194595
2166,67.99331343737907,1.1223842075892858,30.935385,0.298535033326802
2167,66.80899079900581,1.1202632359095983,30.952282,0.2929802817487053
2168,66.29157834485368,1.121356419154576,30.9801,0.2907257503286213
2169,64.76950274407277,1.1202163696289062,31.016554,0.2837220990941851
2170,69.33916834303429,1.11834716796875,31.034637,0.30429756539817987
2171,75.9905810616382,1.118511744907924,31.059752,0.33449241462271995
2172,76.91049855280133,1.118884495326451,31.095842,0.33869833339399086
2173,76.52003951906588,1.1201177324567522,31.116608,0.3370317978584013
2174,74.967535044072,1.1173602512904577,31.140352,0.32975213626944927
2175,75.0600826347575,1.1181902204241072,31.17394,0.3302428535050048
2176,72.67064846416325,1.116807120186942,31.193325,0.31928283099238586
2177,75.29889757258945,1.1156316484723772,31.215391,0.3311082749539514
2178,74.26958651289645,1.1152708871023995,31.249493,0.3264070048584864
2179,75.34076317424345,1.1141057695661272,31.271015,0.3311681089722713
2180,76.0479262029549,1.1133842468261719,31.292229,0.33431533070867825
2181,76.57520640453104,1.1142305646623885,31.320257,0.336780043287936
2182,82.2351075661492,1.1141602652413505,31.335648,0.36245587365662335
2183,84.66025185923023,1.114001682826451,31.351435,0.3734464518857843
2184,82.24788321166112,1.1133041381835938,31.377424,0.36244083023257945
2185,78.73827948912437,1.1138104030064173,31.390812,0.34655916406111786
2186,79.45153966226795,1.112942831856864,31.409067,0.3497215961893225
2187,78.07149867010673,1.1145531790597099,31.433643,0.34359698931724275
2188,80.62963963265372,1.1145286560058594,31.445084,0.3552024734690636
2189,80.36655740199996,1.1145597185407365,31.467215,0.3540113858253913
2190,76.27553951647522,1.1156572614397322,31.493946,0.33554197629469146
2191,75.09428184631253,1.1171095711844308,31.505178,0.3303058717080053
2192,77.87970301887182,1.1168469020298548,31.519087,0.3429223310016222
2193,76.3620183765081,1.1169755118233817,31.54307,0.3360467986639627
2194,81.51397920442807,1.116788591657366,31.554693,0.359407901846628
2195,84.10989563710454,1.1152153015136719,31.570742,0.37105270905757864
2196,79.38250272329844,1.116349356515067,31.596422,0.3496988589736821
2197,79.39649302008844,1.1179934910365514,31.608593,0.34990255651114255
2198,74.18250625553668,1.118182591029576,31.626827,0.3262601962778788
2199,71.84418651817442,1.118325914655413,31.647026,0.3156622835280013
2200,77.1381803093567,1.1181793212890625,31.653017,0.33967130107345705
2201,77.55853845548927,1.1171722412109375,31.67077,0.34149279128114274
2202,74.97029274344773,1.1170245579310827,31.68748,0.3297360204499742
2203,82.06988563149567,1.1169079371861048,31.667553,0.3619405077636383
2204,89.52805805952646,1.1195553370884486,31.643677,0.39600777487784555
2205,86.68813854439148,1.126110621861049,31.61557,0.38368068142379913
2206,88.37938220267057,1.1337018694196428,31.611671,0.3920021101068635
2207,85.81987497900579,1.1422042846679688,31.586277,0.381113445493243
2208,83.72652385203472,1.147524152483259,31.550516,0.37206854939021766
2209,90.56130845576226,1.1467236110142298,31.486647,0.4030131412620254
2210,95.23746087418132,1.1463138035365514,31.441833,0.42419625328451893
2211,96.5405473419306,1.1466914585658483,31.414484,0.43014122120355025
2212,97.72252091750738,1.1474800109863281,31.382023,0.4355716813644796
2213,91.20318477888152,1.1459519522530692,31.348206,0.40585984854920953
2214,88.25410527349841,1.1475012642996651,31.321915,0.3926105174659624
2215,93.80656058685258,1.145321982247489,31.288359,0.41761895175346503
2216,90.73396171168545,1.146958487374442,31.261116,0.4038165870779303
2217,89.73863551876269,1.1474789210728236,31.239637,0.39934467430260945
2218,93.97909825617255,1.1464571271623885,31.200823,0.4184986505782261
2219,97.06530846877182,1.1460941859654017,31.182137,0.43247138993898404
2220,90.88554603919928,1.1575497218540736,31.173103,0.4054076524549641
2221,50.30855381956834,1.2076012747628349,31.165821,0.2255579168162273
2222,81.86404699657669,1.2197320120675224,31.162651,0.3697756459976432
2223,80.69819142570478,1.2217614310128349,31.141233,0.36465864602959586
2224,84.49240120721733,1.2123821803501673,31.07953,0.3810749997370093
2225,84.25096632681918,1.2117805480957031,31.01719,0.37992817901194287
2226,67.19749507575409,1.2164410182407923,30.987358,0.3029454385992512
2227,71.96638094131559,1.2226595197405135,31.025993,0.32511461022843957
2228,69.45517177459286,1.2203565325055803,31.016367,0.3135235825499213
2229,66.21028948979722,1.2123865400041853,30.97848,0.2981202115058934
2230,92.94134850150354,1.2109407697405135,30.956976,0.419289206556547
2231,60.559819635983814,1.2062263488769531,30.91851,0.27195582163886817
2232,41.08944251482882,1.198676518031529,30.887104,0.18296503103609696
2233,89.70534116949462,1.211657932826451,30.874386,0.4046669711847062
2234,94.86128171295857,1.2138317653111048,30.866083,0.4282474640983736
2235,78.96305832406183,1.2153004237583704,30.870749,0.35623445894345573
2236,54.28841107732306,1.2315008980887276,30.871725,0.24565476453010326
2237,82.8212074911926,1.2418321881975447,30.900766,0.3760035322170059
2238,90.3530307715933,1.241532461983817,30.934734,0.41015365102346685
2239,86.5483684614877,1.233175550188337,30.955355,0.39217727813596587
2240,89.05815707308268,1.2242834908621651,30.978125,0.40280711437074584
2241,85.76523410961404,1.2210769653320312,31.012178,0.38759200066292226
2242,84.83051433198057,1.2222676958356584,31.033312,0.3834522545893428
2243,89.166176570874,1.2188077654157365,31.051691,0.40283026773764774
2244,92.24922205775428,1.217942374093192,31.06787,0.41674579675461837
2245,91.95542805692752,1.2189843314034599,31.088114,0.41550156632740604
2246,87.81692538126484,1.2170873369489397,31.102703,0.39656131162721836
2247,85.6901746394818,1.2161897931780135,31.122143,0.3868346259428542
2248,79.83489313686424,1.212231227329799,31.152397,0.3599286632604638
2249,80.00407901637433,1.2064437866210938,31.16502,0.3602027753744648
2250,77.26524140864876,1.2092742919921875,31.185974,0.3480166816402812
2251,70.65075825280412,1.2126655578613281,31.202301,0.31829265293443765
2252,73.51174367923015,1.2084083557128906,31.209297,0.33091132012614966
2253,72.9234186736962,1.210873740059989,31.227177,0.3284520479454863
2254,75.24398504175824,1.209897722516741,31.232306,0.3388983901815585
2255,77.21361185983886,1.2167560032435827,31.244808,0.3484204741287692
2256,75.49671292914529,1.2230567932128906,31.257143,0.34116738732864516
2257,81.09885373402953,1.2455346243722099,31.254631,0.36850409905695264
2258,82.21994765394022,1.2725895472935267,31.242445,0.37589838890649474
2259,78.67296094138395,1.2973649161202567,31.247505,0.3619168360310646
2260,79.63917807035554,1.2900036403111048,31.247618,0.36567325967529846
2261,71.05797832412823,1.2772881644112724,31.258993,0.32565161691832234
2262,69.64957612086866,1.2601372855050224,31.26298,0.3177983097755861
2263,80.18406364892252,1.248161860874721,31.245794,0.3645772933986535
2264,87.86169787197426,1.2600953238351005,31.249577,0.40043231142776425
2265,90.76151579382717,1.267319815499442,31.263582,0.41420637300166613
2266,85.07491167172121,1.256349836077009,31.271755,0.38746783120159517
2267,85.77741431214895,1.246997288295201,31.28163,0.38985782784410966
2268,91.35065603293057,1.2472670418875558,31.25385,0.41516944132568684
2269,88.05044087378239,1.2482174464634486,31.222313,0.4002757541668551
2270,83.86559972904625,1.2476910182407923,31.20775,0.3812421242831412
2271,76.49955976873973,1.248098645891462,31.199799,0.34785345014389185
2272,48.219591071219284,1.2516860961914062,31.20976,0.21983891938960767
2273,75.48697121986478,1.260235377720424,31.218454,0.344293880565097
2274,85.25752992074247,1.2678353445870536,31.236134,0.3892759793834176
2275,86.14780177070895,1.269015175955636,31.248121,0.39341621110854164
2276,54.69758077674992,1.266146523611886,31.24341,0.2504660520689208
2277,86.76917589434501,1.2664135524204798,31.242344,0.3960138249352302
2278,76.5263413861469,1.2625127519880022,31.249287,0.3492042481428442
2279,45.611928268144304,1.2514446803501673,31.232845,0.20798604964332662
2280,87.8257323663629,1.246176038469587,31.231903,0.39908204122751856
2281,81.08820786866868,1.2464190891810827,31.244503,0.3685312230921965
2282,75.43682739134415,1.2474468776157923,31.262796,0.3429757127732641
2283,80.70077834541503,1.2424060276576452,31.266521,0.36643101458216837
2284,84.8446558644271,1.2408621651785714,31.267506,0.38510221151221846
2285,86.3270116047601,1.2424588884626115,31.283504,0.3919645801576273
2286,70.14412599512971,1.2426180158342635,31.30039,0.3185482383950353
2287,50.660632404124875,1.236473628452846,31.297968,0.2296177920025242
2288,81.8475309995388,1.2360365731375558,31.311295,0.3710912043064317
2289,78.88092491428077,1.2369112287248885,31.327026,0.357704809654916
2290,80.1790717186466,1.239184788295201,31.343744,0.36378905200536715
2291,70.31841535835419,1.2392965044294084,31.348452,0.3190558091094553
2292,45.035285474994,1.2345782688685827,31.343275,0.2039311145755529
2293,85.69575895491207,1.2352605547223772,31.35169,0.38848637402150277
2294,81.02475776880054,1.2350224086216517,31.364494,0.36727137639865926
2295,78.9707054981022,1.2268022809709822,31.361176,0.3572500693891528
2296,50.413855711833776,1.2176366533551897,31.349964,0.22689157046176506
2297,87.68168780486141,1.2136846269880022,31.347094,0.3956574776848355
2298,77.89414711216797,1.2108236040387834,31.347628,0.3510024737306998
2299,74.333259244994,1.2098388671875,31.357243,0.33476094863610073
2300,75.55477312817386,1.2104296003069197,31.374157,0.3403539525145548
2301,77.06984307197914,1.2118661063058036,31.386265,0.34735109820855514
2302,65.32705721029473,1.2028814043317522,31.37769,0.2933019160407756
2303,55.81509041022843,1.1971075875418526,31.360775,0.2496489183917338
2304,86.09749297647343,1.1954116821289062,31.356054,0.3869108177528329
2305,77.29261983327487,1.1951234000069755,31.359676,0.3469340827175661
2306,74.37517196587106,1.1956492832728796,31.370237,0.3337409993860514
2307,74.24638623862805,1.1934732709612166,31.3752,0.3329710570294765
2308,75.00436344319151,1.1932994297572546,31.374203,0.33639555615761724
2309,56.12156308035395,1.1902476719447546,31.374006,0.2504545061713166
2310,57.895709525215324,1.1877784729003906,31.36303,0.25829412287147074
2311,84.16121212121192,1.1866564069475447,31.355408,0.37737826012831954
2312,79.58638728517022,1.185394287109375,31.358717,0.35651233568863616
2313,77.93787385071974,1.1870525905064173,31.369593,0.34917362380426
2314,82.05818601662193,1.1842618669782365,31.358711,0.3676315569586582
2315,83.07114439770675,1.1857245309012276,31.356495,0.3723526001141231
2316,80.79807749457424,1.188469478062221,31.368496,0.36227264629274203
2317,82.07296696356897,1.1909479413713728,31.384975,0.36826883316291237
2318,82.98843870089041,1.1923059735979353,31.396652,0.37253860696468527
2319,85.23748167784292,1.1902264186314173,31.388666,0.3825662986725075
2320,82.27745557628388,1.1910324096679688,31.37981,0.3692039048153781
2321,81.85554378845723,1.1889762878417969,31.381226,0.36711412631076334
2322,79.69415318250377,1.1881795610700334,31.375368,0.35723886005746186
2323,74.90576526639121,1.1890923636300224,31.380732,0.3355893758474056
2324,77.93218749481547,1.1872313363211495,31.376797,0.34916306589562135
2325,81.66143788217249,1.1859959193638392,31.3606,0.36597919556259845
2326,82.93749495891956,1.1846684047154017,31.353382,0.3716560957453441
2327,88.48451656685727,1.1832139151436942,31.34029,0.3967016869521361
2328,89.94863158234054,1.1812586103166853,31.331362,0.4031783610890381
2329,79.61412324227982,1.1811730521065849,31.334726,0.3562781886885181
2330,64.07826760760358,1.180844988141741,31.337328,0.2857561991279224
2331,40.13131503488381,1.1804455348423548,31.327902,0.17706273298428177
2332,75.39610062405147,1.1806902204241072,31.335821,0.337097715764998
2333,74.86750043349062,1.1850814819335938,31.349682,0.33507368951368754
2334,77.5810772960045,1.1879092625209264,31.361778,0.347627717358311
2335,59.28134211981013,1.1837376185825892,31.355787,0.2642368210480569
2336,70.04089308796411,1.177898951939174,31.345955,0.3125603913084649
2337,87.31223105988487,1.1767490931919642,31.346752,0.3908310979034688
2338,75.18547354808157,1.1763343811035156,31.344816,0.3357705160416322
2339,72.41293019806677,1.1770275660923548,31.341602,0.3232492055475421
2340,74.1318285743873,1.1746635437011719,31.33926,0.33084710366716635
2341,75.25729632002376,1.1772509983607702,31.34062,0.3361745839240009
2342,77.79231104140426,1.1789725167410714,31.349157,0.34782404007740675
2343,83.69786155737081,1.178438459123884,31.352322,0.37457495481243924
2344,83.81962893593209,1.1804564339773995,31.361038,0.37529957349433196
2345,86.00566515019959,1.1790902273995536,31.369911,0.3851022081431246
2346,83.8326787884146,1.1782221112932478,31.37233,0.3751682378110555
2347,56.965924315126685,1.1758946010044642,31.36486,0.253061727839535
2348,85.30913602541995,1.175407954624721,31.354643,0.38162766948333615
2349,75.7171627437622,1.1756907871791296,31.348516,0.33812817050371113
2350,73.24073394916525,1.1764046805245536,31.349186,0.32695224713811283
2351,73.41922317607225,1.1785327366420202,31.35654,0.3279436294950504
2352,78.6447009192788,1.1798526218959264,31.356483,0.3517668206814277
2353,76.71039259677747,1.1807910374232702,31.34601,0.3430699191697907
2354,48.697740073475394,1.177412850516183,31.324726,0.21567428718558349
2355,95.3424297297176,1.1778831481933594,31.314081,0.4273648741418846
2356,81.55207385542835,1.177755628313337,31.306742,0.36478020017688784
2357,72.14788318720656,1.1780341012137276,31.298153,0.3221323938043049
2358,70.13865773532292,1.179623740059989,31.295513,0.31315109368978644
2359,68.41398073038239,1.180337633405413,31.298756,0.3053862472818931
2360,68.58297095690527,1.1821692330496651,31.303173,0.30630924522597436
2361,72.636094998019,1.1804722377232142,31.301771,0.32455558825400144
2362,58.05635683191845,1.1961370195661272,31.271461,0.2597359015370477
2363,63.71641325953637,1.2578413827078683,31.241156,0.29068075676737415
2364,78.63000201348397,1.2861589704241072,31.22692,0.360766234533898
2365,71.98843592028322,1.2752979823521204,31.214296,0.32970384380441675
2366,70.1635081887099,1.264183589390346,31.204685,0.3204753591261426
2367,69.04600374674044,1.2593160356794084,31.204933,0.314989559009205
2368,69.36800150460179,1.257992880684989,31.209682,0.31633778275972824
2369,70.00777285111194,1.2592920575823103,31.209557,0.31935154550893685
2370,83.16964221790619,1.2642686026436942,31.204493,0.3794979980311546
2371,84.03515222422048,1.2735028948102678,31.205595,0.3842127802952232
2372,80.68897490789496,1.2800418308803014,31.205729,0.3695871456408708
2373,69.30536623443432,1.2800483703613281,31.211172,0.3179345303500362
2374,67.64179330925374,1.2799813406808036,31.210629,0.3103803446104555
2375,69.13392573260113,1.2962651933942522,31.214918,0.31853963550497943
2376,68.84644598461078,1.318014417375837,31.218857,0.31909003109987166
2377,71.70912769399915,1.3174918038504464,31.211933,0.33203489160822836
2378,81.70478430114433,1.313246590750558,31.188368,0.3770281822284225
2379,84.48279883381925,1.3112373352050781,31.17612,0.38946207996674886
2380,83.74156567147033,1.3098602294921875,31.169674,0.3859812878018119
2381,84.41117210941762,1.305319104875837,31.155128,0.3886323497477044
2382,79.35508264517698,1.3003387451171875,31.149576,0.3652655828399605
2383,79.08400366398531,1.2966924394880022,31.153494,0.363724593405901
2384,78.96085889340644,1.294675554547991,31.168688,0.3629938177527916
2385,80.75234947369141,1.293642861502511,31.184275,0.3710346428918241
2386,85.33307694877968,1.291527339390346,31.197523,0.39163929559162125
2387,82.15581425138929,1.288219996861049,31.20973,0.3769403928725817
2388,50.18225567533019,1.2848292759486608,31.213476,0.2315710638136372
2389,87.75848691282106,1.282269069126674,31.223137,0.4018550318338505
2390,82.6066232907773,1.2810750688825334,31.231655,0.37837660087135905
2391,60.959775408114254,1.277667454310826,31.231407,0.27986332496870464
2392,61.14624773413908,1.2753235953194755,31.234995,0.2805095529298019
2393,66.14959851271799,1.279031481061663,31.237354,0.3035284975934932
2394,59.50620499711806,1.2880712236676897,31.244425,0.27415500629796596
2395,88.53889900155683,1.2868903023856026,31.252636,0.4057902670432493
2396,59.79190541017501,1.2819023132324219,31.247475,0.2749252707737696
2397,79.38696206370108,1.280285426548549,31.256401,0.36370003133402445
2398,89.2452388424773,1.2801050458635603,31.268518,0.4084166209588758
2399,72.98813251969213,1.277794429234096,31.272635,0.3344528755436298
2400,73.69895824515271,1.2756756373814173,31.27302,0.33749755366605205
2401,91.61255140064092,1.2762974330357142,31.282415,0.41883358766775314
2402,76.89576332180759,1.2790320260184151,31.292877,0.35228931280719444
2403,80.20812901143499,1.2755966186523438,31.295252,0.36702620488713394
2404,76.20129055203633,1.2759573800223214,31.29988,0.3488759250209001
2405,69.81283621046413,1.2794532775878906,31.305344,0.32018642631667765
2406,68.40390879478828,1.2801955086844308,31.311378,0.3138567117438944
2407,69.15068136985703,1.277914319719587,31.316526,0.3170506491586653
2408,71.38199828362353,1.2744315011160714,31.319565,0.3268782344326883
2409,76.46456854421506,1.2723045349121094,31.31921,0.3497590249310558
2410,79.7744229623763,1.2712653023856026,31.310944,0.364688874766534
2411,82.75254694114157,1.2685999189104353,31.302181,0.3779748135004665
2412,79.28358107439578,1.2710151672363281,31.29324,0.3624403453598091
2413,76.8344563350507,1.2710511343819755,31.297606,0.35133049877153977
2414,75.00707416775133,1.275177001953125,31.299314,0.3433906101952599
2415,77.03757080508886,1.277993883405413,31.29629,0.3528442290899454
2416,75.96060404905148,1.2741524832589286,31.30364,0.34762988221426494
2417,73.79001387272444,1.270927974155971,31.313416,0.3375058246330281
2418,78.44594725838134,1.2676740373883928,31.315636,0.3583546372075394
2419,79.8421809863061,1.2641410827636719,31.31252,0.36438875321396563
2420,82.8954676273325,1.261803218296596,31.30649,0.37804367460912947
2421,80.27726898820947,1.2604626246861048,31.3025,0.36604925743007627
2422,74.86980609418255,1.261288779122489,31.296484,0.34158332826209026
2423,70.82630691399662,1.2604598999023438,31.289051,0.3231652442582162
2424,65.91334865396237,1.2612113952636719,31.285814,0.30093676483994597
2425,63.90987216698299,1.2620435442243303,31.28334,0.29191694976895244
2426,64.31852986217459,1.2637765066964286,31.284386,0.293919027815336
2427,64.44130283282092,1.263174329485212,31.28386,0.29442475529512296
2428,67.6493549045568,1.262759072440011,31.277138,0.30894589096679403
2429,72.83185353299531,1.2618800571986608,31.274023,0.3323865356974211
2430,74.70972079565378,1.261605943952288,31.273762,0.3408839892620411
2431,72.73012386152159,1.260542733328683,31.280128,0.33181088606447146
2432,71.84139718892934,1.260770525251116,31.283108,0.32779771173843125
2433,70.19263477813882,1.2617574419294084,31.285923,0.3204006123384968
2434,68.05688239441866,1.2610729762486048,31.286493,0.31065125357583584
2435,70.57453826932547,1.2601470947265625,31.279648,0.32199616603499104
2436,70.41599982540225,1.2591547284807478,31.282831,0.32119216532955425
2437,71.33448171752892,1.2622806004115514,31.28524,0.32562636416028357
2438,73.29178144151611,1.2666140965053014,31.285149,0.3348771929928891
2439,77.8566443675446,1.2659045628138952,31.283617,0.35552976695726346
2440,80.13098511384827,1.2649732317243303,31.286964,0.3657701712259845
2441,81.66491237304649,1.261613028390067,31.282522,0.37244380494426743
2442,79.41217956155471,1.2640680585588728,31.290903,0.3624313921982576
2443,78.09141641373748,1.2646587916782923,31.302452,0.3564888031857389
2444,78.59861591695494,1.2620348249162947,31.308142,0.3585664436899778
2445,82.2494957825502,1.2631476266043526,31.309828,0.37522722959840094
2446,81.40125646885733,1.2664320809500558,31.323359,0.37165844777177576
2447,85.20715999189542,1.2654500688825334,31.330072,0.38884400246498946
2448,86.2678064279735,1.2623983110700334,31.33605,0.3933964275445568
2449,85.5661674336099,1.2600222996303014,31.343912,0.3900101045416215
2450,86.99649972987994,1.2575999668666296,31.33668,0.3962936599642596
2451,86.65241415803234,1.2563274928501673,31.341087,0.3946238499792507
2452,83.65642037298386,1.2648369925362724,31.352314,0.3817552299094667
2453,83.78499638723535,1.2762581961495536,31.367662,0.38331267711413713
2454,85.03227162063747,1.2758925301688058,31.384779,0.3889410087718834
2455,87.93057920861429,1.274264199393136,31.393562,0.40195322311918236
2456,91.20840223090381,1.2731105259486608,31.386105,0.4167279705094213
2457,90.26684522204675,1.2730794634137834,31.39063,0.4124530024565443
2458,89.10508217367142,1.2739780970982142,31.39431,0.40725813571761615
2459,88.26147656819956,1.2767671857561385,31.394415,0.4036681331556941
2460,68.07131280388978,1.2835328238351005,31.394815,0.3126321718187347
2461,68.28991460382653,1.2833290100097656,31.396183,0.3136066965926127
2462,68.68111330327861,1.2817001342773438,31.39326,0.315242847170202
2463,68.33667742516236,1.2791453770228796,31.390446,0.313462090877948
2464,68.72488093062147,1.287705557686942,31.39063,0.3159536026931938
2465,69.11519631870013,1.3961176191057478,31.394403,0.3269703518674279
2466,69.4070969831769,1.4498350960867745,31.397417,0.33287603283355505
2467,70.78221904452084,1.4305839538574219,31.397322,0.33747386245710365
2468,73.06322856867006,1.4092668805803572,31.396929,0.3460059717907579
2469,75.97707354777334,1.4152663094656808,31.394285,0.35973920433061735
2470,80.53081121931784,1.418898446219308,31.394129,0.3807115675090716
2471,80.95316548966406,1.4000189644949776,31.396368,0.38101790548339376
2472,81.70184779936086,1.3858157566615514,31.39493,0.38320376437569204
2473,80.46773920575424,1.3758839198521204,31.395905,0.37675697583969153
2474,78.51219502714713,1.379896981375558,31.393261,0.36822593116630065
2475,74.58486276949616,1.3804713657924108,31.393917,0.3504546294161469
2476,80.67606125511318,1.3790435791015625,31.390915,0.37797170282884784
2477,84.97941028999053,1.389584677559989,31.391521,0.39839714256186465
2478,86.65628135419061,1.4043066842215401,31.394493,0.4072614871192461
2479,86.33263962573389,1.4086014883858817,31.390715,0.4061592346065412
2480,87.96972266909162,1.4000810895647322,31.38564,0.412860861869966
2481,90.09491614212813,1.3964620317731584,31.382738,0.422195292709647
2482,87.29232798525659,1.4019709995814733,31.370447,0.40994835754255554
2483,84.4728310833699,1.414191654750279,31.36216,0.3981970908143263
2484,82.20798668159846,1.417217799595424,31.362799,0.3881784279727495
2485,82.05566900164658,1.41168212890625,31.370636,0.38701518798108003
2486,85.62587167138717,1.4065115792410714,31.381329,0.40277403854978056
2487,86.68869611667031,1.4148826599121094,31.393288,0.40831051877246055
2488,89.6612944670126,1.4206047058105469,31.409504,0.422286688968938
2489,94.54847548329518,1.4192003522600447,31.42543,0.44434252641531735
2490,96.64303859789305,1.4173322405133928,31.435223,0.4536872975716655
2491,77.99925172436836,1.4152172633579798,31.43158,0.368910663654737
2492,64.7923096581443,1.4140407017299108,31.420454,0.3088837670486392
2493,87.457344441083,1.413675035749163,31.416756,0.4116952741777449
2494,87.52907026880486,1.4168668474469865,31.403765,0.4122929372805493
2495,85.16010074838216,1.4176412309919084,31.398363,0.4016097696083249
2496,82.56031100276732,1.4289398193359375,31.393139,0.390776788537925
2497,86.06123557648293,1.4304368155343192,31.39145,0.406789916878094
2498,94.62387002170075,1.425915309361049,31.390842,0.44525730024994714
2499,95.7852914549989,1.426948002406529,31.392595,0.45061532598996207
2500,82.72982507240708,1.4249322073800224,31.399487,0.39120417871514235
2501,52.010077352644394,1.4183344159807478,31.39423,0.25125051360769385
2502,78.80448794225197,1.4171082632882255,31.388996,0.372725696329915
2503,79.7918371607675,1.4168265206473214,31.384771,0.3771817698075267
2504,81.19180807461379,1.419480460030692,31.37577,0.3837604793708961
2505,82.51953095261794,1.4300270080566406,31.37036,0.3906844674573753
2506,81.7978534490556,1.4339000156947546,31.359966,0.3877401538972559
2507,79.68490481479071,1.4338526044573103,31.365356,0.37814859707465565
2508,75.84769550376988,1.4328487941196986,31.386545,0.3606516356063144
2509,52.12432570846296,1.429443359375,31.38936,0.2527163185542242
2510,79.74713417989153,1.4315670558384486,31.393616,0.3782360449454372
2511,84.30858399818443,1.4334286281040736,31.396507,0.39909240320667816
2512,82.82239181453079,1.4305877685546875,31.39634,0.3921065231754567
2513,81.39184524953514,1.427013942173549,31.407494,0.38531062586371384
2514,78.75783336266423,1.424147469656808,31.417757,0.37311432467736516
2515,79.40122686064831,1.423571995326451,31.422115,0.37598464732273307
2516,61.08709139668967,1.4226455688476562,31.429478,0.2928051710947416
2517,61.00352571477092,1.422647203717913,31.428017,0.2924261308823927
2518,85.49094871726882,1.4200935363769531,31.428444,0.40332013331521965
2519,81.900119599573,1.4202384948730469,31.428638,0.38703909332668973
2520,76.95811009178638,1.415679931640625,31.433315,0.364225936725922
2521,75.26881720430107,1.4205774579729353,31.42863,0.3569784381184611
2522,74.92259064848446,1.4241256713867188,31.43163,0.35571003545530216
2523,52.19183339640864,1.4143175397600447,31.408035,0.251732661711746
2524,31.95048417073366,1.4027361188616072,31.3522,0.1588997563314958
2525,100.22443864714887,1.398087637765067,31.323254,0.4682966806981985
2526,89.46222123517697,1.397306169782366,31.3095,0.4193964273756401
2527,75.2286618066172,1.3953181675502233,31.299906,0.35464204812009026
2528,76.07003074642455,1.3947623116629464,31.289057,0.35841235829573015
2529,69.72048127648534,1.4009557451520647,31.273394,0.33012944421061863
2530,72.05690499485884,1.4105262756347656,31.256485,0.34154717909583143
2531,71.58181208065935,1.4298368181501115,31.245317,0.3410383013998598
2532,70.70827006445208,1.447211674281529,31.240273,0.33855637831625235
2533,73.30651756519813,1.4455909729003906,31.237595,0.3502077193922639
2534,75.90205008791628,1.4436541966029577,31.217215,0.3618197854687726
2535,77.35392672157384,1.4440067836216517,31.209003,0.36843775152955566
2536,80.06909122646923,1.4422661917550224,31.194263,0.3806093794071177
2537,79.83638676362432,1.4387773786272322,31.185207,0.3792559459261019
2538,72.13623718206975,1.438800266810826,31.180122,0.34431843626796843
2539,63.8881364001176,1.457723890032087,31.172773,0.30850650457224316
2540,61.01542285365068,1.4848883492606026,31.162922,0.2977882175484068
2541,61.224489795918366,1.4805919102260046,31.154387,0.29837044705279264
2542,61.5834812095419,1.4670279366629464,31.1499,0.2988425975704263
2543,63.49597994726972,1.4602083478655135,31.13827,0.3069389746791968
2544,66.59947423010306,1.458207266671317,31.130173,0.32085043530671487
2545,69.02769433399875,1.4622056143624442,31.125832,0.33220948495863606
2546,69.39910778428224,1.4575767517089844,31.11588,0.33350001239749955
2547,68.22951995663726,1.4477718898228236,31.102737,0.3273568158982535
2548,64.24030836829274,1.4434144156319755,31.104464,0.3088841333781584
2549,61.22788707340148,1.4389305114746094,31.105259,0.2948328586782667
2550,63.1654114515944,1.4396978105817522,31.09393,0.3036898212909403
2551,63.675524976069546,1.437225341796875,31.087288,0.3057936043609457
2552,67.25251691174219,1.4372923714773995,31.069397,0.322029937036428
2553,74.96102804744808,1.5482946123395647,31.05449,0.3664739286146332
2554,72.18487663187504,1.6196212768554688,31.05952,0.3599600721595615
2555,72.56514355302834,1.5788089207240514,31.051529,0.35820494019248145
2556,67.95616317030327,1.5520869663783483,31.050991,0.3350127471294322
2557,64.8230986942516,1.5351905822753906,31.055218,0.3193554816011447
2558,67.65232639525722,1.5241748264857702,31.033995,0.3312536591456566
2559,74.17425937851341,1.5172620500837053,31.02568,0.3602574165329257
2560,70.24146644600049,1.5152435302734375,31.029175,0.34224020664048
2561,73.00896472480981,1.513329097202846,31.031836,0.35463447356448674
2562,76.93161598110133,1.5088119506835938,31.037888,0.3720482851943288
2563,83.80754449564412,1.5071541922433036,31.05277,0.40310646181617177
2564,78.65936530545338,1.505068642752511,31.060715,0.3795687151029832
2565,74.05851618712339,1.504732404436384,31.06493,0.3586636672020731
2566,73.88947608956725,1.512070792061942,31.06499,0.358522485774201
2567,74.00565364015077,1.5273922511509486,31.063604,0.3603562998666466
2568,75.61325736396945,1.5249497549874442,31.06207,0.36744250555669516
2569,78.69061233899315,1.522238050188337,31.052319,0.3811747549448351
2570,76.92494165768453,1.5366221836635046,31.051287,0.37438973682835885
2571,75.11072739573524,1.5426314217703683,31.063211,0.3666702169180896
2572,73.81761405476881,1.5333998543875558,31.061235,0.3600154150733143
2573,68.18425586525414,1.5286363874162947,31.07256,0.3340477860968203
2574,70.34504302127345,1.5183110918317522,31.07839,0.3429717962382486
2575,73.33098206018637,1.5146544320242745,31.076658,0.3562086569532216
2576,74.43731965658309,1.5124053955078125,31.08986,0.36103686424162773
2577,74.81426698910997,1.5053400312151228,31.083828,0.36214470984917047
2578,74.18771359502652,1.506483895438058,31.081915,0.35939927316691395
2579,70.45205860973877,1.503131321498326,31.09167,0.34216280559123363
2580,69.64446304841833,1.4990942818777901,31.08373,0.3381540469672921
2581,69.6165296924093,1.4964381626674108,31.08995,0.3378007777832524
2582,68.73589864222265,1.5003035409109933,31.087082,0.3341345611694968
2583,68.83143367532445,1.5043950762067522,31.091066,0.33491698965153416
2584,73.73690195263246,1.4933787754603796,31.092422,0.35623607120705336
2585,71.08129679760133,1.4886093139648438,31.09144,0.34377949811786745
2586,73.24621976607726,1.4788028172084264,31.097166,0.3527665191775338
2587,76.13528773763619,1.4785728454589844,31.08701,0.3658560647929397
2588,79.52471390309314,1.5000207083565849,31.083254,0.3830647357437519
2589,75.57518098148368,1.5163367135184151,31.090815,0.36653518893698095
2590,74.58538429126034,1.5137993948800224,31.084532,0.36182759241742507
2591,78.92232983624262,1.517040797642299,31.0661,0.3817829374801972
2592,78.684631232632,1.5175552368164062,31.059227,0.3807482518984083
2593,78.10879982203147,1.5170135498046875,31.044561,0.3780892177908892
2594,80.5681801991762,1.5042681012834822,31.039263,0.3881616983676083
2595,81.46312797369959,1.5033133370535714,31.03788,0.39214110268751173
2596,82.46779255811096,1.5064337594168526,31.038925,0.3969658910979875
2597,86.94625571528775,1.498511723109654,31.03706,0.4166113228395125
2598,85.62282648524967,1.4924523489815849,31.040092,0.41008949625450464
2599,83.03192818506903,1.4915079389299666,31.041912,0.39825274214987777
2600,78.20752469149033,1.4834861755371094,31.043262,0.37567787170184574
2601,76.68828564966631,1.4874708993094308,31.0431,0.36912414672621974
2602,75.25528623001557,1.4975673130580358,31.046284,0.3634829568490967
2603,75.25243766138667,1.4938839503696986,31.045403,0.3631559037259016
2604,79.85839284960983,1.4905101231166296,31.044174,0.3837677154116585
2605,80.49290479253202,1.4893242972237724,31.046997,0.3865456854317547
2606,80.7617775329646,1.486748286655971,31.051636,0.3875460070732569
2607,75.96303042569026,1.4824349539620536,31.06084,0.3654038181903956
2608,74.01460799224142,1.478991917201451,31.07549,0.35626921102656395
2609,74.21536975002181,1.4756769452776228,31.098074,0.3568974580500863
2610,77.68855384391283,1.466021946498326,31.110859,0.37183363973821393
2611,82.23915246331397,1.460684095110212,31.091644,0.39202677314699164
2612,82.16110862542084,1.4695963178362166,31.08552,0.39243270880596653
2613,79.82231338909853,1.4722600664411272,31.087729,0.38204758754621576
2614,76.78244783887912,1.4680840628487724,31.098179,0.36789804306349266
2615,74.43810448947472,1.466315678187779,31.093082,0.357109762184352
2616,80.22834998976451,1.4914888654436385,31.08375,0.3855298674677528
2617,76.31764820972609,1.5349131992885046,31.082272,0.37148839312592036
2618,72.89217927501855,1.5869854518345423,31.082527,0.3603861841949599
2619,71.53485849704889,1.5896546500069755,31.075104,0.3544549722384417
2620,71.98497910818698,1.5774438040597099,31.069105,0.3554560204818959
2621,74.07407407407408,1.5615637642996651,31.065943,0.36358100249461306
2622,77.42621178677057,1.5610782078334264,31.06,0.3787499320416162
2623,76.22504537205081,1.5559125627790178,31.062115,0.37285909328139893
2624,75.00653163082617,1.5490946088518416,31.066565,0.3667486273149312
2625,77.60452138824355,1.5890753609793526,31.061396,0.38194669011293503
2626,76.5543744398641,1.6892814636230469,31.058443,0.3857275075884008
2627,73.09007300515269,1.71282958984375,31.069384,0.3720164767463464
2628,68.77729768164464,1.8406432015555245,31.063465,0.36334755155748244
2629,77.18505369542878,1.8717215401785714,31.059183,0.4041482302197872
2630,74.54029381304849,1.8081468854631697,31.064913,0.3867257921196152
2631,71.6437567360593,1.7681623186383928,31.073536,0.37017274425507973
2632,72.92798650823264,1.7352970668247767,31.072475,0.37319709942890156
2633,78.56875316720584,1.7133265904017858,31.07282,0.3969183970239315
2634,74.30864974696473,1.6975081307547433,31.07619,0.3762391159588793
2635,72.05167269196441,1.6871452331542969,31.079401,0.3651142953085392
2636,72.03900430974437,1.677206311907087,31.083694,0.36420919276959657
2637,72.84386019358082,1.6662379673549108,31.084013,0.3669258179100876
2638,72.79029462738302,1.681685311453683,31.08484,0.3680001577194133
2639,73.59654346024172,1.7464746747698103,31.08474,0.37718393790889915
2640,75.60459675948285,1.7704713003976005,31.08226,0.38834198937018183
2641,75.44332225754903,1.7696358816964286,31.087902,0.38753895872643274
2642,75.90997129120773,1.7690179007393974,31.081802,0.3896036775227215
2643,74.94957512474248,1.7608560834612166,31.081982,0.3845498126349762
2644,76.14999708383795,1.7547961643763952,31.081957,0.38947992512927954
2645,73.52732995558364,1.7426539829799108,31.080608,0.37654404178537637
2646,68.42313316674402,1.7839747837611608,31.079386,0.3569076834106161
2647,73.36915574830748,1.8722599574497767,31.07678,0.3868794947485017
2648,70.4089492623836,1.8897912161690849,31.080387,0.37494266117863306
2649,71.54834129436466,1.883822304861886,31.076794,0.37960361152209177
2650,76.17286785051304,1.8774021693638392,31.076845,0.40003989296776243
2651,73.81462665803828,1.860934121268136,31.080542,0.38793492112223427
2652,73.77370973212732,1.8474649701799666,31.0836,0.3866005725730033
2653,72.19280383606754,1.845670427594866,31.084623,0.3792741615777171
2654,70.83336014465243,1.834693363734654,31.085026,0.3721695245401409
2655,69.47256558013801,1.8186841692243303,31.08149,0.36462960338031425
2656,68.06280080184325,1.8072215488978796,31.078873,0.35725522454839476
2657,71.25234272184585,1.7978722708565849,31.07245,0.3709304514016257
2658,71.08349909542352,1.7914575849260603,31.073797,0.3696172599171694
2659,67.89791347726859,1.8020117623465401,31.07044,0.35606274207417915
2660,69.11734902199228,1.8008471897670202,31.071682,0.3614966179802513
2661,68.78864526192092,1.7876150948660714,31.067797,0.35887665227266674
2662,67.81746090955843,1.777560097830636,31.07092,0.3536123801475588
2663,71.59982646156769,1.8168433053152901,31.070904,0.3741250645670906
2664,78.54587090310577,1.9675243922642298,31.078276,0.4184932860226644
2665,82.3529411764706,1.9771695818219865,31.0782,0.436590453075015
2666,84.44605309996705,1.9296379089355469,31.088778,0.4420343200265761
2667,84.48510883102493,1.8908952985491072,31.106953,0.43890745467792075
2668,82.06368352610146,1.864105224609375,31.121647,0.42563549269324935
2669,82.65083092485386,1.8419581821986608,31.134928,0.42641091324788405
2670,91.64920902185072,1.8265904017857142,31.139894,0.46593048393634434
2671,79.91395348837398,1.833559853690011,31.147154,0.41327608665091975
2672,70.0347267705497,1.834205082484654,31.158148,0.36850408016770897
2673,70.56492713275686,1.8296748570033483,31.158504,0.37052351595875255
2674,70.67786538174401,1.8206138610839844,31.16447,0.37026322603472905
2675,70.56773281756443,1.8144340515136719,31.170792,0.3692364671754922
2676,71.31908948451677,1.8076771327427454,31.180569,0.3720695018562536
2677,72.92970044345675,1.8063806806291853,31.183577,0.3792670908109912
2678,75.02662424157566,1.8068787711007255,31.185923,0.38882437008836246
2679,73.55044489728738,1.7996439252580916,31.199404,0.3815091916091732
2680,74.52163707014824,1.787550789969308,31.201273,0.3848846429928676
2681,73.36231364962497,1.78485107421875,31.204771,0.37939396851886514
2682,69.2746178540553,1.781557355608259,31.210966,0.360565133613531
2683,64.77293831630904,1.7941954476492745,31.221445,0.34121655620066105
2684,67.9175677987594,1.8195996965680803,31.221132,0.35765187309984586
2685,67.78041654674699,1.8126569475446428,31.236414,0.3564374511650843
2686,69.66899297333615,1.7957022530691964,31.244257,0.36356092981360527
2687,72.09322526503958,1.7817884172712053,31.244766,0.3733742823855279
2688,75.53086884373909,1.816986083984375,31.245888,0.39197436274730246
2689,76.00152316781625,1.955665043422154,31.251463,0.4059368980301552
2690,72.31545771423419,1.9913553510393416,31.263332,0.3922551320480353
2691,68.37929141056452,1.9658971514020647,31.269072,0.3722236123684759
2692,71.93656831550541,1.936708722795759,31.265066,0.3858754986448472
2693,72.9080955425562,1.924391610281808,31.265186,0.3892333689184181
2694,71.97821992161086,1.9184128897530692,31.27601,0.3845041718864706
2695,76.29212982501426,1.942654745919364,31.27591,0.40614597150520904
2696,74.54839442712732,1.9354449680873327,31.280016,0.3976188941614015
2697,71.92551797166597,1.9167943681989397,31.294754,0.3841270044047026
2698,75.2321680593971,1.9070587158203125,31.300482,0.3983006589581033
2699,74.76607619261875,1.9020685468401228,31.30695,0.39576018920277756
2700,75.21202126602195,1.9125420706612724,31.312874,0.3986768790195988
2701,75.46717596889997,1.91302490234375,31.315536,0.39987582184439086
2702,75.22554946721436,1.9085606166294642,31.3093,0.39839871347499556
2703,73.59313383092437,1.9047938755580358,31.307835,0.39067038207178784
2704,73.67560758288012,1.894578116280692,31.296446,0.3901733778322478
2705,72.62807088282611,1.883817400251116,31.295958,0.38450247086401274
2706,72.19796413430359,1.895341055733817,31.286205,0.38353363003458685
2707,72.20477208933272,1.900601523263114,31.28837,0.38401314891314764
2708,73.83405132774269,1.8917808532714844,31.284796,0.39065375839193184
2709,75.85821733392854,1.8861503601074219,31.292051,0.39935823569341766
2710,77.5353963047934,1.9255294799804688,31.288198,0.41032680668929356
2711,77.1811230400866,1.9527669634137834,31.287994,0.41104218091847355
2712,74.16774045725656,1.9581429617745536,31.280598,0.3978274251271658
2713,72.71480231391901,1.949012211390904,31.282288,0.3904560155214683
2714,70.98617441839642,1.9528895786830358,31.284271,0.38294303205905406
2715,73.11031398404722,2.13494873046875,31.281475,0.40810785087227686
2716,74.73013471507497,2.28332029070173,31.287659,0.42811134642300863
2717,80.42153000922092,2.2908248901367188,31.28465,0.45457609064553783
2718,80.13161629968756,2.3068640572684154,31.283083,0.45462847210969526
2719,79.37457724549957,2.305572509765625,31.290472,0.4510832572924688
2720,81.32120093311626,2.2845676967075894,31.280172,0.45812471991084946
2721,78.09675890912652,2.282374245779855,31.273401,0.4433067366652662
2722,72.81441165933276,2.3138111659458707,31.26982,0.42201909413512906
2723,72.29933418368246,2.314542497907366,31.278538,0.41974429797503154
2724,71.35568462885826,2.2969692775181363,31.287405,0.4139637894678081
2725,73.34183021708021,2.2773333958217075,31.292204,0.421301329270527
2726,79.97553228692543,2.260969979422433,31.302773,0.4500062616902628
2727,89.25903195954433,2.2888570513044084,31.294643,0.4945084705689037
2728,86.51576470588273,2.327470506940569,31.286469,0.48535394989158415
2729,79.45565380815914,2.3098182678222656,31.287653,0.45181323296232534
2730,71.6936125099374,2.3070406232561385,31.284018,0.4163560519128736
2731,68.25335858779742,2.300266810825893,31.275288,0.4001681948957111
2732,66.68020757252711,2.293212345668248,31.275145,0.3924283904270903
2733,66.54425903253421,2.277527400425502,31.276863,0.39047386624435515
2734,68.20390525412024,2.2846706935337613,31.284796,0.3986137185835291
2735,70.68955842798697,2.4351114545549666,31.277533,0.42272239991919347
2736,70.74676692954127,2.497249058314732,31.279253,0.4282812567468337
2737,71.67235494880546,2.501582554408482,31.272533,0.432850689310887
2738,73.37206421482645,2.45715822492327,31.266308,0.43677449317771694
2739,71.7738122476248,2.4296722412109375,31.2629,0.42717833454957677
2740,72.05598373174269,2.411912645612444,31.269415,0.42694409963211444
2741,73.19551752255927,2.4307757786342075,31.269213,0.4337234411448364
2742,69.19275123558485,2.48462404523577,31.26808,0.4201532065820278
2743,69.66258950934686,2.464672633579799,31.278074,0.42058358616677205
2744,70.71777435519911,2.425328935895647,31.271383,0.42201614857012004
2745,74.01562509264159,2.3971922738211497,31.264853,0.43458058516839343
2746,71.46831962978148,2.3774119785853793,31.26688,0.42133525545528044
2747,68.23646037403256,2.364652361188616,31.264704,0.40558250351747616
2748,67.59821216739533,2.3524366106305803,31.258356,0.4016446553205457
2749,69.83746615415254,2.3401707240513394,31.25416,0.4107592098777036
2750,73.68813392329547,2.3273397173200334,31.254816,0.42713736629094
2751,72.12868989955784,2.344794682094029,31.258102,0.42154999181211616
2752,74.38200018846396,2.3972157069614957,31.252855,0.43624501217655653
2753,74.92439184746948,2.3960249764578685,31.250471,0.43860456773549394
2754,72.13179976851869,2.3711160932268416,31.259356,0.4238088682650481
2755,75.42314295375483,2.3689607892717635,31.27275,0.4385595415306429
2756,83.57953363189286,2.414863041469029,31.266489,0.4794838747606167
2757,80.37173187463627,2.451469966343471,31.267807,0.46805040409192444
2758,70.77538387532404,2.471600668770926,31.277834,0.42622373806214003
2759,68.13000504720873,2.663956778390067,31.274475,0.4306250008712206
2760,68.4808577269961,2.746495928083147,31.270412,0.43925617174408804
2761,70.22140290318708,2.702909197126116,31.276524,0.4434367015318173
2762,74.28493307553735,2.6571524483816966,31.272636,0.45797272032672864
2763,79.91598768785083,2.6164774213518416,31.266205,0.4800547717637563
2764,75.71493892481432,2.5916840689522878,31.26877,0.4588780468716708
2765,69.24153103507298,2.653881617954799,31.272442,0.43480931622149577
2766,66.98429145972295,2.7393787928989957,31.274052,0.43185852621719545
2767,67.33372945752653,2.6962558201381137,31.27648,0.42976645186760837
2768,71.74215562225346,2.621706281389509,31.270779,0.4434119060163896
2769,81.37173984233581,2.557953425816127,31.241339,0.4816691592477388
2770,87.83628560708681,2.5731375558035716,31.211046,0.5122970094182056
2771,86.0963356973997,2.613952091761998,31.19318,0.5078827599169595
2772,85.78502097264551,2.6153646196637834,31.183722,0.5065906324525944
2773,80.23949896363392,2.5872889927455356,31.1718,0.4790334326803587
2774,77.3717078322882,2.5713958740234375,31.159464,0.46466540743536033
2775,83.84573608598778,2.5648705618722096,31.14524,0.49348484096981093
2776,87.59286906021583,2.526587350027902,31.133806,0.5072225707810227
2777,89.27550990758692,2.5147743225097656,31.121733,0.5138501119590321
2778,81.21077995308573,2.521618434361049,31.116644,0.4778400508128022
2779,74.10455906791435,2.515465327671596,31.110048,0.44507078860191895
2780,76.40966796986467,2.5072054181780135,31.096413,0.4548258013298172
2781,79.10130311148858,2.5101770673479353,31.094189,0.4672925380473665
2782,76.95849052666355,2.575854165213449,31.088482,0.46317064800080454
2783,78.10922225913401,2.8086744035993303,31.077293,0.4882476756173959
2784,76.29090919835384,2.8338835580008372,31.077099,0.4821469813008523
2785,79.1544568170923,2.7560506548200334,31.06646,0.48850252771341773
2786,72.75122205017892,2.700822557721819,31.067835,0.4547378121297474
2787,73.74101832845594,2.6858716692243303,31.06426,0.45795396233397234
2788,74.71001460928288,2.670696803501674,31.061132,0.46105663104094985
2789,77.79768574792352,2.6538919721330916,31.05588,0.47363378782441784
2790,76.51691935577512,2.633568899972098,31.056519,0.4660890949840041
2791,77.63401109057301,2.6225509643554688,31.056202,0.47021826236421416
2792,77.0472395976806,2.6712188720703125,31.061607,0.4717063229168572
2793,78.22602976808575,2.741474151611328,31.065027,0.48304666002462326
2794,82.74687247113337,2.7562501089913503,31.05452,0.504820139117158
2795,78.3423282740736,2.820868355887277,31.052763,0.4903453303694052
2796,70.91362048853611,2.7911104474748885,31.057812,0.45409969730037325
2797,70.02671303210333,2.720379420689174,31.05672,0.4440432061653604
2798,70.50189001941526,2.679887499128069,31.057194,0.4427460566079088
2799,70.30010171341539,2.6555867876325334,31.06115,0.43975800695673106
2800,70.80406272262678,2.6424364362444197,31.064219,0.4409232325187834
2801,70.07971383968521,2.6351716177804128,31.06816,0.43701693181934276
2802,70.19096834793113,2.620166233607701,31.070518,0.43624204744072426
2803,71.70959928732019,2.6173667907714844,31.066122,0.44289409730558016
2804,74.84073088811863,2.6043613978794644,31.066177,0.4559924831286883
2805,70.71082277934089,2.599571772984096,31.064682,0.4368445344948204
2806,69.29268729479654,2.5943407331194197,31.071026,0.4299636205962757
2807,71.81227863045993,2.604597364153181,31.086016,0.44227099194975095
2808,70.55730784577128,2.644190652029855,31.103094,0.4399531857625076
2809,76.22852747223467,2.6728368486676897,31.114456,0.46812939883262455
2810,80.30014429998543,2.6697055271693637,31.119486,0.48633732951064723
2811,80.17221356366943,2.6641627720424106,31.113024,0.4852841411987619
2812,80.44324261327945,2.657245091029576,31.108633,0.4859239769985325
2813,75.34065399420602,2.648548126220703,31.109356,0.4620292572422472
2814,72.08769899427526,2.6341585431780135,31.110983,0.4460417751314133
2815,69.69247574820764,2.6338653564453125,31.108572,0.43514843561272054
2816,69.70506652833004,2.6439421517508372,31.1118,0.4360649443268143
2817,71.33058889554552,2.653151375906808,31.111435,0.444226148054089
2818,76.86409967831415,2.6821888514927457,31.105124,0.47181087604808414
2819,77.2910948417427,2.7371918814522878,31.109936,0.47843918452434686
2820,73.28625272011448,2.7551727294921875,31.116972,0.4618006545601825
2821,69.99669351087539,2.7376114981515065,31.108505,0.44537659343271546
2822,68.70699598297738,2.716630663190569,31.11476,0.43773527962818265
2823,70.23333899437782,2.7936864580426897,31.123304,0.4512326066809438
2824,79.01897416715722,3.0339459010532925,31.111347,0.5115874779807226
2825,83.25842518879459,3.119447980608259,31.111267,0.5381158675990463
2826,76.81098897530468,3.073547908238002,31.110115,0.5049461084564537
2827,71.19099689995284,2.993220738002232,31.112812,0.4725948390120856
2828,68.36112726784539,2.9459495544433594,31.122566,0.45572287139654655
2829,73.57946165243817,2.9123028346470425,31.117865,0.4765315972289833
2830,75.35528223258298,2.8983312334333147,31.123215,0.4833978524888516
2831,72.8812056141533,2.880835396902902,31.127293,0.470679624158552
2832,71.83204833614234,2.8641019548688615,31.128399,0.4644919926124613
2833,71.70290717726961,2.8529434204101562,31.13802,0.4629543822402753
2834,71.65889878629014,2.840733119419643,31.131117,0.4617133645007456
2835,73.21674204720998,2.8311614990234375,31.129316,0.46796578972283065
2836,79.77904744599711,2.9254668099539622,31.126156,0.5057849058147542
2837,79.38117862824632,3.0360810416085378,31.13399,0.513413073178919
2838,82.2004110531571,3.0267464773995534,31.126646,0.5254092739536923
2839,75.35538274236573,2.9827477591378346,31.1237,0.4905975919006065
2840,73.78825200838159,2.9384803771972656,31.130972,0.4797114802452268
2841,72.5896954996274,2.9062156677246094,31.141445,0.47152139803340387
2842,70.70065729247519,2.885303497314453,31.128326,0.4611664292456126
2843,74.98855756648146,2.8649940490722656,31.123343,0.4788907470839314
2844,66.59590396058915,2.8684588841029575,31.130087,0.4411045365521345
2845,71.84894840004704,2.8671460832868303,31.133566,0.4648282887241434
2846,74.0750830092948,2.8578463963099887,31.123688,0.4741362800564709
2847,78.28002115001107,2.869783673967634,31.1164,0.4942342501019201
2848,79.42756316592178,2.901263645717076,31.114697,0.502125929151479
2849,74.16764904489929,2.9063399178641185,31.11079,0.47869196539561104
2850,72.79142545908428,2.8882953098842075,31.116114,0.4709084490891542
2851,72.61038567617572,2.877925327845982,31.110977,0.4692025984999778
2852,77.87447325329666,2.8648469107491628,31.10572,0.49197305346593856
2853,74.6881897128204,2.914261954171317,31.113003,0.48172953487056935
2854,75.14135928104838,3.011089324951172,31.114443,0.49204350952289
2855,76.64249272569958,3.0032288687569753,31.105185,0.4981845467006797
2856,76.98699854997339,2.9627167837960378,31.104755,0.496292756590052
2857,74.05666073658689,2.940753391810826,31.109556,0.4811232351996867
2858,68.79012942592166,2.9519544328962053,31.116701,0.45818158377332463
2859,68.2873248390073,2.938611166817801,31.106552,0.4547621538232699
2860,70.28919819102052,2.9138766697474887,31.104557,0.4617362338837382
2861,73.514664736424,2.9008353097098216,31.105295,0.4752595975397682
2862,76.44140647077639,2.9361866542271207,31.10451,0.4915545646835555
2863,74.7067240294509,2.943273271833147,31.111345,0.4842878027619093
2864,73.6903410911361,2.9289632524762834,31.104637,0.4784555613564927
2865,74.10117536201062,2.9160445077078685,31.09899,0.47921797602200517
2866,72.80687964242271,2.9010407584054128,31.098476,0.47206554090527786
2867,72.70601898125668,2.88641357421875,31.102444,0.4703604370182837
2868,72.0152079003758,2.889835902622768,31.105162,0.4675177447657144
2869,72.89676247261347,2.9335964747837613,31.100994,0.47524982946668104
2870,75.778791702109,2.9492601667131697,31.09861,0.48966289396818663
2871,79.37840387873213,2.9328133719308034,31.093565,0.5045935197855809
2872,77.66427901561953,2.9181153433663503,31.100609,0.49556218087732284
2873,78.72451373461477,3.0387486049107144,31.101305,0.5106609508649746
2874,77.09807327545158,3.336686270577567,31.106375,0.5286899486964551
2875,80.8859709976609,3.3550916399274553,31.097076,0.5474472134655693
2876,79.62891048834273,3.2646778651646207,31.096184,0.5340325500902984
2877,77.42929266789349,3.1951871599469865,31.095915,0.5181254082490504
2878,75.0475219643209,3.171624319893973,31.090273,0.5053086069463189
2879,77.22220266984999,3.130890437534877,31.086065,0.5117023276614447
2880,80.99871299871289,3.090071541922433,31.084051,0.5253571069628675
2881,81.64461496169328,3.05584716796875,31.086216,0.5253691371420514
2882,81.63345645138806,3.0321317400251115,31.087934,0.523295985662785
2883,82.86348879964508,3.0382902962820872,31.080158,0.5294024820339631
2884,79.82976269708851,3.0902513776506697,31.07721,0.5200683268809951
2885,69.49053752112627,3.099804469517299,31.078733,0.47396876353156076
2886,67.74384848772297,3.073154994419643,31.080608,0.4637704109343459
2887,67.04788000737037,3.0643294198172435,31.089504,0.45985978067449107
2888,70.2629087087291,3.068286895751953,31.09937,0.47478549203875964
2889,75.7459650895422,3.0489234924316406,31.089186,0.4980135172418674
2890,79.59319508261851,3.027691977364676,31.092278,0.5136596552950043
2891,80.10391972516409,3.077460152762277,31.109001,0.5202214432342918
2892,79.44794117647236,3.231213705880301,31.11028,0.5303574816133962
2893,84.75382320641236,3.2248627798897878,31.106089,0.5538913188179784
2894,87.68267223382045,3.160633087158203,31.118925,0.5617032914411645
2895,88.04605595154682,3.1265771048409596,31.109013,0.5604477547969062
2896,85.31353302300316,3.1079444885253906,31.106035,0.5464598773907432
2897,75.28993640104792,3.077307564871652,31.115126,0.49836496019877474
2898,67.79872053696297,3.0541354588099887,31.130842,0.4623973525632963
2899,65.53731418710889,3.1092442103794644,31.12213,0.45683604392786076
2900,66.64771022957602,3.1740428379603793,31.12491,0.4674006834635901
2901,70.77089252443454,3.278773171561105,31.117104,0.49504134387295207
2902,70.2476495186201,3.3142547607421875,31.124367,0.49569309815525076
2903,71.23499806426597,3.2340300423758372,31.140234,0.49333140240014867
2904,73.62571334512306,3.162842341831752,31.13696,0.498108191992977
2905,73.51486954743466,3.1284501211983815,31.149023,0.4946721706035607
2906,75.46805869811767,3.1114289419991628,31.158136,0.5020831597558735
2907,85.18716712098896,3.1087008884974887,31.169468,0.5459509995287525
2908,82.77195063616678,3.1130714416503906,31.16868,0.5353646777129382
2909,80.32714975442167,3.0977249145507812,31.1635,0.5229625874336199
2910,75.27554216640968,3.1102382114955356,31.182514,0.50110806625928
2911,74.59075058850945,3.163805825369699,31.178839,0.5025692212469053
2912,72.96465392621023,3.155987875802176,31.180458,0.49452406353915096
2913,70.98678681123349,3.1246468680245534,31.184307,0.48287663205065656
2914,73.78725378542681,3.099242619105748,31.17105,0.4934172157261266
2915,78.4827244092829,3.140361785888672,31.180273,0.5182296941836988
2916,87.65887758876099,3.3825089590890065,31.193897,0.5805175336505204
2917,87.68900873641978,3.437573024204799,31.216696,0.5853502752126016
2918,83.07339854116324,3.3378263201032365,31.234442,0.5559002393136789
2919,78.98199712091385,3.263138907296317,31.257776,0.530965931181957
2920,68.71747780838692,3.214574541364397,31.287127,0.48024892257367013
2921,67.49440114664493,3.1763027736118863,31.299147,0.47143528090956066
2922,68.16693138503324,3.174755096435547,31.3196,0.47435489939283904
2923,69.17057877813502,3.417942592075893,31.337048,0.49964868061437
2924,74.97166295740324,3.561842237200056,31.342718,0.5382432991852967
2925,72.09989455592746,3.4359654017857144,31.362556,0.5144775003591155
2926,71.13739368538597,3.333937508719308,31.370504,0.5014089172948877
2927,73.58107461569172,3.318358830043248,31.37602,0.5111685355735489
2928,76.12052824818946,3.277324676513672,31.369268,0.5191918070170773
2929,71.64567782372674,3.2298594883510043,31.381102,0.4948391867585797
2930,68.5388931311158,3.1855599539620534,31.381222,0.4769641466342028
2931,74.88581146794745,3.158756801060268,31.36369,0.5034774659786186
2932,72.75985195826829,3.140077863420759,31.315533,0.4922379222620045
2933,77.2806221357461,3.1257122584751675,31.29183,0.5115257962806616
2934,80.8161645931926,3.1738177708217075,31.26153,0.5316709113075966
2935,99.0627062292107,3.263172149658203,31.241629,0.6220850695670794
2936,81.80848497508433,3.2747606549944197,31.179861,0.5447822678626373
2937,91.85394437743886,3.3172623770577565,31.11183,0.5939882515407893
2938,64.83665242186036,3.296972002301897,30.966213,0.46966675251590007
2939,78.40987022631703,3.252300807407924,30.88723,0.5274455987199967
2940,78.71570969397288,3.220670427594866,30.867086,0.5261358171313237
2941,88.17998304782373,3.1862776620047435,30.860636,0.566146884254789
2942,89.62756600371071,3.1673311505998885,30.86943,0.5710994852870828
2943,88.2090271677584,3.160815647670201,30.860714,0.5641071984868493
2944,85.71083472192934,3.1511154174804688,30.814325,0.5519443761467039
2945,53.44954897730651,3.086371285574777,30.742714,0.400037089031121
2946,53.652518373815,3.070232391357422,30.68275,0.39958169236331237
2947,104.38580110131909,3.107081277029855,30.639475,0.632926758138146
2948,99.68818039266407,3.0945772443498885,30.606735,0.6105449043422218
2949,86.96176831619869,3.07098388671875,30.571663,0.5507866459821029
2950,80.6519357781662,3.0334505353655135,30.550692,0.5189548020619621
2951,83.72448590842306,2.994677952357701,30.560123,0.5295898743603173
2952,86.35797711319823,2.968837193080357,30.568762,0.539335577913663
2953,86.26096445987248,2.945947919573103,30.570385,0.5369433197126533
2954,87.58911033612091,2.9219681876046315,30.559069,0.5409247270050088
2955,89.3697732481944,2.9013579232352122,30.568998,0.5472467901386344
2956,88.68474707261119,2.8834190368652344,30.592941,0.5426086012765186
2957,81.33718658589405,2.8672899518694197,30.609268,0.5078934795596662
2958,73.26398981529587,2.8546104431152344,30.615145,0.4701799698565433
2959,81.92117021662703,2.843927655901228,30.632181,0.5085509041956804
2960,73.95504481564649,2.825707026890346,30.638203,0.47085066866690284
2961,43.451485802213654,2.842963627406529,30.642704,0.33391233167519957
2962,75.10034217893867,2.825671059744699,30.68375,0.47604439296524514
2963,76.47202315538539,2.8211119515555247,30.71538,0.4818795874388009
2964,77.16065447279611,2.796855926513672,30.685547,0.48293563162239095
2965,78.69540667272312,2.7733372279575894,30.621178,0.48789383424250776
2966,81.83931870804794,2.7672756740025113,30.601685,0.5016424018355626
2967,82.76104802569766,2.7545689174107144,30.604593,0.5047410839183135
2968,89.62398695985202,2.7458419799804688,30.59404,0.5351374404108755
2969,78.95334863367144,2.718651362827846,30.564754,0.4844004796208028
2970,62.6926504173173,2.6980814252580916,30.550358,0.4088632287308668
2971,66.74502243038755,2.6749169485909596,30.548618,0.4252753510688896
2972,65.90084533691831,2.6680390494210378,30.54342,0.4208583269389301
2973,67.75424646553274,2.656268528529576,30.518957,0.42826431870971426
2974,72.1516694778535,2.6362293788364957,30.50405,0.44650864827637005
2975,70.40772706916833,2.6218664986746654,30.49461,0.43737059454437144
2976,69.54848094592028,2.6058142525809154,30.489868,0.4321027800173724
2977,71.32974846983464,2.5893947056361606,30.48347,0.4387849829772629
2978,71.6343186314026,2.5768645150320872,30.473589,0.439098360805928
2979,68.17123115591737,2.5602624075753346,30.471636,0.42196871126369284
2980,69.38571038658651,2.5448951721191406,30.478727,0.42616885406206456
2981,65.32187084713573,2.5330532618931363,30.476635,0.40671925273075826
2982,65.12994676879379,2.5337251935686385,30.476585,0.4059057006650405
2983,73.61698130928772,2.528989519391741,30.478773,0.44401178428477606
2984,64.02850808464352,2.5189906529017856,30.475183,0.39965131405497467
2985,70.28914945415188,2.5078397478376115,30.470804,0.4271080198646787
2986,75.23868069242744,2.4929776872907365,30.473589,0.448299059871649
2987,69.50180135681401,2.480774470738002,30.47178,0.42122722007710195
2988,64.39736535029516,2.4687020438058034,30.469372,0.3970362487045054
2989,63.98196925923722,2.454240526471819,30.472048,0.39391806750459785
2990,63.40847547788531,2.442946297781808,30.467419,0.3903526328161474
2991,64.48629334379312,2.4318695068359375,30.456495,0.3942985754972307
2992,67.40893016501215,2.4190968104771207,30.4532,0.4064707603946567
2993,66.00550001720423,2.4067775181361606,30.447037,0.3990520655300209
2994,64.80736093609673,2.395047869001116,30.440641,0.3926151662209255
2995,71.37362534618865,2.383087158203125,30.44784,0.421389575328339
2996,67.29716277928749,2.372057778494699,30.449701,0.40195199188823805
2997,66.22565318495369,2.358827863420759,30.456808,0.395961727435671
2998,70.82428179746252,2.3451080322265625,30.473192,0.4156579578730192
2999,66.82574710993823,2.333740234375,30.480886,0.39654511124901937
3000,65.11777504493462,2.329207284109933,30.482384,0.388408597710799
3001,69.61332955611756,2.32611574445452,30.491978,0.4085435401484512
3002,66.97882714577237,2.3173926217215404,30.498985,0.39584554128731886
3003,63.98532140697645,2.3073823111397878,30.502472,0.381408788219043
3004,69.41463335972831,2.2957676478794644,30.510324,0.4050537826194117
3005,68.47422004035096,2.2856826782226562,30.514137,0.3999265780368674
3006,70.31896608362318,2.2753987993512834,30.517082,0.4074200824148503
3007,72.27936263583535,2.2638702392578125,30.528687,0.4153322014879811
3008,73.2040686586144,2.2550571986607144,30.531582,0.41877645764692945
3009,66.20038321711498,2.244276864188058,30.539738,0.38607782719745143
3010,70.15511865804348,2.2348572867257253,30.548437,0.40321912758527123
3011,72.8397009010389,2.2279150826590404,30.545567,0.4148083799164872
3012,75.34064332756863,2.2170208522251675,30.549095,0.4252273256561153
3013,72.92877833421406,2.2111898149762834,30.543432,0.4137861903680489
3014,70.49326065964985,2.2019266401018416,30.545994,0.4019450284007166
3015,71.33426442776927,2.190436771937779,30.550486,0.40478119769168097
3016,67.05834845470204,2.1808368137904575,30.553928,0.38456049873798104
3017,70.41109445268043,2.1724330357142856,30.56705,0.39905689974030734
3018,71.92348598598535,2.1630750383649553,30.57962,0.40512130594006035
3019,70.63633084394336,2.1549230303083147,30.582838,0.3985856073629739
3020,79.18748804484845,2.14733396257673,30.589098,0.4367393022448192
3021,72.29392135642182,2.139275687081473,30.591648,0.40477248110211717
3022,76.6894673723271,2.1306838989257812,30.590157,0.42398455760289994
3023,73.5943422004349,2.1266381399972096,30.595469,0.4095953799890796
3024,67.62936517084823,2.120887211390904,30.592031,0.38203881554934227
3025,67.29788517315103,2.112579890659877,30.599272,0.37982625151301874
3026,65.61827880914599,2.105737958635603,30.593092,0.3716215308796257
3027,62.95568440067609,2.096709660121373,30.571825,0.35877003819135467
3028,64.73540643917119,2.089049748011998,30.556524,0.36619227527863085
3029,66.02135619516496,2.080225808279855,30.544174,0.3712747469111029
3030,69.08028048403942,2.0722312927246094,30.529152,0.38447283373411534
3031,76.29681070560169,2.063920702253069,30.52304,0.4165091194665147
3032,72.60619708008716,2.0568651471819197,30.516432,0.3991612264053163
3033,67.28299102072826,2.0480139596121654,30.502901,0.37425230151183564
3034,68.8467408373677,2.039936065673828,30.49816,0.38065891703082344
3035,69.06368470866286,2.0330908639090404,30.492352,0.38105952234097484
3036,67.01953359603031,2.0263045174734935,30.488834,0.3712054188514112
3037,77.90180760813271,2.0181792122977122,30.49592,0.41989083435790486
3038,64.4838656240054,2.0114430018833707,30.49863,0.358432381933822
3039,70.3971930594016,2.003570556640625,30.500742,0.38459274573692076
3040,72.07764608468678,1.9975231715611048,30.513382,0.3917020701810802
3041,69.37109863381302,1.9921537126813615,30.51827,0.3789631767096218
3042,69.26529098992728,1.9825047084263392,30.528198,0.37766017932523255
3043,66.1248797003467,1.9779406956263952,30.53394,0.3630213175828295
3044,65.18258980042118,1.9711151123046875,30.531038,0.35816356781988523
3045,69.31030489126792,1.9619462149483817,30.537115,0.376111142826512
3046,68.3560018615506,1.9571424211774553,30.539068,0.3713713074455015
3047,70.43558764814613,1.9511833190917969,30.545006,0.38029922752638823
3048,73.7371998552068,1.942248753138951,30.557901,0.394518341621958
3049,71.80545677420857,1.9357354300362724,30.564219,0.38519757426887014
3050,72.32031355670426,1.9304733276367188,30.57352,0.3870849719394117
3051,73.1381001932517,1.9216177804129464,30.581882,0.390040455839485
3052,65.67440974126862,1.916452135358538,30.583303,0.3557333875012241
3053,70.81356976115228,1.909273420061384,30.590324,0.378440126627315
3054,70.46174454823182,1.902029309953962,30.594969,0.37622591974036484
3055,69.90953969889235,1.9041884286063058,30.598675,0.37390442370620774
3056,78.48222497123051,1.8935465131487166,30.60746,0.4118954466970757
3057,75.93512113248408,1.8876233782087053,30.607897,0.39983281021502687
3058,72.54080756013747,1.8843912397112166,30.613588,0.3841554518388979
3059,74.24828396296896,1.877457754952567,30.621035,0.39131182585291097
3060,71.32039146488144,1.871443612234933,30.618172,0.37751359779783095
3061,72.84693498746802,1.8649787902832031,30.61981,0.3838889570025376
3062,72.18921661811785,1.8566523960658483,30.62786,0.38019445831926324
3063,72.95710672655686,1.8529390607561385,30.630583,0.3833620790854442
3064,81.48996237334134,1.8488671439034599,30.645937,0.4217326832984719
3065,81.5125128870376,1.8441156659807478,30.646418,0.42142978669020426
3066,72.83461553452656,1.8413293021065849,30.646769,0.3818161612734904
3067,75.99363016259346,1.8350514003208704,30.658035,0.39561480618234224
3068,72.72891611199049,1.8331091744559151,30.66794,0.38063551363758186
3069,69.71165622879701,1.8312208993094308,30.674604,0.3667836465067387
3070,72.41800837939229,1.8247882298060827,30.683443,0.37851513445519
3071,70.00888525371518,1.8228999546595983,30.686386,0.3674226904600677
3072,75.9926352942497,1.8179893493652344,30.690714,0.39415519133777016
3073,75.95494180043063,1.8107501438685827,30.690687,0.3933667767477559
3074,76.49008771799002,1.8071850367954798,30.684559,0.3954909610823471
3075,73.46194967981702,1.799391610281808,30.68091,0.3810861260371667
3076,70.08037733306665,1.7941861833844865,30.673382,0.3652982933341411
3077,69.00391002823903,1.791658673967634,30.670042,0.36019826508902353
3078,72.10541418116878,1.7857475280761719,30.677317,0.3737672339654171
3079,68.5332418053959,1.7818260192871094,30.680101,0.3572240490337698
3080,72.57380969996888,1.7843262808663505,30.696228,0.3757713725963627
3081,79.0437061546779,1.776047842843192,30.720404,0.4044225464743796
3082,76.59667554766372,1.781691414969308,30.719744,0.3938004346511725
3083,82.84311967822015,1.7881311689104353,30.715075,0.42269290226376244
3084,79.47366461789623,1.801626477922712,30.728052,0.40855490417613777
3085,75.28070524367453,1.8162345886230469,30.72803,0.39077515466401735
3086,78.928740063674,1.822066170828683,30.72317,0.40782546229795424
3087,86.09054007236365,1.8158509390694755,30.718182,0.4397921076543158
3088,82.7130327983414,1.8083054678780692,30.711372,0.423823154549471
3089,72.17022580462262,1.8028182983398438,30.716967,0.37551716121657097
3090,76.80767704820373,1.7959142412458147,30.728613,0.39597081826550473
3091,70.36332142677617,1.7908292497907365,30.728144,0.36629586444657447
3092,68.67329983604897,1.7856685093470983,30.733597,0.3581872615156768
3093,77.36584263736187,1.780041285923549,30.7429,0.39714980587101556
3094,73.99411476975327,1.7752952575683594,30.742014,0.3814458213590044
3095,72.95168023878513,1.7701802934919084,30.735146,0.37627955141866204
3096,75.20590978177847,1.76239013671875,30.73541,0.3858437606967483
3097,67.15047671461751,1.7578844342912947,30.7301,0.3489079395130684
3098,63.89676872278343,1.7540991646902901,30.726322,0.3338214069528786
3099,67.79109618503072,1.7473324366978236,30.732243,0.35091484848826415
3100,64.03177483267024,1.7410060337611608,30.730452,0.3333173780075514
3101,64.87974011081049,1.7359837123325892,30.728226,0.33673670610910694
3102,68.15706555993013,1.728896004813058,30.734816,0.351003124319186
3103,67.92714975360117,1.7267014639718192,30.732313,0.34977272363051626
3104,64.86473220512305,1.7518817356654577,30.725346,0.3380244366850058
3105,66.47128927937607,1.7713263375418526,30.716114,0.3469724876729412
3106,66.65213028436708,1.7678189958844865,30.704844,0.347493938353131
3107,66.66549275107117,1.757260458809989,30.69692,0.34665410828811627
3108,68.83411031500884,1.7495667593819755,30.695902,0.3558380790043815
3109,64.7956307258635,1.743234361921038,30.68889,0.3369734156012328
3110,65.73454922177875,1.7367237636021204,30.69142,0.34067851979672975
3111,69.01543243583181,1.7278954642159599,30.695963,0.3548126387154459
3112,66.93833943833943,1.7225232805524553,30.695112,0.34492966513841206
3113,71.36501736111234,1.7155298505510603,30.706617,0.36441931536578426
3114,69.90080691072046,1.7086960928780692,30.71103,0.35719265174288456
3115,66.39668772349273,1.7023991176060267,30.712805,0.3407556718525206
3116,65.19581711858402,1.6971435546875,30.7159,0.33485850687732355
3117,68.39547782422486,1.690396445138114,30.718561,0.3488015681534606
3118,68.49347713603818,1.6887157985142298,30.71644,0.3491029100867761
3119,71.76952424565698,1.682025364467076,30.723282,0.36339740844668084
3120,69.58527601620442,1.6762335641043526,30.727913,0.3529924314315474
3121,68.31587013996106,1.673886435372489,30.729542,0.3470323269762262
3122,72.12126285421809,1.6659807477678572,30.736149,0.36362509297128864
3123,69.586257536142,1.6609960283551897,30.739944,0.3516973843452409
3124,66.82952145214898,1.6577519008091517,30.7415,0.3389120140863682
3125,66.921190691648,1.6511083330426897,30.745106,0.33876138114495724
3126,67.24273230769231,1.6578260149274553,30.744854,0.34079328077349935
3127,75.24914060298546,1.6775932312011719,30.75193,0.37880819750343936
3128,79.7499493543708,1.6723224094935827,30.755123,0.3987811256566898
3129,75.99199479398102,1.6807316371372767,30.76273,0.38244655382576087
3130,78.70650541079412,1.6875103541782923,30.782015,0.3953417657732635
3131,74.25862798958103,1.6822547912597656,30.799059,0.37471129349504206
3132,70.66343958224182,1.6712657383510046,30.82106,0.3574609327954752
3133,70.88345722336133,1.6690935407366072,30.852272,0.35827401254155744
3134,74.30240770152625,1.6639769417898995,30.861076,0.3733511567166588
3135,73.66149247078343,1.6578053065708704,30.850323,0.3699166663720397
3136,74.4713478572015,1.6509361267089844,30.841953,0.37300556529462636
3137,76.71339909613043,1.6494838169642858,30.83603,0.383055025232224
3138,74.8780431569323,1.649782453264509,30.83434,0.37475255837579474
3139,78.56358227692701,1.6450489589146204,30.843136,0.39107202191073864
3140,77.08505285546492,1.6411350795200892,30.865982,0.38402940148678455
3141,78.74976676764511,1.6356588091169084,30.879063,0.3911160159350571
3142,77.9110051840057,1.6339220319475447,30.873434,0.38716201432874275
3143,76.86947861042843,1.629655020577567,30.857126,0.3820721800869693
3144,76.2787635830645,1.6243019104003906,30.862339,0.3789352795420965
3145,69.1598789189192,1.621295383998326,30.860832,0.34637690476868155
3146,69.09251574367215,1.6192376273018974,30.865465,0.34589575268216455
3147,68.4056779261621,1.614971705845424,30.870003,0.3424154131375343
3148,69.08004896094782,1.6122022356305803,30.878338,0.3452391862289256
3149,79.64083702414716,1.6238621303013392,30.897318,0.3941531964389481
3150,90.09679402723012,1.6419732230050224,30.91235,0.44314171193065965
3151,95.23809523809524,1.6433753967285156,30.928782,0.46658996953848314
3152,92.01413268521131,1.6386043003627233,30.943756,0.4515543329015991
3153,67.92715016039566,1.6318141392299108,30.953136,0.3416804623647452
3154,65.27715043537327,1.6237433297293526,30.954609,0.32896777551479767
3155,63.47740578244268,1.6146986825125558,30.953678,0.32003007301490316
3156,62.061511875066074,1.605501447405134,30.95649,0.31282108178029777
3157,63.420216974562905,1.6017897469656808,30.96486,0.3186696675193031
3158,67.59938653824389,1.5983216421944755,30.984177,0.3373368973530438
3159,71.41790510580239,1.6019597734723772,31.006578,0.3549737119358822
3160,76.36666389493762,1.591583251953125,31.03226,0.3765437865806336
3161,82.94270833333454,1.5855167933872767,31.046051,0.40586525133842044
3162,87.5,1.583803449358259,31.051807,0.4263978628574026
3163,79.14028492283462,1.5817811148507255,31.077276,0.3882931494896062
3164,76.34639961760575,1.5795495169503349,31.081,0.3754255659119123
3165,69.56355210957605,1.576770237513951,31.078642,0.34441134144300334
3166,66.76714762605731,1.5735135759626115,31.092588,0.3314449067158755
3167,66.55655476635522,1.5690569196428572,31.111172,0.33010926428622356
3168,69.31645925675731,1.5669125148228236,31.12538,0.34244946171272583
3169,77.85032757331906,1.5623719351632255,31.11708,0.3807846920112873
3170,79.35037593984976,1.5585801260811942,31.116367,0.38726779153367663
3171,77.69620118280122,1.554943629673549,31.13538,0.3794518356654134
3172,79.84128794878981,1.552793230329241,31.138784,0.3890017838101349
3173,77.13126545823897,1.5512504577636719,31.137678,0.376573473111907
3174,75.69120077783217,1.551196507045201,31.14232,0.37003457239939275
3175,69.92585045458674,1.547131129673549,31.124495,0.3435275636347027
3176,68.6804276760647,1.542721884591239,31.122673,0.33750041939297487
3177,69.5929842197184,1.538461412702288,31.125977,0.3412778033508751
3178,82.92946394440852,1.5362952096121651,31.100765,0.4016073970763352
3179,87.32608453348742,1.5323290143694197,31.080645,0.4212188332834388
3180,73.82611204408036,1.5285328456333704,31.076601,0.35963890227505235
3181,68.8660508391958,1.5225824628557478,31.08393,0.33662513766017915
3182,71.41238783986687,1.517989022391183,31.095823,0.34778741090792564
3183,78.24315093951071,1.5150996616908483,31.08897,0.37853561469473523
3184,77.6683347089861,1.5111454554966517,31.081404,0.37559015755101127
3185,74.4284053447681,1.5064234052385603,31.076347,0.36048625423216274
3186,74.93389833861184,1.4987989153180803,31.063993,0.36212969249054655
3187,68.97699449092087,1.4917253766741072,31.067678,0.33449696417200303
3188,65.92642020813469,1.488839830671038,31.074476,0.3204088826926702
3189,72.64709208159815,1.4872169494628906,31.06346,0.3507655560725801
3190,69.08532936724707,1.4815499441964286,31.056482,0.33412074407989434
3191,67.57511019124668,1.4761357988630022,31.061012,0.3268063842785374
3192,68.9140094789344,1.4733897617885046,31.065006,0.33264745560231085
3193,71.87087392758447,1.4713074820382255,31.052868,0.34588665788501943
3194,70.96945656108034,1.4651876177106584,31.052965,0.34127455315635075
3195,68.76550830533573,1.4598917279924666,31.062914,0.33082247986936475
3196,67.5763979803301,1.4525789533342635,31.081541,0.3248032322989531
3197,69.31253623227346,1.4457152230398995,31.096024,0.3320956084364916
3198,71.51561353962718,1.445707048688616,31.094095,0.34209138399996103
3199,69.85885222221833,1.4406918116978236,31.094341,0.33414610865300337
3200,70.03337145799811,1.4391915457589286,31.097542,0.33481004345027354
3201,74.39660372284813,1.4350575038364954,31.083761,0.3542556655474366
3202,74.92926562468953,1.431297847202846,31.080164,0.35635198690576453
3203,78.62815459543445,1.4308112008231026,31.05884,0.3730942088168374
3204,75.88047607396729,1.4274030412946428,31.039715,0.36033594816885994
3205,65.01516864103816,1.421842302594866,31.03087,0.31056033352600787
3206,62.42632632624633,1.4190417698451452,31.024588,0.2985746129983635
3207,64.18813137967012,1.416745867047991,31.013487,0.30637300978296744
3208,69.31120686380773,1.4117600577218192,31.00417,0.329193782568012
3209,66.23889076501295,1.4074162074497767,31.002762,0.3148826791363833
3210,68.76781184786888,1.4040140424455916,31.00583,0.3260675229694721
3211,73.40211899679635,1.4015862601143974,30.994844,0.34688866322147327
3212,73.47323985801924,1.3981263296944755,30.997036,0.3469163016467603
3213,73.78060141942905,1.3952080862862724,31.008198,0.348062079880037
3214,76.75956950116024,1.392897469656808,31.006111,0.36138210426856077
3215,72.38060536981911,1.3897160121372767,31.014149,0.34124121199281954
3216,74.93372116845484,1.3890527997698103,31.013197,0.3527694251860285
3217,78.98968568429548,1.3852315630231584,31.004246,0.3708474954814006
3218,76.44158025180457,1.3792953491210938,31.012037,0.35877919885207304
3219,71.2093105986414,1.3777553013392858,31.025644,0.3349064132536249
3220,76.53792681570522,1.373946053641183,31.01261,0.3587601685416094
3221,72.58809234387614,1.371788569859096,31.007795,0.34065378134575097
3222,64.98028155050397,1.3675733293805803,31.012869,0.30577381956982813
3223,67.50515196614334,1.3651624407087053,31.022339,0.31702482237088603
3224,70.84607844191086,1.3615946088518416,31.035126,0.33188001559971525
3225,75.37003750699563,1.3592660086495536,31.03318,0.35220890948610173
3226,83.37920137576823,1.3567444937569755,31.018312,0.38833548274314844
3227,77.69134010207254,1.353668212890625,31.015371,0.362264433857766
3228,69.78433098591549,1.351050785609654,31.01932,0.32616312450445134
3229,64.32017072405048,1.3475472586495536,31.028578,0.30107068314423635
3230,64.62626625864613,1.3445489065987724,31.042439,0.3022038848807104
3231,69.61853481482224,1.3447025844029017,31.046495,0.32486943086943804
3232,72.54300885595683,1.353802272251674,31.059595,0.33891529179703794
3233,76.27869684619331,1.3794544764927454,31.07572,0.358053685541631
3234,78.92758013231135,1.3924734933035714,31.069704,0.37118330385202586
3235,78.7236802498969,1.4079845973423548,31.0414,0.37158093868965375
3236,75.71140763293415,1.4120962960379464,31.00689,0.35826339627280956
3237,74.93635931620742,1.4149431501116072,30.967745,0.35498939910178207
3238,65.7507293320409,1.4231398446219308,30.9511,0.31400860140872433
3239,48.020242832364495,1.429370335170201,30.94139,0.2340877972541504
3240,52.63831466517205,1.4310994829450334,30.930374,0.2551897846079325
3241,67.33191029738236,1.4288825988769531,30.9348,0.32167297534343664
3242,70.0093050660522,1.4300166538783483,30.945736,0.3339183810084819
3243,71.94062073508009,1.4276384626116072,30.964191,0.3424789151390656
3244,77.21569357450049,1.4263708932059151,30.982573,0.36630647873439676
3245,78.82078182602604,1.4219414847237724,31.007935,0.373211820878828
3246,80.83912914428572,1.4198662894112724,31.028273,0.38219310185339306
3247,79.0852835452357,1.419130597795759,31.047249,0.37417227806342623
3248,74.30103022472362,1.4172864641462053,31.062645,0.35230643517403315
3249,73.16090420071485,1.413123539515904,31.077757,0.34677808232021745
3250,70.83933225419365,1.411217280796596,31.092054,0.33608136848395775
3251,67.43435404070364,1.4091764177594865,31.102953,0.3204572146399163
3252,66.33254604004345,1.4070254734584264,31.113533,0.31527431743193
3253,65.6248475923243,1.4054303850446428,31.12169,0.3119270989881907
3254,64.96343932842288,1.4067088535853796,31.126995,0.3090349876273596
3255,68.16197366179914,1.4073028564453125,31.133408,0.32359900909898026
3256,74.4149630274035,1.401397705078125,31.147696,0.3514683668239942
3257,75.01921029850587,1.3982107979910714,31.1595,0.3539383528247199
3258,75.58865391366368,1.394308362688337,31.164236,0.3561893947901149
3259,75.97314223774596,1.3896369934082031,31.161156,0.3575356244377115
3260,73.86540593790053,1.3870538984026228,31.154772,0.3477514682228408
3261,76.2788658629869,1.384202139718192,31.150217,0.3584593467882538
3262,76.63848878394352,1.3804239545549666,31.147774,0.35976892286531703
3263,71.73018176372953,1.377718789236886,31.137774,0.3372667545340491
3264,76.53526509782635,1.3787149701799666,31.152874,0.35915479786105875
3265,71.28118407654497,1.375992911202567,31.192568,0.33508223778279594
3266,69.65070387901442,1.374911172049386,31.222548,0.32759167310316056
3267,69.75411521790582,1.3728283473423548,31.237001,0.32788327323242605
3268,78.05522526093297,1.3705073765345983,31.226171,0.36535165647714773
3269,81.02500703500704,1.3674027579171317,31.23985,0.3785622831893538
3270,81.97264912527355,1.3663428170340401,31.263372,0.3827718184255558
3271,88.51705059977891,1.3627477373395647,31.291027,0.4121604693754799
3272,88.87841226408767,1.3601008823939733,31.31722,0.4135744180926031
3273,83.58738904193484,1.358076913016183,31.340734,0.3893937677026295
3274,85.77960676726101,1.356149400983538,31.366217,0.39917658124572314
3275,89.48078827742232,1.3527837480817522,31.389776,0.4156836756334072
3276,77.41611613235209,1.3526475088936942,31.408817,0.3609285553557777
3277,68.89803814635835,1.3529619489397322,31.433691,0.3223045564463549
3278,66.15534754290682,1.349825177873884,31.461082,0.30959207328389304
3279,67.55715072130623,1.3476573399135046,31.480637,0.3157678817587952
3280,65.66054681669964,1.3467554364885603,31.496841,0.30708511652771264
3281,65.99130125218637,1.3454339163643974,31.492935,0.30847321316680015
3282,73.15374806109,1.3406579153878349,31.484877,0.34056553510955223
3283,78.34008151831485,1.3389756338936942,31.49606,0.3639550755430483
3284,83.54521857347763,1.335921151297433,31.506641,0.3873129121382172
3285,81.42917482497464,1.3326279776436942,31.521372,0.37743050329653866
3286,74.4441263839044,1.3324988228934151,31.528435,0.3457248014615554
3287,70.78596965874891,1.3313075474330358,31.5394,0.32902430430348373
3288,70.18992356515356,1.3268661499023438,31.544285,0.3259409674913296
3289,69.45481957213264,1.3245528084891183,31.55379,0.3224081415935408
3290,74.8937309222687,1.325117928641183,31.569286,0.3471354201514141
3291,68.9262248746629,1.3270606994628906,31.6025,0.3202235210279351
3292,67.70717045660501,1.325362069266183,31.634693,0.3145471923437061
3293,63.460234659775644,1.3248367309570312,31.655546,0.2952319006617453
3294,61.31844710492278,1.3226280212402344,31.659914,0.28532516538263364
3295,63.04222768370802,1.3204051426478796,31.66183,0.2929572536646491
3296,66.08315713023505,1.3223277500697546,31.672852,0.30691944949513683
3297,75.04936722575351,1.32342529296875,31.655937,0.3476972677202796
3298,76.21769089444618,1.3222732543945312,31.65755,0.3529002922063756
3299,73.83214336805695,1.321199689592634,31.660475,0.3419843034278529
3300,76.52696556205241,1.3197533743722099,31.664642,0.35408872473891456
3301,68.41729974620833,1.3148465837751115,31.668577,0.3168726162772624
3302,68.6092667061524,1.312289101736886,31.674767,0.317525557777316
3303,72.26810483869488,1.310013907296317,31.67154,0.33393351633222373
3304,69.24485750604588,1.3068716866629464,31.679047,0.3199475410575023
3305,75.55428838672707,1.301720210484096,31.660652,0.3481372779793171
3306,67.21041542588377,1.3017997741699219,31.641613,0.31028370418644197
3307,73.7900889609409,1.2994161333356584,31.637182,0.33993571724122673
3308,82.5728636106395,1.2948472159249442,31.638744,0.37939794436527713
3309,84.1241507712796,1.292015620640346,31.641518,0.3861954299206112
3310,76.91786494675597,1.2902793884277344,31.64456,0.3533488063391452
3311,76.41549052758732,1.2862614222935267,31.651022,0.35072661659348914
3312,69.67918682628397,1.2851573399135046,31.654291,0.3200664504545095
3313,69.69377463697649,1.2836434500558036,31.662611,0.32000353384022195
3314,74.55333644115294,1.2810183933803014,31.674065,0.3418299439311991
3315,64.1184916039867,1.278761727469308,31.701727,0.2942893359566817
3316,65.05962764972767,1.275423867361886,31.727177,0.29827508250542845
3317,63.351387540963465,1.2753519330705916,31.74352,0.29051780095021107
3318,64.40264125374635,1.2738729204450334,31.746183,0.2951617347265548
3319,66.44266043244409,1.2740227835518974,31.742897,0.3044311112220715
3320,74.53486176951752,1.2819311959402901,31.714846,0.3418239614491848
3321,65.44037139479258,1.3086940220424108,31.691984,0.30284008305770654
3322,45.889044278951104,1.3158487592424666,31.65856,0.21473602923149726
3323,41.28613079459478,1.3082128252301897,31.607807,0.19319907528252253
3324,75.40394973070018,1.2981398446219308,31.578968,0.3471497718189923
3325,72.75422447982588,1.290189470563616,31.572596,0.3344486014764873
3326,73.66876122773552,1.2869551522391183,31.583082,0.3383224839377881
3327,79.92871490639259,1.2818570818219865,31.557472,0.36629227244049123
3328,86.20704294265175,1.271881103515625,31.485537,0.393929432698765
3329,91.85477772076354,1.267845698765346,31.450827,0.4192119024992181
3330,87.7081298516233,1.2658260890415736,31.419922,0.4002242319671027
3331,80.96515140673868,1.2611160278320312,31.394983,0.36922625093708517
3332,74.78430519150724,1.262408665248326,31.371443,0.3412908746505763
3333,76.71796153665726,1.2608086722237724,31.35167,0.3499283965863819
3334,80.38688573374164,1.2580430167061942,31.33639,0.36634029277536484
3335,77.18087222611976,1.2581285749162947,31.320492,0.3518002894351132
3336,75.88498919304726,1.2491046360560827,31.319962,0.3451506272562847
3337,68.39973109408504,1.259732927594866,31.313412,0.31209264782418916
3338,89.18181162781114,1.259488242013114,31.301245,0.40637055955716817
3339,84.29950928229758,1.259077889578683,31.2967,0.38418209577079265
3340,79.971889522555,1.2565661839076452,31.294722,0.36433129715849644
3341,74.0063349923648,1.2512092590332031,31.286797,0.33680571407522986
3342,72.5158245002119,1.2496795654296875,31.274494,0.32991205969193443
3343,74.17283119328468,1.2480179922921317,31.264921,0.33728903092075396
3344,77.6765973359281,1.244203839983259,31.251139,0.35286210291943687
3345,68.81758708476235,1.236147199358259,31.236172,0.311977212639141
3346,48.02331454691941,1.2502637590680803,31.221786,0.2188270128339802
3347,27.229042009076466,1.2524888174874442,31.192728,0.12466267170387334
3348,87.13125517096901,1.2502354213169642,31.179543,0.3962770437941514
3349,75.19828886005823,1.2675514221191406,31.16407,0.3436079163666008
3350,72.785186371216,1.296994345528739,31.153822,0.33516943043869096
3351,67.86111018805546,1.3019490923200334,31.137383,0.31324896873009245
3352,70.70830547695793,1.3010052272251673,31.105793,0.32608763399768037
3353,73.97918414996903,1.334249768938337,31.076933,0.3437644497873972
3354,76.98214505774547,1.3887748718261719,31.064175,0.36204045484443836
3355,75.66023055534492,1.4435713631766183,31.061306,0.36071546403437094
3356,78.3901636076962,1.469672611781529,31.06623,0.3753285362416806
3357,73.2797418639491,1.474419185093471,31.07088,0.35254477712450305
3358,72.85209011184315,1.4805537632533483,31.075478,0.35112747988634324
3359,73.71986139871106,1.488370622907366,31.080698,0.3557316400119024
3360,79.13131325220085,1.5107073102678572,31.078388,0.38219106266062153
3361,61.22934291226474,1.5550504411969865,31.076912,0.30474250509504747
3362,52.82836164867995,1.6201275416782923,31.057255,0.27217297843104493
3363,47.34047747663239,1.6001603262765067,31.07889,0.24556881917258983
3364,71.11923227735294,1.6200321742466517,31.08851,0.3551597488551865
3365,96.55172413793103,1.6101837158203125,31.138823,0.4697198845705797
3366,95.89041439035759,1.5967826843261719,31.17053,0.4655763103764853
3367,95.23809523809524,1.5873211451939173,31.227854,0.4618095022508266
3368,97.33500368240738,1.5865189688546317,31.292856,0.47125582137852745
3369,99.93568545465516,1.5857816423688615,31.340641,0.482993544715738
3370,95.59875401459495,1.5810127258300781,31.342628,0.4629079928996156
3371,52.644545265352534,1.5764716012137276,31.303432,0.267615807034672
3372,103.89711752816693,1.5823440551757812,31.309704,0.5006753923840331
3373,91.75935869594103,1.5751609802246094,31.300955,0.44498766659282585
3374,64.11885655537762,1.5729855128696986,31.269743,0.319383239932251
3375,90.70978695437847,1.5687479291643416,31.22837,0.43967830694910537
3376,87.12261241634394,1.5659937177385603,31.185167,0.4231666001080683
3377,54.75879167810552,1.5613152640206474,31.130981,0.2759166332748974
3378,57.12602309188362,1.5604160853794642,31.080267,0.28658127139717793
3379,60.275681718368794,1.560955592564174,31.04485,0.30091887159250963
3380,53.347040896449,1.5556864057268416,30.992601,0.2690307628967401
3381,95.16000698635676,1.5524330139160156,30.921072,0.4584798166094952
3382,69.41854052340997,1.5459889003208704,30.855536,0.34112823006016146
3383,56.13438755177589,1.5492853437151228,30.824677,0.2811324593340002
3384,101.40039719721253,1.5546133858816964,30.784386,0.486981562228359
3385,82.93764990999703,1.5581599644252233,30.753141,0.40350922991048715
3386,57.163513381040005,1.5534727913992745,30.727478,0.28615923972621643
3387,51.17726439310559,1.545166015625,30.698683,0.25828818371006396
3388,47.044517785111246,1.546581813267299,30.683659,0.23965657159985448
3389,59.959662880834045,1.547513144356864,30.676836,0.2983385242420518
3390,53.7755076451687,1.543936048235212,30.68267,0.2699728284227397
3391,78.23920525642112,1.5487959725516183,30.655647,0.381391429143945
3392,57.41355796662644,1.5414199829101562,30.618114,0.2862659200363811
3393,50.824950747977596,1.5391409737723214,30.585535,0.25617572619591933
3394,85.7778405479843,1.5389867510114397,30.559074,0.4147614604534312
3395,77.30860939417421,1.5360047476632255,30.545382,0.3760779741096491
3396,46.854794897897776,1.532545907156808,30.522219,0.2375986808721009
3397,99.57214066834288,1.5356864929199219,30.490692,0.4770717007184031
3398,70.5876641797675,1.5310102190290178,30.461306,0.34515570875947976
3399,84.1411960891786,1.5298560006277901,30.458822,0.4065564826563435
3400,81.64063237753057,1.5302489144461495,30.468521,0.3952436729471312
3401,86.91111492356497,1.5290478297642298,30.482082,0.4190560780744757
3402,81.61527596375468,1.5426842825753349,30.506853,0.39618914195958715
3403,84.96684872368164,1.5815020969935827,30.542702,0.4147074121892613
3404,81.78579181329879,1.582064492361886,30.57513,0.40032131555564054
3405,78.7167056606274,1.5759571620396204,30.58206,0.38587447338347663
3406,75.59225271722572,1.570587158203125,30.612225,0.371239285478542
3407,76.63097577383601,1.5648672921316964,30.630472,0.37546468920787046
3408,75.49399815327776,1.5628416878836495,30.65658,0.37013289905841296
3409,89.32581192836956,1.5557468959263392,30.661547,0.43228974896439853
3410,66.63430168210984,1.5507774353027344,30.701174,0.32890311441384
3411,76.62268137727983,1.546645028250558,30.704102,0.3738730064380359
3412,73.42262550195571,1.5465997968401228,30.698784,0.35934888176595686
3413,47.465803364391135,1.5473856244768416,30.70489,0.24163670804054532
3414,43.551852087072966,1.5372085571289062,30.658253,0.22300920791313988
3415,86.65137285253277,1.534104483468192,30.62572,0.41830874324345674
3416,103.08054889087155,1.5187078203473772,30.596247,0.4915431281414632
3417,75.09968330772838,1.5040626525878906,30.581972,0.3633308491026632
3418,51.6472400402256,1.4992479596819197,30.559288,0.25650467675154964
3419,34.897122180642654,1.5103983197893416,30.538874,0.18145188007247118
3420,92.42177847962762,1.5320320129394531,30.537762,0.4443152372037964
3421,52.89130498712555,1.5248870849609375,30.563948,0.26433620487923426
3422,84.03373480427793,1.5143274579729353,30.594637,0.40474455797643905
3423,81.53294364210625,1.5044457571847099,30.61966,0.3925544676168392
3424,85.14108214807295,1.5121890476771764,30.600027,0.4095867815192646
3425,85.77590432310491,1.5097803388323103,30.581139,0.41226186825453004
3426,80.77850070721301,1.509286608014788,30.586552,0.3895440212144303
3427,91.90560509841474,1.5033465794154577,30.590189,0.43952672226420414
3428,83.10803354678151,1.49822998046875,30.600515,0.3991713455294659
3429,86.27874704757957,1.4944408961704798,30.609592,0.41323532761450266
3430,85.89143940150251,1.5081868852887834,30.624676,0.4126502148795395
3431,83.35167584983103,1.5302636282784599,30.619755,0.40300879485157004
3432,85.8991712863767,1.5276658194405692,30.572556,0.41434651769397524
3433,87.7748806766587,1.5284194946289062,30.556108,0.42292183264801786
3434,85.5420251349524,1.5260467529296875,30.554478,0.41258788687166914
3435,87.7458596663224,1.5234287806919642,30.54946,0.42236452729587126
3436,88.58140108354522,1.5299366542271204,30.54653,0.426710810160906
3437,95.03667702035652,1.5323949541364397,30.561443,0.45621130317137104
3438,83.44005402648438,1.5259344918387276,30.581707,0.4030406100378345
3439,51.16823095405729,1.5126495361328125,30.560383,0.2554740958405792
3440,80.0926524730084,1.4949695042201452,30.552095,0.3852109782600799
3441,83.27066803834241,1.4896845136369978,30.556715,0.39918051831716495
3442,84.91716277813497,1.485506875174386,30.564358,0.4062952142481642
3443,76.9812306299435,1.4793341500418526,30.567432,0.3697594605190023
3444,61.543871988745224,1.4763298034667969,30.576164,0.29945616043283524
3445,72.2676613318333,1.470888955252511,30.589342,0.34765138926294903
3446,79.79573012123814,1.4647701808384486,30.599916,0.38128820693577825
3447,85.88357293049967,1.4624148777553014,30.617704,0.4087109526954001
3448,85.64102575966172,1.4600601196289062,30.63789,0.4074095733468511
3449,81.48229375600658,1.4574617658342635,30.642628,0.3883177140490217
3450,57.5787384059061,1.4487500871930803,30.657146,0.27911227257877724
3451,79.88914612095515,1.4224499293736048,30.623745,0.3781028900495848
3452,52.51364550416118,1.3949312482561385,30.608309,0.2515395670025862
3453,41.681272384131745,1.3831961495535714,30.610971,0.20138682482129394
3454,54.81922996984725,1.3768065316336495,30.626093,0.2604554385669849
3455,41.683248438804874,1.3698790413992745,30.653242,0.20026007001207236
3456,28.547266907762495,1.3604736328125,30.683393,0.13985337747546658
3457,21.17044265519738,1.3529406956263952,30.713085,0.10573857542782465
3458,22.22956709223885,1.3464241027832031,30.749975,0.10998860336458902
3459,23.28869152928032,1.3355767386300224,30.783463,0.11386929070700177
3460,38.24512814848977,1.3283440726143974,30.824297,0.18111736327853944
3461,45.55367900546731,1.3246400015694755,30.864489,0.21396405022168102
3462,44.8636096411488,1.324899400983538,30.902187,0.21085497985828014
3463,45.75823204760612,1.3185201372419084,30.949362,0.21437029094789933
3464,82.5869482619648,1.338364737374442,30.964743,0.38317315253197354
3465,48.53047475187519,1.356910160609654,30.935123,0.23022336532728865
3466,45.33029058080488,1.3979181562151228,30.911066,0.21919979541900342
3467,77.9316860312509,1.3875972202845983,30.897287,0.3662485675689993
3468,63.27811955800686,1.3714397975376673,30.880451,0.29837999574599117
3469,56.961702474954365,1.382291521344866,30.84941,0.27064469236236127
3470,91.7832301878528,1.4117905752999442,30.845968,0.4311632870474991
3471,74.92452850315786,1.4421888078962053,30.849771,0.357259304550684
3472,42.30271229801147,1.4575342450823103,30.84404,0.21054637701212986
3473,70.4235337824542,1.4623276846749442,30.846191,0.3385535229264912
3474,59.04799601092418,1.4739537920270647,30.848906,0.2879284794509175
3475,99.03027374247516,1.4872207641601562,30.86264,0.4704796809190784
3476,100.8945056858754,1.5041983468191964,30.885101,0.4803865382545738
3477,91.31954158729995,1.5189672197614397,30.896992,0.4381996295740047
3478,75.69029204846399,1.5335578918457031,30.91423,0.36852617735896914
3479,62.16414865197625,1.5430793762207031,30.961414,0.30796326338909785
3480,41.62175761471269,1.5392908368791853,30.960201,0.21442897878510253
3481,60.155183625518546,1.5427049909319197,30.936512,0.29881564734664456
3482,88.68820133355017,1.5433949061802454,30.92165,0.4283431750652382
3483,76.45468465882347,1.5438226972307478,30.912405,0.37287002412875375
3484,76.93347146524903,1.552710941859654,30.919632,0.375800536294721
3485,81.31202788157226,1.5554978506905692,30.910633,0.39590593031842497
3486,83.73805992264177,1.5512286594935827,30.881733,0.406549972205147
3487,82.36094673663675,1.5487659999302454,30.874052,0.4000912925710086
3488,56.99571712658036,1.5732220241001673,30.878616,0.2870821346936741
3489,47.795511367516575,1.584073747907366,30.835178,0.2462616278705841
3490,61.06203965735492,1.5505452837262834,30.788874,0.30359915311489766
3491,68.24255627628352,1.5356428963797433,30.759878,0.33490985963419617
3492,89.82344719021663,1.5243791852678572,30.745703,0.4318726427900049
3493,77.99476416173852,1.5168162754603796,30.737137,0.37755495637334957
3494,78.35799302856746,1.5073683602469308,30.729671,0.3783973636104819
3495,81.95066949239825,1.4993634905133928,30.730547,0.39401647017400127
3496,77.1919631817886,1.4901831490652901,30.736273,0.3716408941160212
3497,81.00651030120343,1.479280744280134,30.74627,0.38801962963036507
3498,77.69262733852685,1.4682355608258928,30.758373,0.37204090661408296
3499,68.15484859272703,1.4597233363560267,30.768309,0.32803724789257005
3500,66.13418432528532,1.450899396623884,30.784885,0.31811594426496625
3501,65.70908867549227,1.4438727242606026,30.800558,0.3155878161718817
3502,63.51241215573077,1.4381670270647322,30.802946,0.30513378886130826
3503,71.83788316603132,1.4289654323032923,30.80887,0.3421259107604702
3504,71.54893617021239,1.4198199680873327,30.82036,0.34003486112241676
3505,63.54323908148056,1.4112848554338728,30.834002,0.3029810774963171
3506,59.912136658387524,1.4076974051339286,30.84876,0.28619898668890686
3507,63.00478735547852,1.3998778206961495,30.864475,0.2995650258605644
3508,62.243125808922485,1.393082754952567,30.876675,0.2955294806493972
3509,59.954030324502085,1.389122554234096,30.886898,0.28480496283600854
3510,63.87418743818765,1.383319309779576,30.897556,0.3020977751637443
3511,64.5229900172668,1.3778942653111048,30.904465,0.3045790562917975
3512,63.27013260972388,1.3748893737792969,30.9059,0.2986379446864203
3513,67.87119314093515,1.3692354474748885,30.907131,0.31903309346055314
3514,69.09716373050561,1.362865992954799,30.909567,0.32405273490539405
3515,62.29745035285673,1.3589063371930803,30.911842,0.29286131560366413
3516,42.108284116071374,1.3541624886648995,30.916986,0.20084831853465523
3517,65.19133136760944,1.357098170689174,30.925137,0.3058381074495219
3518,72.43286738953526,1.3552769252232142,30.9344,0.338541287056016
3519,72.18250731092085,1.350517817905971,30.940884,0.3369994068123864
3520,70.78121868779304,1.3470333644321986,30.954481,0.3303438895146713
3521,74.26250102668953,1.3413047790527344,30.969843,0.34565167281652676
3522,74.20967727265537,1.337777818952288,30.985474,0.3451111955371451
3523,75.26881720430107,1.3331609453473772,30.99741,0.3495233072841914
3524,73.00521944921445,1.3237838745117188,31.003437,0.33845251931194936
3525,68.60442843016956,1.313250950404576,31.00666,0.31758563329152995
3526,70.7451316291258,1.3081610543387276,31.016066,0.32686500227367665
3527,65.4683081662075,1.3047926766531808,31.027338,0.3026341283567776
3528,65.00624376173455,1.301962171282087,31.041697,0.30029611553356705
3529,72.39577676541424,1.2976319449288505,31.057209,0.3334568589934123
3530,68.2451486886585,1.295896257672991,31.06734,0.31447534197435084
3531,68.13044759427274,1.2918575831821986,31.075321,0.3136104555283516
3532,70.89826878204377,1.2906488691057478,31.086775,0.326066373392385
3533,76.05188496946471,1.2855785914829798,31.10216,0.3490185210505559
3534,84.055361800311,1.2820478166852678,31.115053,0.38503321677028746
3535,91.11245441882987,1.2782930646623885,31.124191,0.41673458866286317
3536,84.23399026531811,1.2749077933175224,31.139004,0.38523482252908753
3537,82.48164111496948,1.2713497706821986,31.15475,0.3769800924000394
3538,82.48569432543432,1.2680015563964844,31.170809,0.3767129385456741
3539,79.54079697691333,1.2675072806222099,31.186705,0.3633083009883914
3540,76.21147975024027,1.2670527866908483,31.204222,0.34816274930104163
3541,69.91388434912987,1.263643537248884,31.21529,0.31929663269239517
3542,68.33632774376728,1.2590326581682478,31.216534,0.311745233866718
3543,69.36898931418746,1.2559264046805245,31.214258,0.3161660299513557
3544,67.9332833702744,1.2528877258300781,31.21931,0.30939236085150335
3545,71.44481428754858,1.247875758579799,31.23308,0.3248985124557151
3546,74.94832800681694,1.2470806666782923,31.240723,0.34072791320993956
3547,73.53960400166098,1.2422757829938615,31.246132,0.33392604776024515
3548,66.58106895614814,1.2393755231584822,31.251244,0.3021043227840191
3549,68.94290380074446,1.2358343941824776,31.256523,0.3125191608511174
3550,67.13977010985954,1.23162841796875,31.259134,0.303978736313434
3551,65.62800803100939,1.2317259652273995,31.260895,0.2971274285309878
3552,73.27475548664354,1.2333602905273438,31.254227,0.3319639577319576
3553,75.67567567567568,1.2296371459960938,31.250084,0.34254062290802006
3554,72.10957769030603,1.2264960152762276,31.251566,0.32609155342799623
3555,85.29594584224789,1.2219467163085938,31.252892,0.3855367780015406
3556,78.91286708966621,1.2209249223981584,31.250101,0.3564863893732914
3557,71.74034303986221,1.2294458661760603,31.251055,0.32466772136636207
3558,66.34107076257821,1.2390360151018416,31.255028,0.30098637573471815
3559,65.63746017038856,1.236340114048549,31.260616,0.297563825494802
3560,76.33681672670632,1.2348785400390625,31.272875,0.3459875543639682
3561,78.94849356309459,1.243654523577009,31.28413,0.35858649020674843
3562,73.49730523730857,1.250150408063616,31.292185,0.3344056875400566
3563,72.05392745689791,1.2489089965820312,31.298576,0.3277504835635942
3564,73.82880380333035,1.2490288870675224,31.308702,0.33581421717369875
3565,73.6116967776202,1.252804892403739,31.316883,0.33515112167837113
3566,77.60610735334963,1.2535912649972099,31.322388,0.35334284084277834
3567,70.52052487146784,1.2521351405552454,31.332726,0.32106779758809556
3568,68.8282511636743,1.2500762939453125,31.337955,0.31321351406616604
3569,63.80409634198462,1.2501177106584822,31.338263,0.29041992223122814
3570,64.98562731688142,1.2481776646205358,31.33774,0.2956156713898045
3571,62.21582612690967,1.2497803824288505,31.337337,0.2831843710252521
3572,61.77834413518378,1.2528517586844308,31.3375,0.2814612303917098
3573,63.62291391872751,1.2529607500348772,31.336178,0.28984026876101165
3574,65.74971835815047,1.253516605922154,31.332226,0.2995380579762532
3575,68.29437047240032,1.2582299368722099,31.32683,0.31148639419495183
3576,74.89312045291747,1.2599165780203683,31.325039,0.34157209202015343
3577,72.26959012676467,1.259781973702567,31.324144,0.32965633251307186
3578,70.05841357070447,1.258943830217634,31.324617,0.3195516301623844
3579,73.47443697637976,1.2572310311453683,31.331898,0.3349057785461053
3580,71.96239840473994,1.2576860700334822,31.335659,0.32808370408759274
3581,73.29811629125057,1.261187962123326,31.343935,0.33444318110290994
3582,75.44394172162207,1.2597792489188058,31.346233,0.34405973406096263
3583,73.86380602585973,1.2575808933803014,31.350231,0.3367023795263524
3584,70.30318157321699,1.254601069859096,31.355385,0.32029190296486076
3585,63.76380577054512,1.2540125165666853,31.354553,0.29056926380606757
3586,66.04651162790682,1.2534773690359933,31.357933,0.30088141247178174
3587,68.79522827946101,1.2494000026157923,31.362192,0.3130059965243255
3588,67.96190502442956,1.2485705784388952,31.362968,0.3091540530220352
3589,72.37436164535178,1.2460381644112724,31.365046,0.3289596222642061
3590,76.70054083688747,1.2427629743303572,31.364609,0.348310361230397
3591,76.62221548259912,1.2400730678013392,31.36366,0.34772555665943894
3592,74.92168170477717,1.2377935137067522,31.364214,0.3398149704673653
3593,70.44412377745797,1.2354365757533483,31.36332,0.319297025813728
3594,66.66666666666667,1.2334600176130022,31.364946,0.3019882314875961
3595,67.49083623614055,1.231576647077288,31.368572,0.30556728519143495
3596,71.09626090449906,1.2283832005092077,31.376984,0.3216545687501645
3597,74.30678680482066,1.2265101841517858,31.385881,0.33606260753583106
3598,77.92207792207792,1.2287134443010603,31.389288,0.35265490677070116
3599,71.56165633674298,1.2292218889508928,31.390871,0.3238378282675113
3600,71.57804228175478,1.2294578552246094,31.394566,0.3239323034433941
3601,71.60274037315381,1.2284349714006697,31.397406,0.32395713667336673
3602,66.1088100105229,1.229781014578683,31.396004,0.2991431985996186
3603,77.59053863004205,1.2301101684570312,31.39269,0.3512696624571233
3604,60.81914994718816,1.2271733965192522,31.392653,0.2749189583156193
3605,70.40872721988444,1.2255374363490514,31.394833,0.3182921867916291
3606,78.35820895522389,1.222320556640625,31.399921,0.35408864940798745
3607,78.78014458770637,1.2229788643973214,31.40927,0.3560593265162216
3608,76.76462282905155,1.226590292794364,31.41683,0.34722188089252026
3609,70.882382711175,1.2242491585867745,31.417076,0.32033153258595726
3610,71.60179554220906,1.2219810485839844,31.414322,0.32340244045664956
3611,69.55891173005344,1.216895512172154,31.418705,0.3136991373037404
3612,65.37107828222948,1.2163173130580358,31.420189,0.29464751466192013
3613,69.76777288602794,1.2125941685267858,31.42219,0.3142800147726728
3614,74.72396866390935,1.2115898132324219,31.42435,0.3366831199928424
3615,70.07197354738553,1.2070824759347099,31.424309,0.3151902736262091
3616,77.25513030341328,1.2059636797223772,31.42337,0.34768846395063085
3617,79.4773172394544,1.2017876761300224,31.422953,0.3574155051083897
3618,80.6946078159676,1.2008274623325892,31.423744,0.3628570765149083
3619,84.14666473876981,1.1989686148507255,31.413826,0.3783622717094438
3620,72.484547164742,1.2004530770438058,31.400826,0.32557196257858495
3621,65.7649092671876,1.2002334594726562,31.395176,0.2950628472901343
3622,61.92960232903636,1.198599134172712,31.397774,0.2775207457230393
3623,65.28598553706566,1.1970787048339844,31.397116,0.29262068229753846
3624,61.606082011936536,1.1950122288295202,31.390709,0.2757468693299213
3625,61.880623860693355,1.1945381164550781,31.37538,0.2769521704790867
3626,66.65948447340438,1.192185538155692,31.368048,0.29843563630611913
3627,71.83745862945513,1.1894771030970983,31.365055,0.3216997330566914
3628,70.72780507476992,1.189474378313337,31.367006,0.3166644429335285
3629,75.76975987932586,1.185410635811942,31.365803,0.33919576679088775
3630,59.52969169346716,1.1852302551269531,31.357908,0.26549100462383
3631,45.12278888746126,1.1845141819545202,31.352695,0.2000585528094869
3632,62.103041506143775,1.1884525844029017,31.350857,0.2774423998740462
3633,42.67135651561169,1.1906602042061942,31.345274,0.18945931834684604
3634,42.31831670372037,1.191962650844029,31.340107,0.1879684750754993
3635,63.97622544598895,1.1960879734584264,31.339314,0.28659314787554324
3636,62.940723399825934,1.1978623526436942,31.343466,0.2820458770608687
3637,58.42437764535424,1.1959642682756697,31.347935,0.2613910648251616
3638,64.31897467850392,1.1927266802106584,31.343899,0.28786171325705157
3639,68.94214256304919,1.1870722089494978,31.341913,0.308357127765925
3640,71.19212623093188,1.1851496015276228,31.33842,0.31840247279946393
3641,72.34817177309577,1.183351789202009,31.333914,0.323494711796914
3642,75.09252325546494,1.1854585920061385,31.332249,0.336126892558113
3643,64.72328244274794,1.1882455008370536,31.337776,0.2893140936396025
3644,65.32684464530476,1.1895817347935267,31.344486,0.29216671757565904
3645,66.37464429870364,1.1875005449567522,31.349249,0.2967436231436752
3646,67.77929237633265,1.1865032741001673,31.355206,0.3030321696798081
3647,69.23562836906315,1.187232426234654,31.364832,0.309702484654188
3648,74.49167756557624,1.1833381652832031,31.379694,0.3332197166023614
3649,70.45928613246909,1.1842842102050781,31.387802,0.3150034046681511
3650,72.22372386226023,1.183119637625558,31.39798,0.3229102303176911
3651,67.75571692315106,1.1803065708705358,31.40801,0.3023967233418684
3652,66.7497161864985,1.1798384530203683,31.407991,0.297792068268362
3653,72.8847290759135,1.180661337716239,31.404839,0.32569989343441513
3654,71.22952179300766,1.1888574872698103,31.406284,0.31888837444938306
3655,70.39785030230122,1.192145756312779,31.410767,0.3153950945186712
3656,74.23007074121533,1.191321781703404,31.419134,0.33271354021767147
3657,74.89901896209162,1.1858106340680803,31.42927,0.3352788891565176
3658,76.09839973716213,1.1820177350725447,31.435463,0.3403976152469938
3659,76.86620534806859,1.179170880998884,31.436945,0.3436387486094147
3660,75.67692855444052,1.1768450055803572,31.435263,0.3380440427523398
3661,73.56881184036556,1.1761185782296317,31.430681,0.32841650234725556
3662,77.15722624218698,1.174391610281808,31.425991,0.344551667250262
3663,71.92220555078384,1.172126225062779,31.42296,0.3206045399477369
3664,72.46386765408532,1.170255388532366,31.419203,0.32290278375260945
3665,73.98279664213992,1.1698412214006697,31.418163,0.3297596091656192
3666,73.43579075328059,1.1688297816685267,31.415749,0.3271913091273123
3667,77.79693997899874,1.1669246128627233,31.413664,0.3468175641154471
3668,78.24011966415078,1.1625257219587053,31.41126,0.3484533438018339
3669,73.19455214530917,1.1609458923339844,31.410156,0.3254243272259994
3670,79.068059958694,1.1603279113769531,31.40616,0.35202269083810905
3671,70.27319932998319,1.1578914097377233,31.403795,0.31190818131037756
3672,69.47520184544408,1.157585688999721,31.400814,0.30826119157345183
3673,69.8885242555754,1.1577202933175224,31.397926,0.3101481232176513
3674,75.65321026859486,1.155648912702288,31.397112,0.3361287573556333
3675,76.3722506802324,1.152111598423549,31.395079,0.3390897339920516
3676,74.2748138122703,1.15118408203125,31.395386,0.3294935039843173
3677,68.12313795850564,1.1523088727678572,31.393711,0.3016761738915173
3678,68.86496191133465,1.149538857596261,31.393454,0.30480596841127333
3679,69.82703589148613,1.1498800005231584,31.394632,0.30920047685394814
3680,69.13453098944335,1.1479018075125558,31.39548,0.30588952693019456
3681,72.60356788305381,1.145143781389509,31.397396,0.3213950842822121
3682,70.31592466505032,1.1440958295549666,31.40174,0.31092552106861493
3683,72.51954301436993,1.142167227608817,31.406647,0.32075997204084344
3684,66.52075541242145,1.1401443481445312,31.411753,0.2933679307043094
3685,62.164402728491886,1.138770512172154,31.414093,0.2734837971161045
3686,67.01022368881557,1.1384266444614954,31.415287,0.2954424044048537
3687,67.51359417241322,1.138958522251674,31.416262,0.2977718101879433
3688,63.69196016087332,1.1404304504394531,31.413229,0.2805566597873441
3689,64.40406427454589,1.1422407967703683,31.415339,0.2839422267715249
3690,72.32055991910431,1.144350869315011,31.423574,0.3200433126214117
3691,68.87305281599618,1.1432446071079798,31.428175,0.30430588919745133
3692,66.76208731231253,1.138101305280413,31.432661,0.2942887386780525
3693,63.432122684625035,1.136390141078404,31.437086,0.2790330769620717
3694,60.01898891187829,1.132307870047433,31.43967,0.2631978201062851
3695,61.99134199134213,1.129502432686942,31.442707,0.2719081248902095
3696,61.280090429888155,1.128711155482701,31.442541,0.26861333550232547
3697,61.005031033726816,1.1262871878487724,31.440254,0.2671585294072134
3698,66.531450491308,1.1244049072265625,31.439337,0.2920741550213979
3699,69.30768034657291,1.1239378792898995,31.437874,0.3046314803706515
3700,71.69211429103494,1.1240168980189733,31.435383,0.3154575985258033
3701,77.51807173060284,1.1223046439034599,31.43507,0.34174687936112497
3702,74.74570471006746,1.1214795793805803,31.436535,0.32909688829136996
3703,70.6472560113556,1.119497571672712,31.43743,0.31033112850874967
3704,69.55707776994687,1.1178267342703683,31.44201,0.30524194627592754
3705,58.64357474304552,1.116173335484096,31.445324,0.2555808730703047
3706,56.63689791511771,1.1153695242745536,31.454302,0.24640701706470064
3707,60.17987138003138,1.1138828822544642,31.468498,0.2623564892064961
3708,61.80249222508111,1.1135989597865514,31.488403,0.26969492450204374
3709,59.58355643019239,1.1124894278390067,31.508007,0.25953186978581055
3710,61.09778089899828,1.1116681780133928,31.526655,0.266332631243317
3711,63.09424444767004,1.1103995186941964,31.54629,0.275283398221851
3712,63.06962286284984,1.1102196829659599,31.560932,0.27515634076900175
3713,63.425085716598076,1.1095363071986608,31.566406,0.2767109747419452
3714,62.66269249875788,1.106600080217634,31.571411,0.27300120240279785
3715,63.33056543197483,1.1061357770647322,31.572712,0.2759920815868919
3716,61.199119029121995,1.1038872855050224,31.574081,0.266128876619542
3717,62.01146405574794,1.1042158944266183,31.57405,0.269842920359913
3718,63.45534450713462,1.1024398803710938,31.57587,0.27624307050681546
3719,61.14119927188596,1.1021548679896764,31.575827,0.2657183199407643
3720,60.23187936853674,1.1017772129603796,31.571615,0.26156006949021227
3721,62.4714445008893,1.0988289969308036,31.570288,0.2714706735316124
3722,64.16386254118251,1.0991150992257255,31.570902,0.27917442724494135
3723,62.13548380427227,1.098341805594308,31.573332,0.26990470136116146
3724,63.16891646206735,1.0961292811802454,31.576138,0.27440521603592805
3725,64.57923980124984,1.095334189278739,31.575016,0.28073675649657903
3726,62.645402341161535,1.0931194850376673,31.572025,0.2717730844307881
3727,63.24035004130458,1.093752179827009,31.569199,0.27452662018799767
3728,64.12213740458016,1.091820308140346,31.56831,0.27836297856019143
3729,62.453162955767944,1.091017586844308,31.567926,0.27072154149373195
3730,61.44358459029563,1.0895641871861048,31.570898,0.2660166252566144
3731,64.92444114963527,1.0873772757393974,31.572416,0.2816245206894602
3732,64.08459911872811,1.088451930454799,31.570011,0.27790538352102356
3733,62.65675331523891,1.0871571132114954,31.573128,0.2713161013597259
3734,69.21865821683312,1.0857494899204798,31.574793,0.30097072673874103
3735,66.13589004286474,1.0859969002859933,31.576902,0.28700375284242413
3736,61.715146703237515,1.084231240408761,31.583527,0.26679403051282824
3737,64.36508193361199,1.0851331438337053,31.589275,0.27889503985347064
3738,65.21205187810469,1.0840682983398438,31.589281,0.2826473565187959
3739,63.88264577366445,1.083153315952846,31.587204,0.2765371383181481
3740,65.98777868797977,1.0821549551827567,31.578175,0.28600404484287834
3741,68.35253603866155,1.0797920227050781,31.571999,0.2965326237692879
3742,68.53430865092915,1.0803189958844865,31.571686,0.2974023595578022
3743,73.85503191679902,1.078061240059989,31.577572,0.3213526162213827
3744,71.09213293481069,1.0778372628348214,31.583878,0.308796848865156
3745,67.03014183732208,1.076822008405413,31.588934,0.290278963095293
3746,73.57874382842378,1.0754198346819197,31.593227,0.31987369121584985
3747,64.58824219335236,1.0756639753069197,31.598959,0.2791000726439452
3748,58.34823544611142,1.073605673653739,31.599598,0.25061047749911797
3749,64.04874258667884,1.0733451843261719,31.603518,0.2764543377302572
3750,65.69989511928114,1.0719054085867745,31.606077,0.28382366119897257
3751,66.33474738835183,1.0723975045340401,31.608334,0.28674627343582615
3752,68.45501398970801,1.0715582711356026,31.61081,0.2962954199686675
3753,72.14073477069257,1.0680983407156808,31.611176,0.31272432097459457
3754,70.45869429574401,1.0685381208147322,31.60428,0.3051295608401416
3755,71.23691578214112,1.0664705548967635,31.592182,0.3084844162103721
3756,71.30281834112856,1.0655065264020647,31.584475,0.30870123423931406
3757,66.3215184420524,1.065136500767299,31.581608,0.28606700781574357
3758,63.98693051426349,1.0636705671037947,31.574749,0.27534878609210967
3759,64.20884169909527,1.0639593941824776,31.565979,0.2763803410428668
3760,65.60056694215636,1.0648907252720423,31.561937,0.28277472686551774
3761,63.96466729865838,1.065014430454799,31.555994,0.27536237517582507
3762,65.43316270238691,1.0630138942173548,31.546429,0.2818550678787391
3763,64.17027028267638,1.060931614467076,31.54432,0.27594710534078204
3764,62.31443598265884,1.061791011265346,31.543476,0.2675995410976995
3765,64.95017167159108,1.0605081830705916,31.539944,0.27944979978186113
3766,66.91292764952303,1.0603485107421875,31.534447,0.28834219610435846
3767,68.10006171074201,1.0605948311941964,31.531923,0.2937498288939998
3768,71.44261069877845,1.058443886893136,31.530586,0.3087332205123913
3769,69.3069306930693,1.0580002920968192,31.533371,0.2990047323249102
3770,63.70654609398748,1.0560493469238281,31.532988,0.27342658107881757
3771,66.0460404121358,1.054933820452009,31.536774,0.2839469112478593
3772,64.77526150492749,1.055392129080636,31.538338,0.27821983240042225
3773,65.05582829268309,1.054098401750837,31.535414,0.27938257262267424
3774,69.1992225461621,1.052081516810826,31.530724,0.29801123602160107
3775,74.51457169295269,1.0517943246023995,31.520725,0.3221051629120059
3776,81.34287040618908,1.0508929661342077,31.516188,0.3530117270652492
3777,82.33142857142957,1.0505567278180803,31.516651,0.3574686385963599
3778,74.32845090533569,1.049079350062779,31.522177,0.32102909822990483
3779,71.86934664973207,1.0469251360212053,31.532478,0.30968718461271416
3780,66.06557675351884,1.0465175083705358,31.544924,0.283317790255098
3781,62.52619271853936,1.045395987374442,31.556623,0.2671621735469124
3782,63.76561032846216,1.044471195765904,31.57454,0.27270716736790324
3783,64.26042571287454,1.046109335763114,31.591986,0.2750920995647367
3784,66.80014031288054,1.0444940839494978,31.608465,0.2864783121082798
3785,70.9901709401709,1.0441409519740514,31.625126,0.30546047787571917
3786,68.97560975609774,1.0432581220354353,31.641468,0.2962441076266416
3787,71.62215518635568,1.0426461356026786,31.661285,0.3082006268671344
3788,70.765663297196,1.0424668448311942,31.680271,0.304299000829344
3789,68.71989122897926,1.041146959577288,31.698954,0.29490373772970724
3790,71.04359811088115,1.0402232578822546,31.719624,0.30536879170628073
3791,68.75944065135651,1.0373213631766183,31.739515,0.2947569355730686
3792,65.78902738412323,1.0360750470842635,31.757252,0.28117238327105304
3793,66.12004444711377,1.0336815970284599,31.77519,0.28247025432559103
3794,66.56101426307448,1.0343388148716517,31.794197,0.28452720617173954
3795,69.24577952797843,1.0337104797363281,31.80969,0.29665575381101766
3796,71.11513619541365,1.0325230189732142,31.827204,0.30503669761850183
3797,68.62790232131779,1.032029288155692,31.840513,0.2937087565074348
3798,63.116609548603904,1.0303889683314733,31.851122,0.26856135082452204
3799,68.87940869640268,1.0293001447405135,31.863619,0.2946172185836861
3800,65.51615156280427,1.029111044747489,31.8737,0.2793402979796313
3801,55.423190533505625,1.0284919738769531,31.885809,0.2334906480444442
3802,59.48645478411025,1.026900155203683,31.89563,0.25179197208290605
3803,63.390767939505885,1.0248609270368303,31.906473,0.26933389848327
3804,64.38242016351234,1.0226304190499442,31.915903,0.27364330057054587
3805,68.56047758470021,1.02252197265625,31.92953,0.29259200535210095
3806,71.29994855084898,1.020223890032087,31.941057,0.30482637949123825
3807,69.91487767151098,1.0202696663992745,31.952576,0.2985455183978541
3808,71.40203949689014,1.0187650408063615,31.964378,0.3051652027503902
3809,68.08334302660812,1.0180702209472656,31.975458,0.2900473471063747
3810,65.4782676589621,1.0175552368164062,31.98731,0.27818288717130407
3811,64.55753797548743,1.0160789489746094,32.0,0.2738791702384688
3812,63.19465463357685,1.0153917585100447,32.00952,0.2676364756780175
3813,61.95703081688716,1.0134195600237166,32.020226,0.26185255758004783
3814,64.64969631833625,1.012845175606864,32.031673,0.2740215536483631
3815,65.38602444610108,1.01177978515625,32.038666,0.277271786122053
3816,65.55028161337205,1.012899671282087,32.04724,0.2781126108201045
3817,70.3184945899004,1.0112315586635046,32.05508,0.29960613614819714
3818,67.6361167832231,1.011171613420759,32.063046,0.28742972308676856
3819,66.67401871678508,1.011406489780971,32.072994,0.2830842299288127
3820,72.23402343256231,1.0080272129603796,32.08364,0.30802458066763416
3821,70.29157994505229,1.008735111781529,32.092834,0.29927110668437606
3822,66.9545807183459,1.0103340148925781,32.10272,0.28426581747625573
3823,70.31103799737988,1.0069612775530135,32.113922,0.29920812001107117
3824,66.22688910262023,1.0058032444545202,32.123844,0.28057751656714386
3825,65.78785472198327,1.0058130536760603,32.13442,0.27858623274760363
3826,70.54386202389202,1.0042555672781808,32.1399,0.30003380929624174
3827,74.59344777981204,1.0046898978097099,32.129402,0.318445862920115
3828,80.2868892802059,1.003140585763114,32.12442,0.34414774828203
3829,74.72470528793089,1.0014152526855469,32.11689,0.31876217329891443
3830,66.43360170925277,1.0021798270089286,32.109142,0.2812064604742998
3831,62.44417246830184,1.0020621163504464,32.10538,0.2630943695447147
3832,62.484327252163254,0.9994054521833148,32.098763,0.2630500041107947
3833,59.5230206098712,0.9972730364118304,32.09647,0.24943120403713134
3834,61.63976630468167,0.9977357046944755,32.097446,0.25907540434960674
3835,63.24430092315623,0.9964545113699776,32.095222,0.26624672319679976
3836,62.71800689578464,0.9960447038922992,32.09053,0.2638237122421323
3837,63.57726899425146,0.9949297223772321,32.083202,0.2676275288650013
3838,67.09592180797436,0.9939602443150112,32.078453,0.28351075117322105
3839,76.13115018226516,0.994429452078683,32.072266,0.3245481539113186
3840,81.74882691972104,0.9943335396902901,32.062946,0.3500302064276575
3841,80.68980475497467,0.9924697875976562,32.054092,0.34506594270791063
3842,79.12210195463453,0.9919351850237165,32.043633,0.33790689211247493
3843,75.29331617282726,0.9929858616420201,32.027378,0.32062336498208643
3844,72.16759926819022,1.007209232875279,31.998951,0.30765342105103266
3845,80.80274402428293,1.0278167724609375,31.95709,0.34859289733974885
3846,75.38697724290563,1.0298565455845423,31.93025,0.3241927901287201
3847,82.30697835436446,1.0324772426060267,31.91308,0.3558158252962039
3848,85.66227072731917,1.0409469604492188,31.912605,0.37176280059696515
3849,84.92661808712089,1.0399338858468192,31.91378,0.36833837569197153
3850,78.60755838529226,1.0379415239606584,31.913912,0.3394957009603112
3851,79.14827874921231,1.0292652675083704,31.922735,0.3412092858955175
3852,83.31382168914357,1.0192407880510603,31.935118,0.35925553843433017
3853,86.32878536127589,1.0073443821498327,31.939949,0.37192138937496855
3854,87.86919819002885,1.008446284702846,31.931623,0.3790049925764788
3855,85.8883647798741,1.0068163190569197,31.929789,0.3698779443703897
3856,73.45004302410595,1.0069171360560827,31.929146,0.31344760421898704
3857,64.8306194255797,1.005770002092634,31.932478,0.2742391019375583
3858,61.87619351445316,1.008162362234933,31.935545,0.2610374090741654
3859,63.45766176323448,1.0073340279715401,31.935476,0.26814268528946833
3860,65.56291640980614,1.0078849792480469,31.936535,0.27774227394829876
3861,66.91653804360222,1.0107672555106026,31.940865,0.2841301466791323
3862,66.9424156065128,1.005347660609654,31.943064,0.28378536763938506
3863,71.20431062812274,1.0057918003627233,31.942408,0.30316161202203423
3864,69.73128540727923,1.0060054234095983,31.934956,0.2964959721743391
3865,69.83861395178947,1.003286634172712,31.92947,0.2967511097623165
3866,66.81527560648372,1.0036577497209822,31.93182,0.28306434890016097
3867,64.39314410023972,1.004061562674386,31.921312,0.2721083551675864
3868,69.89926352881706,1.0033471243722099,31.926527,0.29703146625487564
3869,71.02147699697943,1.0013880048479353,31.930832,0.3019564353315875
3870,67.29857564437086,1.0009002685546875,31.934938,0.2850221589871379
3871,71.9133955451745,1.000711168561663,31.946074,0.3059457970159815
3872,76.74830849124919,0.9993972778320312,31.955397,0.32777218279919335
3873,72.03384724922653,0.9969324384416852,31.963697,0.3061700861989179
3874,78.93580008994718,0.999589102608817,31.97509,0.3377142946421139
3875,72.77733305789452,0.9949760437011719,31.98159,0.309376809279791
3876,65.24870494154464,0.9947798592703683,31.988974,0.2751988958622398
3877,64.33084532132602,0.9927346365792411,31.998606,0.27085968145851125
3878,63.167042292301154,0.9948921203613281,32.00121,0.2657629166443283
3879,64.98718800233353,0.9910937717982701,32.006233,0.2736979015248996
3880,66.84916886271412,0.9879875183105469,32.013367,0.28188173743130757
3881,65.22968390976182,0.9893428257533482,32.01812,0.27464890204204734
3882,75.10186127100192,0.9858191353934151,32.0323,0.3191434385843243
3883,75.05439439033223,0.9856703622000558,32.043777,0.3189153696059787
3884,68.41269841269936,0.9864719935825893,32.05457,0.28884701115106703
3885,68.44458254424487,0.9835150582449776,32.065456,0.2887395096105787
3886,69.97084454696939,0.9848245893205915,32.078934,0.29577661053423276
3887,69.64796788791402,0.9835161481584821,32.08933,0.2941999687003372
3888,73.65362937178774,0.9855106898716518,32.10036,0.3125457750350708
3889,73.55444396753288,0.9832545689174107,32.105408,0.31190331237580915
3890,68.98125458651977,0.9816098894391742,32.11183,0.2910121830373396
3891,75.777787598118,0.9810878208705357,32.118042,0.32180695711378954
3892,68.38081102026788,0.9835575648716518,32.114056,0.2884537711350419
3893,62.39709025613484,0.9791406903948102,32.114388,0.26092592888082466
3894,66.64891890381611,0.9792295183454242,32.119,0.28022619503950924
3895,65.84681815381438,0.9770894731794085,32.11952,0.27640415027148246
3896,68.99349957446925,0.9783782958984375,32.12115,0.2907921451598159
3897,69.43912580209249,0.9755815778459821,32.119,0.2925756639375946
3898,72.39918881486787,0.9744927542550224,32.11398,0.3059141045083583
3899,52.31402407666255,0.9776627676827567,32.074146,0.21504793152148946
3900,59.57304564739394,0.9732240949358258,32.035828,0.24760723017728534
3901,74.23085782000923,0.9713472638811383,32.002396,0.3139570540079491
3902,74.60130338567146,0.970421382359096,31.988626,0.315558990514153
3903,72.81099005896414,0.9698202950613839,31.982378,0.3073841736962742
3904,68.18746787434206,0.9694747924804688,31.975183,0.2863754565771214
3905,71.32775414905443,0.969872065952846,31.974916,0.3006583995874418
3906,67.4124461615263,0.9706284659249442,31.97815,0.28295718082276855
3907,66.90872697031914,0.9685946873256138,31.985176,0.2804981063702089
3908,66.52422939512135,0.9673914228166852,31.992422,0.2786508291325609
3909,64.85533040463471,0.9690453665597099,31.997204,0.2712192458967713
3910,66.50848908158784,0.9677723475864956,32.00011,0.2786118937491898
3911,69.31292323141848,0.9653298514229911,32.001797,0.29112872261117045
3912,70.10693206979666,0.9642524719238281,32.007236,0.2946396590952959
3913,72.16942589713102,0.9637429373604911,32.0111,0.3039547790811159
3914,71.5289747472071,0.9678622654506138,32.012028,0.30140003736208937
3915,73.3788702646841,0.9667652675083706,32.01554,0.3097003910472188
3916,70.06029258737863,0.9652884347098214,32.020157,0.29451638212120523
3917,71.36598964555938,0.9654083251953125,32.024815,0.30045121270612485
3918,70.09129363753715,0.9632132393973214,32.03418,0.29448007091258577
3919,71.23168401183287,0.9616056169782367,32.03433,0.29951749445947606
3920,69.25163110973867,0.9626421247209821,32.03839,0.2906213923078518
3921,73.84542789977627,0.9599712916782924,32.0463,0.31123798857175194
3922,71.36026519067394,0.961075919015067,32.05163,0.3000557579468477
3923,72.77402752842559,0.960226331438337,32.05805,0.30639825533076964
3924,69.26256382692836,0.9614410400390625,32.065033,0.290568567613432
3925,73.89599472327069,0.9582252502441406,32.07283,0.31131852832973006
3926,72.51220541674589,0.9608644757952008,32.066174,0.30526465916070916
3927,74.25962874300384,0.9592078072684151,32.063828,0.31305231452821397
3928,76.29993854831001,0.957968030657087,32.065258,0.3222044972837144
3929,76.82314417944978,0.9579871041434151,32.073566,0.3245801717122026
3930,80.62124542124552,0.9568819318498883,32.08731,0.3417198200637466
3931,79.84099607891146,0.955681392124721,32.103745,0.3380770498690928
3932,83.56103225806437,0.9542012895856585,32.121544,0.3548305025390069
3933,86.33142657560373,0.9528852190290179,32.1369,0.3672889403219193
3934,74.20665080719152,0.951460702078683,32.14785,0.3121512315752888
3935,68.18891306404339,0.9526923043387276,32.15832,0.2849507554246766
3936,74.9585693914511,0.9483108520507812,32.171066,0.31529443712269906
3937,74.77085093833556,0.9466432843889508,32.170956,0.31430044888819797
3938,69.967413330413,0.9440432957240513,32.16459,0.292283095729838
3939,71.63558898615052,0.9408302307128906,32.167545,0.29957843049910826
3940,73.21454589897948,0.9389833722795758,32.1671,0.306585448855309
3941,75.395745282139,0.9389217921665737,32.16453,0.3164773986477832
3942,75.90766875004583,0.9368373325892857,32.16662,0.3186224848815531
3943,75.56235755524762,0.9352280752999442,32.173573,0.3169183917840446
3944,69.63488239326345,0.934227534702846,32.18367,0.2899371189383655
3945,71.81326154212108,0.9338062831333706,32.19648,0.2997855980925988
3946,69.01340941336915,0.9312842232840401,32.2079,0.2868661685998657
3947,66.85570588466409,0.9317725045340401,32.217144,0.2771172216437591
3948,66.80545120388851,0.9303795950753349,32.22988,0.2767703995026686
3949,63.24072055105954,0.9269975934709821,32.239803,0.26030699214024494
3950,65.58161062153214,0.9271915980747768,32.249123,0.2709453361061919
3951,73.33124169515517,0.9249730791364398,32.256,0.30592011856001416
3952,71.16859982885701,0.9225093296595982,32.259846,0.2958970062316339
3953,69.85329324351078,0.9219720023018974,32.262794,0.2898829721628182
3954,65.72954902888546,0.9201245989118304,32.26602,0.27101391331081104
3955,63.49257410554829,0.920555659702846,32.269096,0.2609003921380421
3956,64.83398557509513,0.9193921770368304,32.273026,0.2668878272751354
3957,62.14085947513017,0.9207818167550224,32.278065,0.25478626854865594
3958,63.665721863389905,0.9202564784458706,32.280746,0.26166053579368964
3959,68.46638179349213,0.9185791015625,32.28361,0.28330049922920214
3960,68.47911170292807,0.920053209577288,32.277195,0.2834839774056729
3961,68.27990296835918,0.9191104343959263,32.266235,0.28249966435081475
3962,65.81892622976343,0.9199916294642857,32.243523,0.27140812272596015
3963,63.77401899669691,0.9217491149902344,32.23938,0.26227923082294846
3964,68.9689949025328,0.9223393031529018,32.238796,0.2859017891318232
3965,77.97403602464341,0.9222510201590401,32.23459,0.3267546726739465
3966,73.17270721180313,0.922525133405413,32.22709,0.30499199983380054
3967,72.55895550598909,0.921431405203683,32.221004,0.3021138225692444
3968,68.19456411847432,0.9226695469447544,32.21395,0.28241597027754706
3969,66.09178153553619,0.9205000741141183,32.19206,0.27268956645931214
3970,69.60902879543289,0.9203752790178571,32.173008,0.2886384480462222
3971,68.47733201681561,0.9205807277134487,32.155224,0.2835208903314666
3972,71.21814542349483,0.920919690813337,32.120434,0.29598625062043904
3973,75.90517135591882,0.9192908150809151,32.110252,0.3171147356231567
3974,70.96989271483501,0.9220286778041294,32.109966,0.2949543804843665
3975,79.2352125257969,0.9195256914411273,32.11247,0.33224484258974507
3976,80.70170188153186,0.9181393214634487,32.11968,0.33878081070086546
3977,60.733821983716645,0.9159693036760602,32.123726,0.24799140500563369
3978,49.422845757751574,0.9164096287318638,32.129658,0.19670535423321117
3979,68.78237047691346,0.9179098946707589,32.12958,0.28467722734795126
3980,67.91497429586131,0.9156069074358258,32.12628,0.2805450081157152
3981,66.08653702455925,0.915327889578683,32.12268,0.27222467074165696
3982,66.79078956521758,0.9146624973842076,32.115215,0.2753634730999408
3983,69.18524327680252,0.9139219011579242,32.111256,0.28616515687786187
3984,67.05334595555625,0.9137769426618304,32.10479,0.2764793011972165
3985,67.38434671147212,0.9130374363490513,32.091885,0.2779181513228681
3986,72.42540421705812,0.9133992876325335,32.096264,0.3008228310091989
3987,74.72901872500263,0.9119224548339844,32.10703,0.3111495431466627
3988,76.63302348051229,0.9111409868512835,32.073227,0.3197223270301933
3989,77.0460516567353,0.9128973824637276,32.05255,0.3217462345983268
3990,72.89267035480437,0.9130080086844308,32.051258,0.3029096837152352
3991,73.25418082623801,0.9139022827148438,32.054832,0.304626305277398
3992,75.6259053721189,0.9153861999511719,32.05646,0.31551456825495666
3993,78.03958024889744,0.9107464381626674,32.042484,0.32607093613337607
3994,72.94678904760215,0.9119829450334821,32.03347,0.30306782714786795
3995,61.50576233011172,0.912118639264788,32.02638,0.25116569192432003
3996,58.565859469063135,0.9064440046037946,32.013073,0.23734192101648133
3997,59.13307192823643,0.8962222508021763,31.996346,0.23904390950194981
3998,60.800555754029226,0.8932233537946429,31.984537,0.2463543699512941
3999,64.28120405965909,0.8923138209751674,31.973024,0.26207025894382757
4000,66.34742269703287,0.8925797598702567,31.970587,0.27146841487106194
4001,73.83528675633505,0.8919568743024554,31.983755,0.3053915085676898
4002,73.69215844407785,0.891165052141462,31.996122,0.3046745343750796
4003,74.35139404222065,0.889984130859375,31.993525,0.30756510636564915
4004,71.22065086718813,0.8889999389648438,31.9875,0.2932754111250692
4005,77.81156003379353,0.8879639761788505,31.984814,0.32309333975398435
4006,69.94483179283125,0.8880102975027901,31.99577,0.2874019771624145
4007,65.09863422285326,0.888312748500279,31.99197,0.265438128869702
4008,65.24572200935846,0.8892064775739398,31.988243,0.26618176010732697
4009,65.26006422531977,0.8899290902273995,31.942148,0.2663084644524706
4010,54.75183823529436,0.8881252833775112,31.902096,0.2184735103024592
4011,52.65012254901937,0.8894059317452567,31.85504,0.2090461837602566
4012,43.1924329795989,0.8906833103724888,31.812471,0.16624081543930325
4013,33.168899265322196,0.8904130118233817,31.802114,0.1207359365462414
4014,23.145365551045487,0.8907372610909599,31.810915,0.0752817623956531
4015,31.67798439395236,0.893761226109096,31.817698,0.1142564492610813
4016,71.11842591478651,0.8917110988071987,31.820288,0.2930427804514513
4017,72.34753744352004,0.8990309579031808,31.827148,0.2992441378358644
4018,51.59579767527236,0.9062014988490513,31.831417,0.20569455425890779
4019,30.844057907024677,0.9062745230538505,31.840801,0.11153967410452131
4020,54.801306901095714,0.9036352975027901,31.85128,0.22002071305927895
4021,77.74395299316771,0.904303959437779,31.857857,0.3241800931400174
4022,59.417644281152,0.9014467511858258,31.857128,0.2407807181414674
4023,50.84568588293327,0.902076176234654,31.84258,0.20193909945550148
4024,51.5183119464633,0.9015938895089286,31.839626,0.2049500122980484
4025,53.76761459908582,0.8983797345842633,31.84645,0.21488212034781673
4026,65.12129246001523,0.8988467625209263,31.864614,0.2664393116360768
4027,63.3247512327643,0.9009977068219867,31.88071,0.2584709368381422
4028,41.85538152167203,0.9027072361537388,31.898632,0.16119937360111453
4029,41.739757665986254,0.9046391078404018,31.914894,0.16083948541832788
4030,77.05951192135308,0.904228755405971,31.93114,0.32106802523667466
4031,80.83330674611801,0.9094325474330357,31.933783,0.3386354296831847
4032,80.04985678651134,0.9091360909598214,31.94954,0.335055239485863
4033,68.49854763711029,0.9053072248186383,31.963627,0.28231458818068356
4034,64.72340148157569,0.9028674534388951,31.974604,0.26497677567073885
4035,67.52411575562701,0.903482164655413,31.990128,0.27773745299136243
4036,72.49740693561276,0.9032200404575893,32.002365,0.3002814282676389
4037,80.03330670257333,0.9083300999232701,32.001255,0.33491140618277154
4038,84.16501457223495,0.9116946629115513,31.99889,0.3539459878740162
4039,86.7950896427666,0.9121099199567523,31.993572,0.365915379055952
4040,79.55456088278689,0.9135774884905133,31.98466,0.33318660732201427
4041,78.39965772834005,0.9111507960728237,31.963554,0.3277392740368507
4042,72.67365041566063,0.9119883946010044,31.954018,0.30182892419309004
4043,75.43583539699215,0.9070102146693638,31.95178,0.31393779689051027
4044,78.16562564990755,0.9087322780064174,31.932165,0.3264710943259809
4045,83.38907062265395,0.9184761047363281,31.901903,0.3510034796896129
4046,79.85488412388976,0.9392563956124442,31.882427,0.3367392961367822
4047,77.55219987624233,0.9679358346121651,31.86237,0.3287367213105866
4048,69.12647644695164,0.9684786115373883,31.855885,0.29055125482055943
4049,71.5656022743988,0.9635718209402901,31.856512,0.3012003335139739
4050,69.93823297803495,0.9568192618233817,31.844152,0.29324026077599197
4051,66.66390807801825,0.9445811680385044,31.824163,0.27733929782478817
4052,69.48200478609292,0.9365506853376117,31.807098,0.2894415610895917
4053,72.96303922658798,0.9406465802873883,31.78849,0.30558607940227484
4054,71.10948790079655,0.926283700125558,31.76793,0.2959506747405617
4055,75.41685659852463,0.9181267874581474,31.749933,0.3147997337118454
4056,71.73075870958945,0.9209709167480469,31.725224,0.29831660429100937
4057,69.05954510105057,0.9097540719168526,31.708857,0.28523935644076265
4058,66.76428101138991,0.9041938781738281,31.693304,0.27435039656216076
4059,61.52641338912725,0.901008061000279,31.677408,0.2503118542225843
4060,62.320812542504115,0.9026505606515067,31.664883,0.25405652085497155
4061,68.546457919208,0.9003208705357143,31.656261,0.2821067307004683
4062,67.3251338873496,0.9059366498674665,31.649397,0.2770438974501276
4063,72.05068217364051,0.9088565281459263,31.64336,0.2987351085821936
4064,65.46627975552063,0.9080979483468192,31.633692,0.26879366061542703
4065,65.21405148759175,0.9078739711216518,31.62278,0.26763007235201874
4066,72.9601149727554,0.907541002546038,31.611914,0.3027494719990797
4067,73.72800008916285,0.9087649754115513,31.604235,0.30633813791115605
4068,75.16071114737811,0.9117388044084821,31.597807,0.3130926871229148
4069,68.57187587751329,0.9141502380371094,31.588415,0.28340147290648315
4070,67.07314832357739,0.9128674098423549,31.582657,0.27649158696009984
4071,67.79025431326147,0.9112418038504464,31.578594,0.27960682211252275
4072,65.59421778143613,0.9122298104422433,31.578838,0.2697265570009093
4073,67.25356976442205,0.9118537902832031,31.582243,0.27722380563663124
4074,67.8440902515164,0.9106003897530692,31.588905,0.2797964012791242
4075,72.3786028254945,0.9101943969726562,31.600224,0.3003371472305781
4076,67.3087646984275,0.9101758684430804,31.599623,0.2773311549001174
4077,63.45044641524087,0.9103829520089286,31.593315,0.2598416798842976
4078,72.2682895133392,0.920858655657087,31.59675,0.30074607866211583
4079,82.34680519480463,0.9304569789341518,31.611557,0.3472959591600133
4080,87.74931362344068,0.9447392054966518,31.620134,0.37302789346992404
4081,76.63272271172558,0.9574623107910156,31.603956,0.32367137760699577
4082,52.33521222635214,0.9598061697823661,31.591892,0.21362121097448308
4083,42.23364547679854,0.9613778250558036,31.579397,0.16791934395359925
4084,83.35045303770269,0.9661799839564732,31.572802,0.3548965758276736
4085,52.19968996158538,0.9655254908970424,31.569807,0.21349403822193136
4086,39.86101238513855,0.9625505719866071,31.569223,0.15725352638295323
4087,69.78165638514966,0.9607195172991071,31.569921,0.29286241878638897
4088,69.12583789533517,0.96319580078125,31.566292,0.29009782414189783
4089,67.68429522961432,0.9588443211146763,31.564978,0.2831857114742873
4090,68.16639048295153,0.9571189880371094,31.563677,0.28522607939456657
4091,65.26361505809858,0.9554694039481026,31.560093,0.2719140422403693
4092,65.59317585145078,0.954308101109096,31.555809,0.27331038651261863
4093,64.12508256344546,0.953850337437221,31.548275,0.26660986754689886
4094,57.93103448275861,0.9544350760323661,31.538008,0.23855421609834587
4095,58.362662924267575,0.9496972220284599,31.527966,0.2401086742223236
4096,66.3577377073283,0.9479871477399554,31.517908,0.2762405201740012
4097,64.11222503661813,0.9490350995744977,31.50499,0.2661408691729669
4098,58.4848451608635,0.9457103184291294,31.494118,0.24032306207288545
4099,60.488767856068804,0.9448122297014508,31.48177,0.24933927828321897
4100,63.105053103875356,0.9454623631068638,31.4687,0.26126612901504553
4101,62.99547974952887,0.9426378522600446,31.456816,0.26052805706815024
4102,65.73395012623578,0.9399621146065849,31.449732,0.272725683524722
4103,67.67827399692787,0.9404411315917969,31.4457,0.28158891333775327
4104,65.01571266396691,0.9397506713867188,31.440182,0.2694486454867077
4105,61.7293887545328,0.9385828290666852,31.432697,0.25443733976416116
4106,62.20381148152014,0.9364940098353794,31.425316,0.2564118944219786
4107,60.064972504986386,0.9372062683105469,31.4186,0.24676764687189712
4108,62.6870898649359,0.9366716657366071,31.412062,0.2586199231563395
4109,69.20045871559755,0.9391991751534599,31.406473,0.28838991539686143
4110,67.03372175545361,0.9394171578543526,31.40159,0.27857692737174394
4111,63.77541200213518,0.9362188066755023,31.399439,0.2635195683849894
4112,66.5445166554895,0.9339991978236607,31.399271,0.27589509797474365
4113,65.10369058728872,0.935781751360212,31.39786,0.26950936481028986
4114,61.15081702629023,0.9343921116420201,31.399302,0.2514546716776442
4115,63.88353407289637,0.9323348999023438,31.402065,0.2636789420376437
4116,68.26709045189244,0.9315201895577567,31.40166,0.28349986700361673
4117,64.7303242626672,0.9326831272670201,31.400433,0.2675509539700395
4118,61.154516723155915,0.931351797921317,31.399649,0.25121217239679805
4119,63.44521290183885,0.9288068498883929,31.399607,0.261389175630389
4120,62.75102830197095,0.9304024832589286,31.397257,0.25837539023111006
4121,60.92343629000515,0.9307888575962612,31.392838,0.25011563477903587
4122,62.012714672068675,0.928445543561663,31.389385,0.2548583955524574
4123,71.37496551506626,0.9265643528529576,31.38452,0.29717921541893255
4124,60.924939124006826,0.9254657200404576,31.381931,0.24966848146166748
4125,67.96641855920278,0.9239638192313058,31.379787,0.28149113807900505
4126,71.22643508891622,0.924339839390346,31.377495,0.29631554508948676
4127,69.28773638352187,0.9250433785574776,31.373995,0.287578691267285
4128,64.11575366539634,0.9210172380719867,31.372068,0.2637674367803605
4129,65.1385867990327,0.9203131539481026,31.37028,0.26834850018186
4130,65.77851994112766,0.9199747358049665,31.36731,0.27122333827892076
4131,62.69271829176465,0.9212150573730469,31.362684,0.25732727828923424
4132,64.74012458229035,0.9178613935198102,31.360846,0.26633138301188736
4133,64.39214801658972,0.918283190046038,31.356987,0.2647884098752784
4134,65.69774819919917,0.9187796456473214,31.353672,0.2707549154396284
4135,73.66834823309715,0.9172793797084263,31.351507,0.3067936001700124
4136,73.6540676260338,0.919487544468471,31.348656,0.30691712047635245
4137,62.20551378446373,0.9180548531668526,31.343426,0.254847074480063
4138,40.96820999868281,0.9143104553222656,31.342037,0.1581633848238163
4139,67.37123718026844,0.9164325169154576,31.336842,0.2781482089739752
4140,64.97666101489614,0.9180379595075335,31.334133,0.2674197261392028
4141,68.52691445293607,0.9162946428571429,31.333044,0.2833803412417645
4142,71.32335620354428,0.9187033517020089,31.32964,0.2962746292304417
4143,67.16705086258183,0.9222303118024554,31.32669,0.2777161652562078
4144,65.51329203768258,0.9220384870256696,31.324549,0.27019586815497065
4145,68.68594944666258,0.9245055062430245,31.323122,0.2848022091767824
4146,63.282480375735574,0.9294771466936383,31.319208,0.26070794093126304
4147,60.116892830868885,0.9297071184430804,31.317348,0.24636368657044055
4148,66.20464720793636,0.929161616734096,31.31844,0.27394037611879163
4149,65.05552179498454,0.9307915823800224,31.315733,0.2688652227911224
4150,64.84327003710216,0.9321675981794085,31.313972,0.2680194801054425
4151,72.02368079584639,0.9281360081263951,31.316496,0.30025679904526326
4152,77.87105732326943,0.9277681623186383,31.316599,0.32675792407837445
4153,72.66380548920877,0.9330667768205915,31.316248,0.303581877668134
4154,62.52580746754383,0.9373948233468192,31.31541,0.2579497765434451
4155,59.09769856113305,0.9359899248395648,31.32017,0.24227490395996246
4156,59.43484782263167,0.9364743913922992,31.322662,0.24384603687127063
4157,57.53645326546442,0.9375801086425781,31.320887,0.23532636219390551
4158,57.14380140291387,0.9356122698102679,31.323309,0.23337687975209345
4159,61.40349963948148,0.9325610569545201,31.324858,0.252445062520994
4160,66.35376578313334,0.9322237287248883,31.32793,0.27487814798106747
4161,65.03275728215199,0.9336144583565849,31.328611,0.2690026716738072
4162,63.44322831061724,0.9334771292550224,31.3327,0.26177846535408855
4163,62.88418908247957,0.9321719578334263,31.336124,0.25913051370673557
4164,69.47636650320186,0.9307763235909599,31.34258,0.2889235232310797
4165,69.79052399809146,0.9321463448660714,31.345112,0.2904658535489144
4166,63.796299303715315,0.9324297223772321,31.345758,0.26329120063227185
4167,59.860635058831996,0.9322302682059151,31.346506,0.24541609728092773
4168,61.5347104299503,0.9308128356933594,31.350048,0.2528913387218026
4169,63.2415173188186,0.929297855922154,31.350779,0.26050678045442394
4170,63.25444475680744,0.9304509844098773,31.35228,0.26066378086317826
4171,64.61773689662942,0.9278793334960938,31.355371,0.26663040700951796
4172,69.19134182256076,0.9265796116420201,31.360405,0.28727231489712585
4173,68.89337434320089,0.9263921465192523,31.362576,0.28590429862319056
4174,63.00150268440559,0.9280330113002232,31.366158,0.25930984344934677
4175,68.23287840249408,0.9235660008021763,31.368696,0.28266627366024083
4176,57.969363144513615,0.9229180472237724,31.370468,0.2360402699835151
4177,60.84367650505538,0.9246324811662946,31.371305,0.24922869098072864
4178,60.05654311858293,0.9241174970354352,31.371908,0.24561315055306582
4179,65.76854627909191,0.9212940761021206,31.375282,0.271290599868125
4180,72.1570557839155,0.9211071559361049,31.378489,0.3002625479558543
4181,71.70647894979135,0.9227136884416852,31.37678,0.2983550633440286
4182,69.03809293245186,0.9229518345424107,31.377321,0.2862675601709538
4183,67.61218959161879,0.9217414855957031,31.37861,0.27969429564077647
4184,71.99245138175169,0.9192346845354352,31.378918,0.2993559650479691
4185,75.66102478869166,0.9193943568638393,31.377018,0.3160157498712757
4186,68.65470564731116,0.9184270586286273,31.374464,0.2841420528632568
4187,61.66264216639763,0.9169910975864956,31.37529,0.2522930720676117
4188,65.16461807568814,0.9144434247698102,31.37639,0.2679660298771058
4189,68.70613026095472,0.9157992771693638,31.377121,0.2841512875302663
4190,61.116212368855415,0.9151496887207031,31.377768,0.24965660389874178
4191,56.69244194810623,0.9137551443917411,31.380758,0.22946479597362665
4192,59.27915190712147,0.9123971121651786,31.385122,0.24108618658335423
4193,60.988731664593104,0.9100930350167411,31.386766,0.24864691373230866
4194,59.993105612357986,0.9076254708426339,31.390003,0.24391881531842807
4195,61.517704278067995,0.9046919686453683,31.390282,0.25058651080028416
4196,65.00620914266877,0.9016342163085938,31.392187,0.2661548426429831
4197,65.11817697434817,0.9038363865443638,31.391312,0.26685070454934445
4198,64.65179846903779,0.9029350280761719,31.389975,0.26465763965421224
4199,62.41367521367431,0.9023388453892299,31.391306,0.2544513016508905
4200,67.54108854370155,0.9009710039411273,31.392488,0.2776003081041469
4201,67.19553098382221,0.9024903433663505,31.39341,0.2761619128220511
4202,62.655785358682074,0.9018903459821429,31.39241,0.2555116281530107
4203,61.1800351393029,0.9009699140276227,31.390898,0.2487369081507747
4204,64.83301138996518,0.8986876351492745,31.389835,0.26511766421043786
4205,70.01882924747909,0.8980778285435268,31.38928,0.28859632884148695
4206,67.67370975378766,0.8976233346121651,31.386713,0.277916578572892
4207,66.13173652134215,0.8953922816685268,31.384941,0.27072959785018647
4208,67.04237194312832,0.8945808410644531,31.382793,0.27479240798631993
4209,70.89532505478287,0.8932113647460938,31.381395,0.2921584063266824
4210,68.06522928542375,0.8928734915597099,31.3792,0.2792880198865065
4211,66.30202326028561,0.8949323381696429,31.37699,0.271463049355437
4212,71.14078819017396,0.8900195530482701,31.375803,0.29299998949931083
4213,78.21162487041876,0.8897018432617188,31.377544,0.3250568459471757
4214,75.42751173772552,0.8914081028529576,31.373892,0.3125694354214906
4215,69.70332348335951,0.8888113839285714,31.373533,0.28637445112349
4216,75.65984304101818,0.8877449035644531,31.37453,0.3133112315645825
4217,69.12511588740492,0.8886849539620536,31.369637,0.28374004937619896
4218,64.70213103032172,0.8876184735979352,31.368292,0.2635797841851103
4219,72.34772690399681,0.8845983232770648,31.368309,0.2980141410519278
4220,72.79227263646393,0.8849846976143974,31.365675,0.30006422032377095
4221,67.64029358820773,0.8853498186383929,31.36755,0.2767182319463517
4222,71.85161612326227,0.8815787179129464,31.371881,0.29550551566136846
4223,70.35921724200801,0.8812250409807477,31.372774,0.2887035867780204
4224,67.21861411460095,0.878927503313337,31.372696,0.2742571460683205
4225,64.9105984685644,0.8795760018484933,31.371958,0.26383982102700543
4226,59.975710251222075,0.879586900983538,31.371273,0.24144867416415697
4227,62.3512578412975,0.8786043439592633,31.372204,0.25214393622435094
4228,68.13611074579374,0.8777122497558594,31.373867,0.278316650644989
4229,65.85484154402516,0.8777929033551898,31.374481,0.26797226026459164
4230,62.31454005934718,0.877936771937779,31.372728,0.2519203966758297
4231,66.2964254886226,0.8753117152622768,31.373728,0.2697643464654949
4232,67.83352078660307,0.8750790187290737,31.37375,0.27671907792036127
4233,64.56131687242734,0.8748010907854352,31.372478,0.26184773618618284
4234,64.10183111111067,0.8729760306222099,31.373856,0.25960717121741633
4235,67.69569067296344,0.8715526035853794,31.374914,0.27579293039652286
4236,66.48291368572578,0.8714239937918526,31.375923,0.27027898142295415
4237,66.31657024180366,0.8711411612374442,31.375559,0.2695000765642258
4238,67.48037682715236,0.8691738673618862,31.375637,0.274613077455778
4239,66.61027455368585,0.8681237357003349,31.37577,0.2705754264330906
4240,62.59314456035768,0.868490491594587,31.377472,0.25237895991789466
4241,67.8428897506439,0.8665084838867188,31.379805,0.2760306698502357
4242,67.58615538620938,0.8677787780761719,31.378817,0.2749740709052406
4243,66.96542415936197,0.867232186453683,31.377386,0.2721108854103814
4244,73.50890524117568,0.8661488124302456,31.376532,0.3017095655356351
4245,72.75185945045867,0.8649237496512276,31.374706,0.29816999015924545
4246,62.13472562134745,0.8637738909040179,31.373035,0.24989663679320653
4247,47.66489199963727,0.863210950578962,31.373615,0.1841916957419913
4248,34.05367392293396,0.8618371146065849,31.370739,0.12231357088922366
4249,55.57913574377386,0.8626861572265625,31.369413,0.220057854665797
4250,60.15408852112894,0.8623052324567523,31.368334,0.24078423608468807
4251,65.37101144721557,0.8613401140485492,31.367544,0.2643737380880429
4252,64.39316842559012,0.8584905351911273,31.366108,0.2596937509440461
4253,64.38373444527299,0.8580507550920758,31.366405,0.25961343851027774
4254,70.60885812709715,0.8555477687290737,31.366837,0.28764650196219776
4255,68.30543652609578,0.8552485874720982,31.366741,0.2771692015700323
4256,64.57916979034346,0.8552131652832031,31.366905,0.26025822942886645
4257,68.90792582548421,0.8527194431849888,31.368496,0.27968730666408814
4258,68.56143052104782,0.8548415047781808,31.369453,0.27829605823664616
4259,64.55983454034637,0.8544175284249442,31.373125,0.26010264145689316
4260,66.74644467568524,0.8491559709821429,31.37722,0.2695756735846225
4261,66.4166183878127,0.8495189121791294,31.37943,0.26811003805998673
4262,60.74256199769572,0.849311283656529,31.379908,0.24234627578960366
4263,63.39660327729845,0.8497183663504464,31.3827,0.25442371661548935
4264,66.55411912249626,0.8492725917271206,31.385344,0.26871294131674767
4265,63.912691930067695,0.8467020307268415,31.385096,0.2565082293322975
4266,62.017336415441896,0.8473701477050781,31.383142,0.24796502451757774
4267,66.0217687074825,0.8434535435267857,31.383215,0.2658011339192621
4268,68.88741525109023,0.844245365687779,31.382349,0.2788715462195963
4269,67.07089695625884,0.8445380074637276,31.377966,0.27065404402475446
4270,61.50097638202335,0.8451990400041852,31.372673,0.24543688036994485
4271,62.177044842604815,0.8434404645647321,31.371931,0.24835456754298457
4272,68.39825096173928,0.8405827113560268,31.372765,0.27633959950368414
4273,67.10986125090393,0.8421985081263951,31.372478,0.27063132546697777
4274,64.43888523264133,0.8426393781389508,31.368977,0.25854935903009135
4275,66.57335336131194,0.8405576433454242,31.367634,0.26805698097237357
4276,70.1425151977972,0.8407402038574219,31.366924,0.2842676373398901
4277,68.81142807803128,0.8402088710239956,31.365725,0.27818251025893437
4278,60.74358968336432,0.8401565551757812,31.365458,0.24157019742476127
4279,63.052819078612416,0.8421543666294643,31.361002,0.2522187147615654
4280,69.19867309686094,0.840529305594308,31.35659,0.2799669637654172
4281,65.86958850861144,0.8427178519112724,31.352516,0.26504787372631805
4282,65.0270380645752,0.8424742562430245,31.350533,0.2612040229493765
4283,69.44236728415414,0.8418780735560826,31.349014,0.2811877539804545
4284,73.48318441771869,0.8402377537318638,31.346777,0.2993830878122196
4285,64.41358095133857,0.8406203133719308,31.346874,0.2582623491132349
4286,68.32677091464768,0.8418154035295758,31.348047,0.276120386007473
4287,72.90070559344322,0.8409908839634487,31.347977,0.2968043167637106
4288,71.69173470156137,0.8396726335797992,31.34909,0.29120618200366033
4289,68.85044931944608,0.8394208635602679,31.349346,0.27829236577273264
4290,71.76166512572534,0.8375429425920758,31.34997,0.2913418654484996
4291,75.50086792666748,0.8375037057059151,31.34885,0.3083051679007578
4292,70.78668137524254,0.8371636526925224,31.3477,0.2868855255845829
4293,69.41391359271162,0.8357494899204799,31.34521,0.2805359820498506
4294,71.61387559097447,0.8322906494140625,31.343414,0.2902233391816699
4295,77.60098512819245,0.835456303187779,31.343142,0.31765985031922117
4296,74.15404670934218,0.8352704729352679,31.34232,0.3020035043786225
4297,70.43958032975215,0.8356236049107143,31.342726,0.2851792134171484
4298,70.08102492612538,0.8338933672223773,31.34314,0.28340470711019244
4299,65.00354980960714,0.8336775643484933,31.342604,0.26034723778576424
4300,60.34781223817127,0.8332890101841518,31.342876,0.23918867164882104
4301,65.76319800928408,0.8344573974609375,31.34226,0.26386065114141705
4302,67.18057022406498,0.8330753871372768,31.342176,0.27017412181938155
4303,65.29872237433551,0.8324192592075893,31.340073,0.261579272689269
4304,67.3159419738782,0.833014896937779,31.338615,0.27078321293493657
4305,70.1113510419645,0.8319119044712612,31.339308,0.28337332716579633
4306,69.50568091171344,0.8316083635602679,31.33495,0.28059920952264006
4307,66.76724815338738,0.8273735046386719,31.334543,0.2678123982698911
4308,73.09783047199406,0.8275337219238281,31.33191,0.29655110637978205
4309,69.0384973118689,0.8265664236886161,31.327421,0.27804937085380205
4310,60.817451989728085,0.8270977565220424,31.323235,0.2407916561645702
4311,57.759568088415975,0.8274078369140625,31.319794,0.22694293944130423
4312,60.36844027887083,0.8272089276994977,31.317963,0.23876374460474553
4313,62.97179323927537,0.825974600655692,31.3155,0.25047120283705915
4314,62.98343683341134,0.8251778738839286,31.314465,0.2504560885517596
4315,65.27366702597976,0.8253805977957589,31.315323,0.26086530671284225
4316,68.89744155294969,0.8244977678571429,31.317026,0.27723290884450746
4317,67.52652149637125,0.8251887730189732,31.31795,0.27107128413144405
4318,60.10762747044909,0.8234312874930245,31.316189,0.23725813738418652
4319,57.46266741618299,0.8247440883091518,31.31552,0.22536857925399514
4320,60.047015164709165,0.8238547188895089,31.31644,0.23701922023144287
4321,62.534277599747966,0.826315198625837,31.317978,0.2485150209246999
4322,59.82204152496299,0.8268492562430245,31.318727,0.2362537841111515
4323,60.60031609752983,0.8254525320870536,31.320305,0.23966609166898112
4324,64.29576532325183,0.8251053946358817,31.322218,0.25640460344373867
4325,64.37242156536189,0.8226901463099888,31.322653,0.2565464521677078
4326,60.733656489264085,0.8205599103655133,31.324175,0.23985386745785517
4327,58.76102045483167,0.822563716343471,31.32417,0.23107391334184005
4328,61.88316528419811,0.8219942365373883,31.32525,0.24519209197495906
4329,66.91425677098815,0.8185533796037946,31.324537,0.26772724494867567
4330,64.66221830160954,0.8172471182686942,31.320547,0.2573972090592748
4331,60.92097037411707,0.8173604692731585,31.321024,0.24043094750106236
4332,65.27312471562158,0.8163762773786273,31.320312,0.26009493171522974
4333,73.14963689906564,0.8159795488630023,31.321423,0.2958008052576342
4334,74.72647737911565,0.814680916922433,31.318735,0.3028449746182143
4335,71.8932372066671,0.8156405857631138,31.318699,0.29007097853991953
4336,69.73673173064962,0.8154416765485492,31.319895,0.28026886217989555
4337,72.80348909657907,0.815032958984375,31.320248,0.29414943022592754
4338,56.63945126233103,0.8167948041643415,31.31834,0.22095529469461653
4339,60.68632567282057,0.8148939950125558,31.316378,0.23915589816959004
4340,66.02372157505333,0.8114923749651227,31.314054,0.2630842549713278
4341,64.90086421079464,0.8127539498465401,31.310524,0.25809687560620925
4342,66.04947225549766,0.8114705766950335,31.311848,0.26319923977490095
4343,73.29772609355663,0.8118771144321987,31.31148,0.29612289323978797
4344,70.95135487277093,0.8107523236955915,31.310093,0.28538029842075135
4345,64.1811952389965,0.8103299822126117,31.3083,0.2546246516618855
4346,72.27550940450276,0.809640611921038,31.309788,0.29129384529883184
4347,72.18179475657108,0.8096139090401786,31.309433,0.29086633738517
4348,73.91195709176236,0.8113452366420201,31.309256,0.2988646089557489
4349,78.68028492487906,0.8109000069754464,31.30966,0.32046294641045636
4350,78.54334858988703,0.8083016531808036,31.307648,0.3196200021438026
4351,68.06716195162103,0.8103070940290179,31.306519,0.2722552902547352
4352,43.08030941641891,0.8091272626604352,31.30928,0.15877672070875817
4353,66.0708594652446,0.8079414367675781,31.306238,0.2629953091588727
4354,70.50379831052572,0.8093648638044085,31.30987,0.2832311820496155
4355,71.95386389849982,0.8074384416852679,31.310202,0.2896465700493018
4356,66.91179157856253,0.8071387154715401,31.310366,0.2667425838425873
4357,63.8098033718199,0.8080346243722099,31.316782,0.2527437047798629
4358,64.82451573718578,0.8079610552106585,31.324286,0.2573416922844142
4359,62.179571881607664,0.8058858598981585,31.329966,0.24516326963204568
4360,60.69352180962296,0.8057888575962612,31.337276,0.23841203844628647
4361,62.27007076442882,0.8046896798270089,31.345999,0.24547189503342356
4362,61.79490840419765,0.8024341038295201,31.35137,0.2431234818053925
4363,60.81194398538783,0.802239009312221,31.354065,0.23864663833515873
4364,65.17246732446335,0.8050929478236607,31.361185,0.25867592367713854
4365,65.9026764257985,0.8021937779017857,31.36591,0.2617420010712006
4366,63.599622664955035,0.799948011125837,31.367844,0.25110035936108355
4367,66.2277751388479,0.8016232081821987,31.369497,0.26316847804916343
4368,72.19118923532587,0.8019098554338727,31.373346,0.2902519410923229
4369,68.18722292309968,0.801307133265904,31.375265,0.2720325249675742
4370,69.00200542505597,0.8037234715053013,31.377434,0.275935676304758
4371,74.95786554961018,0.8049948556082589,31.382498,0.3030688443501168
4372,75.42959456485957,0.8037981305803571,31.383446,0.3051072566308609
4373,70.7933186695736,0.8051169259207589,31.387459,0.28418260559362224
4374,71.54505945200918,0.804358891078404,31.391262,0.28752898522124865
4375,68.26519111567357,0.8023828778948102,31.390472,0.2724780485608168
4376,59.312945826102805,0.8006602696010044,31.388876,0.2317102883332965
4377,65.30697190426588,0.8010766165597099,31.391718,0.2589437145370393
4378,66.83643069973276,0.8008978707449776,31.389654,0.2658683964010773
4379,65.28779092670686,0.8021774291992188,31.388552,0.25895056122751614
4380,74.20899801707596,0.8006542750767299,31.385742,0.2993006775685387
4381,76.95716293401381,0.7992008754185268,31.3808,0.311646537531712
4382,74.08350466107251,0.8001599993024554,31.378775,0.2986890976742558
4383,76.53527954124775,0.8022030421665737,31.378912,0.30998827322236316
4384,73.79106145632024,0.7997703552246094,31.37779,0.29732890541898743
4385,70.79981187436327,0.7973752702985492,31.380424,0.28355183795003425
4386,78.13152953385435,0.8004798889160156,31.384264,0.3170843089346147
4387,74.40694760743328,0.7992264883858817,31.385511,0.30007710893790274
4388,69.71195071026375,0.7992362976074219,31.389816,0.2787743770144145
4389,74.03713963270769,0.798210688999721,31.393108,0.29831247338832717
4390,74.8253514013962,0.7969169616699219,31.392763,0.3017786548806641
4391,81.40098435777428,0.7966128758021763,31.391775,0.33158968420239954
4392,91.23836849187335,0.796285901750837,31.394743,0.37619897146016695
4393,88.94446582018463,0.7968052455357143,31.396593,0.3658346694128463
4394,76.22802923166458,0.7974194117954799,31.397394,0.3081861619162842
4395,76.85135472977133,0.7963360377720424,31.399824,0.31092211078440257
4396,72.96149667067327,0.7957251412527901,31.399168,0.29321976421367807
4397,69.40137762608013,0.7967687334333148,31.398996,0.277154709370211
4398,73.99168844673918,0.7945213317871094,31.400959,0.2977915994767007
4399,70.37673668606466,0.795058114188058,31.397194,0.2814345187586118
4400,69.11261421279251,0.7941763741629464,31.395983,0.27562336031727075
4401,74.90600908962297,0.7944036211286273,31.391504,0.30193029459810944
4402,73.34247286325426,0.7938870021275112,31.384892,0.29479168354052476
4403,78.73110110972686,0.7941583905901227,31.382584,0.319265752020018
4404,78.71941296841966,0.7932924543108258,31.378841,0.31913886750021403
4405,71.78094498092551,0.7934679303850446,31.376846,0.28767050446250453
4406,68.9349455549517,0.7918815612792969,31.373415,0.274621479800838
4407,66.24502943886785,0.7928641183035714,31.371752,0.26249976921062446
4408,66.43132801764166,0.7931251525878906,31.372149,0.2633673615600356
4409,72.3111837933445,0.7918281555175781,31.372704,0.2899366206372955
4410,72.8307017543868,0.7922695704868862,31.369865,0.2923315807395505
4411,72.38121732829643,0.7906178065708706,31.36925,0.29015117607293883
4412,73.71466048748877,0.791273934500558,31.369165,0.2962576365764763
4413,70.0643697633451,0.7902047293526786,31.3675,0.27960324193785197
4414,52.30665050422586,0.7895747593470982,31.369184,0.19897378927483955
4415,47.787083246249004,0.7907654898507255,31.366161,0.17856778244160895
4416,70.21955763054288,0.7904864719935826,31.36545,0.28033143536857863
4417,72.46701954335035,0.7892603193010602,31.363903,0.29042473358385845
4418,71.8919829484548,0.7893366132463727,31.35914,0.2878220091438659
4419,71.75242745453528,0.7881011962890625,31.352009,0.2870834155936398
4420,76.18047728936912,0.7891175406319755,31.351534,0.30726238739927736
4421,79.74728271029645,0.7890755789620536,31.351032,0.3234432036257149
4422,77.0399016640444,0.7911158970424107,31.345798,0.31133245473587584
4423,76.41071537460144,0.7882325308663505,31.347235,0.30823161752451533
4424,75.84786095210777,0.7875665937151227,31.344376,0.3056208701478372
4425,71.99014982044407,0.7888101850237165,31.342812,0.288222546436787
4426,55.330288056847586,0.7880363464355469,31.341301,0.21256235732549514
4427,45.70546589429595,0.7880428859165737,31.337288,0.16889024334297914
4428,70.27942134846424,0.7884336199079242,31.334082,0.28042799413270625
4429,70.47799092499424,0.7865251813616071,31.333498,0.28116624732363543
4430,73.25940668580623,0.7874603271484375,31.33203,0.2938666851368705
4431,69.01335503501163,0.786459241594587,31.329235,0.2745148321822465
4432,73.2940625916536,0.7853360857282367,31.328232,0.2938427750588678
4433,73.84399883015688,0.7852745056152344,31.32659,0.29633286136228626
4434,61.09157113789991,0.7858870370047433,31.324068,0.23852090465230952
4435,40.12432460074907,0.7842494419642857,31.321173,0.14324227509932913
4436,75.96877615927049,0.785057612827846,31.318325,0.30595555033326416
4437,65.61401662500295,0.7852990286690849,31.318933,0.25899137333708677
4438,44.645755250472874,0.7834423610142299,31.321894,0.16368945581448874
4439,58.180105068583956,0.7847617013113839,31.324633,0.2252141430680148
4440,67.13738368910768,0.7832096644810268,31.324938,0.2657254709311045
4441,73.27528180574711,0.7829709734235492,31.328365,0.29355585360405845
4442,71.512561728066,0.7817072187151227,31.328426,0.2854497270947759
4443,73.90370718830238,0.7816565377371651,31.327759,0.29629523761854515
4444,77.54692018927813,0.7815546308244977,31.326824,0.3128176412637579
4445,77.06577976700319,0.7827557155064174,31.325056,0.31073689648721614
4446,66.55664034871216,0.7824521745954242,31.321281,0.26302574463332545
4447,71.00400858845698,0.78076171875,31.318853,0.28306153010288765
4448,69.47433397471414,0.7822423662458148,31.319347,0.2762468988706299
4449,72.56824427931643,0.7809219360351562,31.319391,0.29017292002338824
4450,78.38940283967466,0.7793927873883929,31.322512,0.3164560416831596
4451,76.86999729948691,0.7828832353864398,31.322199,0.3098594079652965
4452,65.13578132316088,0.782111576625279,31.320566,0.25654954356229376
4453,42.9053080043073,0.7775818961007255,31.31887,0.15529237174756144
4454,61.6070545849023,0.7775252205984933,31.318403,0.24014679331784544
4455,64.97881102369705,0.7829644339425224,31.314905,0.2559100242750598
4456,64.51978822426275,0.7817355564662388,31.315569,0.25372240416670927
4457,72.9944604154299,0.7829039437430245,31.315363,0.29227590886224003
4458,71.9345695068691,0.7800091334751674,31.3149,0.28721977161632617
4459,73.76939717701345,0.7844783238002232,31.313204,0.29592645537441586
4460,78.69242039993902,0.7812440054757255,31.314383,0.31798886234384965
4461,71.00529100529123,0.7836478097098214,31.312836,0.28331348318670513
4462,68.67743215499755,0.7832647051130023,31.315666,0.27271814144841466
4463,69.69572711139233,0.7803622654506138,31.31846,0.2770911307879178
4464,60.91259951871869,0.7798810686383929,31.320692,0.23719661396316757
4465,62.533773294755974,0.7807742527553013,31.323845,0.24462887020140034
4466,67.20416822200838,0.7827878679547992,31.326551,0.26599253401738626
4467,69.79983784012403,0.7802914210728237,31.32731,0.2775574918527292
4468,67.93877400013444,0.78155517578125,31.329136,0.26922068335161736
4469,68.17736227321214,0.7796870640345982,31.328678,0.2701439607342255
4470,71.42441117562726,0.779702867780413,31.330158,0.28487880679191224
4471,69.34263857180443,0.7799851553780692,31.329113,0.27545682900261237
4472,67.50663173548122,0.778510502406529,31.325848,0.26700017750428795
4473,70.3907963582574,0.7765933445521763,31.322435,0.27992358608517304
4474,71.18399776230333,0.7794778006417411,31.321186,0.2837687355308088
4475,74.0378383639159,0.7784145900181362,31.320993,0.2966273758043391
4476,58.03739751478536,0.7771339416503906,31.318855,0.22391608971894789
4477,70.23580674099621,0.7762647356305804,31.313013,0.27919229532358997
4478,68.62745098039215,0.776510511125837,31.310263,0.2719153346264658
4479,69.11326694980829,0.7765012468610492,31.306305,0.27411893658045744
4480,73.30956823027542,0.7766271318708148,31.300985,0.2931704074053997
4481,73.6766234921368,0.7777219499860492,31.30004,0.29492929145236707
4482,70.34681143286039,0.7768761771065849,31.298965,0.27974812506940977
4483,66.23164113457331,0.7768549237932477,31.29779,0.2610737097138395
4484,68.81687307725203,0.7774647303989956,31.294577,0.27285621675586275
4485,67.18114171686526,0.7757219587053571,31.293036,0.26528545015199023
4486,62.979758539202926,0.7765748160226005,31.292198,0.2462943901486735
4487,62.77859780836546,0.7770543779645648,31.29322,0.24542252089035843
4488,69.35248265610016,0.774911608014788,31.29024,0.27506880991132887
4489,73.51199661486686,0.7760522024972099,31.293276,0.29403989544003545
4490,71.98178874887185,0.775986807686942,31.295614,0.2870909936527839
4491,72.59232432839813,0.7741225106375558,31.298388,0.2897023088560058
4492,76.54862850197063,0.7742641993931362,31.298164,0.3076661395716918
4493,67.61628082075809,0.7757562909807477,31.30005,0.2672628236500791
4494,63.54403016205114,0.7756265912737165,31.301178,0.24877390772310587
4495,64.72402748856516,0.7753802708217076,31.299839,0.2541071437197516
4496,67.49894736189435,0.7754298618861607,31.300402,0.2667025837700216
4497,65.14608004667264,0.7755001613071987,31.299606,0.2560324336098892
4498,63.83589471824766,0.7754407610212054,31.299213,0.25008239625720724
4499,69.83572993618294,0.7724712916782924,31.297918,0.27705342933559224
4500,71.35438292964211,0.7751339503696987,31.297585,0.2841714029499074
4501,65.63977958471094,0.7746930803571429,31.301344,0.2582037671957978
4502,63.26333378494349,0.7740849086216518,31.302036,0.24736876759577375
4503,61.11985513694929,0.7746974400111607,31.301268,0.2376949625048168
4504,57.3008401600733,0.7758592878069196,31.30308,0.22046525144031281
4505,56.86391999158258,0.7767481122698102,31.303827,0.21855852580748403
4506,58.699027338809486,0.7763279506138393,31.30118,0.2268495006460103
4507,58.764566998915214,0.776132311139788,31.301395,0.22713020243850487
4508,60.042778348594695,0.7760565621512276,31.302288,0.23292363180837927
4509,62.16130959557552,0.7745617457798549,31.307863,0.24240899416773104
4510,54.23566759408091,0.7835497174944196,31.31704,0.207212879718514
4511,44.40124134271207,0.7960363115583148,31.293842,0.16365402112458077
4512,68.59612089168414,0.7969545636858258,31.302166,0.27351670163387065
4513,81.35978784550885,0.800537109375,31.295506,0.3317374247424831
4514,78.7576936068347,0.7950166974748883,31.27025,0.3194596144613114
4515,79.39387017965804,0.7920772007533482,31.267776,0.3220955796703632
4516,79.31488978166358,0.7868118286132812,31.290056,0.3212881597441948
4517,74.52250419746403,0.7852810450962612,31.302073,0.2994121400713005
4518,82.62821386081075,0.7827028547014508,31.312248,0.3359719568344266
4519,83.05096931234574,0.782548086983817,31.306019,0.33787701246744206
4520,86.30073517847627,0.7788538251604352,31.298622,0.35230778173048577
4521,81.36040970006377,0.7769949776785714,31.296162,0.3297325059199366
4522,82.11923391167734,0.7778576442173549,31.290293,0.3332492446983264
4523,83.4174860156261,0.7755257742745536,31.285963,0.3389412006126806
4524,76.1966138825151,0.7755404881068638,31.286354,0.30617771729263604
4525,78.53814370631903,0.7769906180245536,31.279425,0.31692609011034506
4526,69.35988557375198,0.7723563058035714,31.279531,0.2748844771827602
4527,67.43733661842903,0.7724723815917969,31.285765,0.2661708023592057
4528,65.38138818080542,0.7727252415248326,31.290564,0.2568634921587652
4529,63.10505460755416,0.7705356052943638,31.299305,0.2463478803878738
4530,61.50175915198679,0.7721426827566964,31.29534,0.2392099765813051
4531,65.94696984534619,0.7714451381138393,31.288326,0.2593206504891197
4532,68.96468765391013,0.7688195364815849,31.296087,0.2727896391045677
4533,68.8457142857143,0.7713574000767299,31.295916,0.27246623322188873
4534,70.27818304001724,0.7704952784946987,31.301306,0.2788925421149331
4535,63.86706969680772,0.7675928388323102,31.312801,0.24955455955007366
4536,63.54823234234169,0.7703078133719308,31.319588,0.24833937450485166
4537,68.4414638599553,0.7695263453892299,31.335184,0.2704757875940113
4538,63.82615229748002,0.7702767508370536,31.339457,0.24959778838677243
4539,70.64198663115671,0.7713802882603237,31.330608,0.2806187786344959
4540,65.57133550688495,0.7704669407435826,31.326847,0.25753278459692575
4541,59.948147601062665,0.7725966317313058,31.321688,0.23219917160070544
4542,64.22082685230585,0.7716516767229352,31.321598,0.2515058834873756
4543,68.40161447476575,0.7686527797154018,31.338108,0.2702204706531214
4544,68.91918371373698,0.7716740199497768,31.352238,0.27282660331604197
4545,77.2410009289039,0.7706876482282367,31.355145,0.3105027638794152
4546,76.316335740312,0.770529065813337,31.36497,0.30629356727217927
4547,68.86738148185292,0.7707110813685826,31.375,0.2725094283044157
4548,66.62912049700178,0.7700380597795758,31.381413,0.2622959123110774
4549,61.28943046902831,0.7683961050851005,31.386671,0.23792701538923788
4550,62.34198792018267,0.7717759268624442,31.392338,0.24299124021297208
4551,67.92588468635698,0.7703633989606585,31.398293,0.2682077312193474
4552,68.11000360695655,0.769341060093471,31.403967,0.2689559836184765
4553,71.47023555370687,0.768228258405413,31.41221,0.28410814751615227
4554,67.12634446360612,0.7693094526018415,31.421526,0.2644899304749646
4555,65.2876146963484,0.7701623099190849,31.432394,0.25621942041667356
4556,71.88804388267623,0.7698522295270648,31.446205,0.28614245150753964
4557,55.642021569959056,0.7713437761579242,31.462132,0.21255325921960744
4558,58.5845426234868,0.7703612191336495,31.473951,0.2258211657928211
4559,61.256456273474264,0.7694140842982701,31.48136,0.23786421102203034
4560,59.53919037889496,0.7711350577218192,31.48846,0.23021887923559492
4561,64.28321529617934,0.7685421534946987,31.501862,0.2515237822616094
4562,66.85712647072317,0.7690587724958148,31.54236,0.26324697396374114
4563,65.94203245350946,0.7683486938476562,31.57731,0.25903417340752705
4564,71.84278618579975,0.7663617815290179,31.614325,0.2856394191016187
4565,71.41154181544935,0.7658168247767857,31.635212,0.28363617045419065
4566,73.87853083009047,0.7667219979422433,31.61394,0.29490733941208314
4567,60.25239057064737,0.7687906537737165,31.600567,0.23325509066259734
4568,76.71898678122773,0.7672653198242188,31.610334,0.3078422564751604
4569,71.83276641143226,0.7660113743373326,31.62697,0.28556407060263084
4570,69.87464891248403,0.7679410661969867,31.628431,0.2768436737389047
4571,54.23149598892811,0.7708980015345982,31.595732,0.20611497643069815
4572,39.77886543754655,0.7699862888881138,31.58815,0.14045835008104635
4573,70.6321940256623,0.7693884713309151,31.601652,0.28040447678661484
4574,68.44149990132448,0.7687786647251674,31.638186,0.2704121867811229
4575,68.01766529360673,0.7652533394949776,31.674278,0.26818838559429314
4576,67.98951733957975,0.7630718776157924,31.689894,0.26787462280895513
4577,70.0995420071063,0.7642577035086495,31.698084,0.2775499993858227
4578,75.74016206781882,0.7631912231445312,31.699648,0.30305338450972413
4579,78.92954062434809,0.7649083818708148,31.699371,0.3176716475573357
4580,83.83888334207302,0.7654756818498883,31.700792,0.3399961920847618
4581,74.57247200620805,0.7660418919154576,31.701138,0.2979980990718977
4582,62.736487941243496,0.768120356968471,31.676813,0.24446952826250362
4583,45.014614711502304,0.7660931178501674,31.66901,0.1638835639948255
4584,41.70580932218924,0.7644010271344867,31.665913,0.14872553905498032
4585,70.55486699781044,0.7624871390206474,31.661404,0.2794650396606507
4586,76.77237585095705,0.7633514404296875,31.63848,0.30775072275067833
4587,62.40622837369735,0.7635105678013393,31.621178,0.24257783802640728
4588,60.56834508336394,0.7604179382324219,31.608952,0.23397468642676358
4589,60.19365920439143,0.7605514526367188,31.597155,0.23228593414114745
4590,58.192055550919726,0.7640369960239956,31.580547,0.22350090614461893
4591,49.112073528547,0.7648429870605469,31.54732,0.1823691861470114
4592,38.15192039965654,0.7829170227050781,31.510569,0.13417885007435076
4593,27.191767270766086,0.787405286516462,31.484715,0.08482988042711043
4594,16.23161414187563,0.7786249433244977,31.46474,0.03434932593133945
4595,65.67246632085656,0.7788271222795758,31.464005,0.25870464634885
4596,61.487180967956334,0.7745748247419085,31.464634,0.23935124805082736
4597,64.04891968521342,0.7737955365862165,31.471735,0.250908688498097
4598,63.95096567082768,0.7713704790387835,31.460878,0.25025740587859163
4599,69.31044714768882,0.7694974626813617,31.46145,0.27441633977501767
4600,71.60934694943647,0.7676702226911273,31.488113,0.2846917751829858
4601,67.04050500527406,0.7666664123535156,31.514492,0.2638750275155923
4602,61.819871347385025,0.765695299421038,31.511395,0.24010356069060063
4603,62.708711957278254,0.7648473467145648,31.517836,0.24406436291786468
4604,63.5964561850307,0.7631884983607701,31.518557,0.24795103480070507
4605,65.38574218750057,0.7618353707449776,31.502356,0.2559545290795866
4606,63.74784779614241,0.7643089294433594,31.472427,0.2487335284581853
4607,70.40753127709574,0.7625372750418526,31.46382,0.2788007789419978
4608,71.3250783921136,0.7636130196707589,31.459799,0.2830558954832428
4609,72.35109940937878,0.7653372628348214,31.444063,0.28785851863386047
4610,60.86044005740958,0.7744582039969308,31.409296,0.2364974627397354
4611,38.072517726594484,0.7729503086635044,31.380848,0.1329685701563756
4612,64.72261861051068,0.7735862731933594,31.349121,0.25394775366812683
4613,70.86438744380413,0.7713535853794643,31.333538,0.2816256459739325
4614,70.41695817786037,0.7701072692871094,31.332893,0.2794891443581549
4615,75.39606106880616,0.7674282618931362,31.339193,0.30185337156917486
4616,79.61706496724985,0.7695083618164062,31.362606,0.321183591679617
4617,71.20320183871299,0.7672168186732701,31.36586,0.28281022241304504
4618,79.28532158519397,0.782050541469029,31.372265,0.3207479377073153
4619,74.2226208125629,0.7974123273577008,31.38004,0.29908600846459144
4620,84.96704461038102,0.7987087794712612,31.373402,0.34794944251012144
4621,91.819805673147,0.805992671421596,31.365648,0.37966506630303487
4622,89.67347241859363,0.803138187953404,31.34105,0.36968263145505
4623,67.83789909680993,0.8037463596888951,31.336678,0.27065549083618584
4624,66.0377358490566,0.8067152840750558,31.362335,0.26274044079168635
4625,65.75058420155734,0.8045403616768974,31.392155,0.2612520053462201
4626,89.9553195227673,0.802236829485212,31.412483,0.37088464346002364
4627,71.77462430456606,0.8017839704241071,31.409498,0.2883510401045059
4628,58.77958912461416,0.8034635271344867,31.407818,0.2295292498611842
4629,80.78666063714107,0.8021120343889508,31.395958,0.32927117170637477
4630,79.83856694511118,0.8025866917201451,31.38918,0.3250096726658317
4631,75.58321564281454,0.8003801618303571,31.383234,0.3055128187536045
4632,67.84891259259528,0.7989251273018974,31.384676,0.27029429609913935
4633,77.11444886245593,0.7975916181291852,31.377121,0.3122229810284396
4634,64.28341639999925,0.7979474748883929,31.373455,0.2540324648894129
4635,67.61005672967411,0.7958150591169085,31.37502,0.26894525106863976
4636,67.87702317922094,0.7953839983258929,31.37625,0.27011985037399167
4637,63.65647261596639,0.7946804591587612,31.374197,0.25090908432201753
4638,62.37329033383926,0.793562752859933,31.369894,0.24499131803618007
4639,66.02793872624386,0.7920030866350446,31.366814,0.2614412879250806
4640,67.9358653024745,0.792008536202567,31.365042,0.2700989776717955
4641,66.11920070586808,0.791884286063058,31.364124,0.26184525789417634
4642,65.28670519491257,0.7906592232840401,31.360611,0.2579633290898175
4643,62.20922778836485,0.7904090881347656,31.358282,0.24397792996523243
4644,63.69088325243849,0.7910216195242745,31.351557,0.25075318639751604
4645,73.56613793362159,0.7912603105817523,31.327595,0.2955825529668284
4646,66.24277815562863,0.7906199863978794,31.323786,0.26229816800009326
4647,67.88585850781644,0.7888897487095424,31.330048,0.26960609248787865
4648,65.05121209804314,0.7885894775390625,31.334492,0.25671826430510647
4649,67.52533782228417,0.7890194484165737,31.311583,0.26798128949970346
4650,68.49477906412275,0.7885099138532367,31.314579,0.2723366787083629
4651,68.02194874383223,0.7880210876464844,31.32153,0.2701495206092442
4652,67.68060317430522,0.7869453430175781,31.30537,0.2685089210426992
4653,71.16247678472024,0.7851687840053013,31.296272,0.28415642738130165
4654,67.21972658154552,0.7865099225725446,31.308022,0.2663805576298108
4655,64.52850179649897,0.7853126525878906,31.306526,0.2540670070513422
4656,67.92601830149101,0.7851971217564174,31.290936,0.26947339990934155
4657,65.10334794715958,0.784705570765904,31.296085,0.25662360023782577
4658,63.277117766420496,0.7841164725167411,31.301432,0.2482868330017446
4659,65.6943651242592,0.7842320033482143,31.28786,0.2592649560170794
4660,77.5121826484071,0.782759530203683,31.291668,0.3127627767973288
4661,57.263281249998386,0.7829873221261161,31.304176,0.22090272692935484
4662,67.1766513417127,0.7809513636997768,31.291487,0.26571105370703957
4663,72.14014627074758,0.7821093967982701,31.290442,0.2883316935388235
4664,71.54718525712298,0.783003670828683,31.30675,0.2857173966592003
4665,70.38574330895042,0.7809922354561942,31.297495,0.2802758078809921
4666,65.63025821060037,0.7816990443638393,31.307896,0.25875805261783313
4667,60.46758344565596,0.7832630702427456,31.319782,0.23546577842372454
4668,62.790766030326466,0.782005855015346,31.307287,0.24590001040909187
4669,65.82768300743354,0.7805312020438058,31.317757,0.2595542715355853
4670,64.76595850220853,0.7815306527273995,31.325485,0.2548219280764012
4671,69.29351999111033,0.7810320172991071,31.311329,0.2753232326189874
4672,72.25515945403859,0.7825655255998883,31.320482,0.28889246632144155
4673,68.50619110234541,0.7826761518205915,31.320993,0.2718909409280584
4674,72.09582666860643,0.7822592599051339,31.305578,0.28814337391017164
4675,67.38699130434516,0.7831884111676898,31.320969,0.2668562540082877
4676,65.64175671935585,0.7819246564592633,31.317204,0.2588294679968076
4677,68.45322782047563,0.7816532679966518,31.311487,0.2715633853449867
4678,68.85650531640451,0.7817333766392299,31.326094,0.2734000906006407
4679,67.07084641211428,0.7814854213169643,31.321405,0.26527650935172087
4680,64.63240328317823,0.7827333722795758,31.32755,0.2543184920711919
4681,68.84968403796422,0.7820118495396206,31.334105,0.2733928879879445
4682,72.97327094569557,0.7794211251395089,31.313929,0.2918827367964574
4683,72.1648306634549,0.7799137660435268,31.298384,0.28825644939020606
4684,76.80085852719711,0.7814701625279018,31.285341,0.3094251795857213
4685,77.36153017696425,0.779470716203962,31.277008,0.3117987110769697
4686,74.25187939516995,0.7783824375697544,31.275187,0.29759584584523985
4687,72.81957363743754,0.7784124101911273,31.284119,0.2910993085005575
4688,69.2318823965185,0.7761917114257812,31.29482,0.2746307566073248
4689,70.26912898723653,0.7732549394880023,31.303957,0.279086811113666
4690,71.99957082167029,0.7771666390555245,31.3107,0.2872722992859712
4691,78.56504904134604,0.7735072544642857,31.31346,0.31675110195119555
4692,78.98657462203687,0.7753502982003349,31.316961,0.31882095612882555
4693,72.9811535133858,0.7713334219796317,31.325008,0.2912287614667795
4694,67.22717556676979,0.7725012642996651,31.333002,0.26521965888944915
4695,62.85768290490731,0.771226065499442,31.340982,0.24528431465607856
4696,62.76519625838718,0.7732734680175781,31.350937,0.24503926445929733
4697,66.3038243178885,0.7737977164132255,31.362486,0.2611405138056755
4698,66.07229595377956,0.7668031964983258,31.374733,0.25949344015145515
4699,66.34478703839248,0.7657187325613839,31.380285,0.2606373834183263
4700,66.98930063586212,0.7650740487234933,31.381048,0.2635068861346584
4701,67.07081110738035,0.760605948311942,31.383806,0.26349568783357813
4702,63.871592766163346,0.7637934003557477,31.383661,0.2492510559897032
4703,65.29970235042884,0.7623552594866071,31.38816,0.25560846055372943
4704,65.0899380441237,0.7633023943219867,31.392092,0.2547374284919269
4705,62.95877584875277,0.7614190237862724,31.390379,0.24490665168502906
4706,67.00146802851084,0.7609432765415737,31.38656,0.2632098116355123
4707,69.44303164377743,0.761366707938058,31.390663,0.27432452841581223
4708,70.08813114313679,0.759202139718192,31.391024,0.27706706956661836
4709,72.20961801492876,0.7557471139090401,31.395248,0.28639867080508213
4710,60.69102710040239,0.7527749197823661,31.394966,0.2338795380760646
4711,66.22072004158434,0.7505760192871094,31.393064,0.25878301488549993
4712,65.8130027713277,0.748457772391183,31.393251,0.256752345860939
4713,63.931452564572275,0.7447406223842076,31.391228,0.24789779454788657
4714,63.10133781273105,0.7449226379394531,31.39095,0.24414666812285324
4715,66.15563464480773,0.7420932224818638,31.38856,0.25776425238639544
4716,67.42673246897252,0.7398436410086495,31.386145,0.26334001343682406
4717,65.91201125149499,0.7439101082938058,31.384403,0.2568137594296211
4718,75.98684283009452,0.7383292061941964,31.385017,0.30205239543355694
4719,58.403144597885955,0.7342055184500558,31.386032,0.22191460965791177
4720,66.68101109680079,0.7350774492536273,31.385368,0.25954982502589685
4721,67.54543467705923,0.7319739205496651,31.382343,0.2632074728886879
4722,68.54252164924218,0.7352142333984375,31.36266,0.26800810245564743
4723,69.1114476055302,0.7488321576799665,31.343292,0.27175098204081605
4724,61.62902618327108,0.737478528703962,31.332098,0.23683119283408818
4725,60.971758944506476,0.7434953962053571,31.33399,0.23436197564164585
4726,69.45708589235804,0.7458599635532924,31.354002,0.27306584000727174
4727,69.45417376944363,0.7501029968261719,31.366573,0.273414484280092
4728,73.83140917892415,0.7469449724469867,31.382742,0.29300688328034113
4729,78.30168933119121,0.7469923836844308,31.389593,0.3132948419384513
4730,80.50088477036817,0.7520642961774554,31.396965,0.32370624788001146
4731,78.67081557374037,0.7540146963936942,31.403807,0.31556863680322206
4732,68.01215999999982,0.7543465750558036,31.409739,0.2672332451581628
4733,68.0911279511496,0.7503035409109933,31.42501,0.26724676103000955
4734,68.08134769037058,0.7476855686732701,31.440619,0.2669791148763437
4735,66.08707244505118,0.7494092668805804,31.46037,0.25807708435467125
4736,69.79097304771227,0.7484893798828125,31.485823,0.27480509856490043
4737,69.95601313189394,0.7466942923409599,31.501116,0.2754008784396885
4738,71.83287918096912,0.7486201695033482,31.506117,0.28408141048319085
4739,61.09444991338445,0.7470991952078683,31.513275,0.23522602874879286
4740,67.74371394254591,0.7480801173618862,31.52442,0.2654807485463249
4741,69.81590643696475,0.7457068307059151,31.536583,0.2746809301533374
4742,64.97127632502438,0.7477542332240513,31.54973,0.25287300867691276
4743,60.13768088610929,0.7439907618931362,31.570139,0.23061958909390912
4744,60.443849301989395,0.7456888471330915,31.593225,0.2321536471671373
4745,61.216531327048486,0.7423667907714844,31.61451,0.23537638066601257
4746,60.26344574840219,0.7422223772321429,31.631378,0.2310394347798002
4747,65.42135039254954,0.7431760515485492,31.642263,0.254524781221728
4748,102.22690264197112,0.7640816824776786,31.645382,0.4233130239644074
4749,57.7101899313768,0.7619165693010602,31.641468,0.22113360276644783
4750,75.10896169095531,0.7655492510114398,31.63755,0.30039040948001267
4751,70.84233768169861,0.7713797433035714,31.64279,0.2815278259069298
4752,68.79601618896713,0.7653819492885044,31.641806,0.2717311243197219
4753,67.0926517571885,0.7649187360491071,31.649632,0.2639625967791042
4754,69.0981451056634,0.7613568987165179,31.661144,0.27275876771692636
4755,74.91983339355522,0.7567225864955357,31.670273,0.2987794757650193
4756,57.541455054766956,0.7569280351911273,31.680958,0.21994253105100292
4757,71.08236115853424,0.7537117004394531,31.688694,0.2811101521060156
4758,74.4479284660062,0.753378186907087,31.691805,0.2963529851540282
4759,78.9346025834201,0.7527389526367188,31.689548,0.3166567724014092
4760,78.90409097823803,0.757209232875279,31.687517,0.31689956417829873
4761,72.00227533089883,0.7542790004185268,31.683075,0.28533264756255305
4762,69.80552577237478,0.7581689017159599,31.675379,0.2756966289899551
4763,67.70743896822805,0.7564359392438617,31.665642,0.2660287591429739
4764,72.62333333592291,0.7524833679199219,31.66193,0.2879975642261954
4765,58.60519460493538,0.7580795288085938,31.653868,0.22486745648233436
4766,57.566178328895305,0.7561885288783482,31.647032,0.2199916457943593
4767,63.51408954612366,0.7540027073451451,31.639776,0.2467939052297316
4768,62.446494937844555,0.7513008117675781,31.638857,0.2417192647313352
4769,66.12775217937325,0.7527013506208148,31.640228,0.2585424271632913
4770,67.19589748807628,0.7514059884207589,31.640882,0.2632786688631412
4771,67.790415258679,0.7510463169642857,31.646069,0.2659456219745038
4772,64.69605485023057,0.7480005536760602,31.65701,0.25164519697343846
4773,67.50730607096142,0.7523177010672433,31.668325,0.2647694401071142
4774,53.50928341261431,0.7536517551967076,31.67807,0.20136712444422408
4775,57.556119094580815,0.7511226109095982,31.689508,0.219513965966478
4776,59.420410197056526,0.7519967215401786,31.69793,0.22804774147063336
4777,57.173424704407864,0.750777108328683,31.704102,0.21774802308515087
4778,58.710423999634806,0.7495950971330915,31.70518,0.22462135865086266
4779,56.34294840444904,0.7500059945242745,31.707397,0.21391397052941863
4780,59.341032424317675,0.7481318882533482,31.713318,0.22735796042384432
4781,64.82404477846762,0.7496081760951451,31.715038,0.2523630544689169
4782,58.22242078310043,0.749053955078125,31.712963,0.22236089182467178
4783,57.84276967538752,0.7462659563337054,31.713356,0.22040045477464756
4784,65.89365423594346,0.7477046421595982,31.715591,0.25705407312074813
4785,62.160107796763874,0.7489346095493862,31.713444,0.24021798534552663
4786,61.58591932335467,0.751176016671317,31.712856,0.23780375631984096
4787,65.59757582727076,0.7584528241838727,31.7191,0.2566272518561318
4788,68.56560028998908,0.7602838788713727,31.724201,0.2702508331313896
4789,65.19497863248154,0.7558947971888951,31.734638,0.2545823094881125
4790,63.7950623702474,0.7589738028390067,31.746485,0.24849276989642125
4791,66.39356194241753,0.7569225856236049,31.756775,0.2601085391228908
4792,62.19323952613237,0.7559100559779576,31.767109,0.240963206780288
4793,58.67361729072351,0.7627672467912946,31.776356,0.2255777067414849
4794,55.29920343267198,0.7623579842703683,31.783022,0.210231386360931
4795,54.078537276029344,0.7620631626674107,31.791433,0.20466746522781287
4796,57.19532992260142,0.7598724365234375,31.804634,0.21862309377255726
4797,60.92638247787681,0.7619149344308036,31.812601,0.23572695076214661
4798,63.61477304377737,0.764627184186663,31.825396,0.24815684287771536
4799,68.28301760741846,0.7696375165666852,31.83938,0.26976631804286433
4800,69.46753834135119,0.7734963553292411,31.847687,0.27547017876798724
4801,74.59111804818788,0.7747470310756138,31.862455,0.2988251047937015
4802,60.12767580548629,0.7746625627790179,31.871515,0.2331899701184926
4803,67.3076923076923,0.7738255092075893,31.88057,0.2656979393479992
4804,66.4329163813119,0.771416255405971,31.879442,0.26152317177231277
4805,63.6208769164947,0.77032470703125,31.874306,0.24867044031017554
4806,63.78766268569309,0.769357408796038,31.869648,0.24934473748366498
4807,66.01369442198062,0.7683743068150112,31.86365,0.25936152424296
4808,68.05936561463749,0.7743241446358817,31.861303,0.2691511852490613
4809,67.67718693608575,0.7755284990583148,31.857773,0.26751975866036026
4810,73.07356105433146,0.7773584638323102,31.855318,0.2921618939226513
4811,60.82503545704458,0.7765317644391742,31.858242,0.23651365339405425
4812,67.88518213705504,0.7772374834333148,31.861155,0.26860928486093527
4813,67.13598529888823,0.776625497000558,31.86322,0.2651576090488799
4814,72.31331459363325,0.7816717965262276,31.867819,0.28908012573797126
4815,71.2985665604639,0.7844341823032924,31.871002,0.284711286380861
4816,74.57756886119135,0.7891044616699219,31.87668,0.2999880681460153
4817,62.49198851914673,0.7882352556501117,31.882282,0.2450755673223279
4818,67.13361640207235,0.7870238167898995,31.894344,0.2660336586947891
4819,66.68271361317821,0.7869322640555245,31.903381,0.2639798774838479
4820,66.08357309328434,0.7859693254743304,31.916578,0.2611791526516709
4821,66.50580269373076,0.784834725516183,31.929224,0.2629982593303134
4822,64.22730438087696,0.7859960283551898,31.940151,0.2527586027357657
4823,66.3444260991943,0.7841529846191406,31.957024,0.2622078715246993
4824,66.04634916987479,0.7868826729910714,31.96957,0.26108814183509277
4825,62.63378870027174,0.7911703927176339,31.984615,0.24596930315471704
4826,62.55902915182647,0.7929469517299107,32.0026,0.2457815914304634
4827,61.88457450835743,0.792449951171875,32.015396,0.24267886497129268
4828,62.38352992440449,0.7917077200753349,32.029587,0.2448795777075667
4829,66.16758027094923,0.7876886640276227,32.044254,0.26170696570072927
4830,65.26385410602327,0.7872194562639508,32.052345,0.2575662889824899
4831,65.92545437723464,0.7862412588936942,32.06428,0.2604848795636558
4832,65.11348190265284,0.7888172694614956,32.07259,0.257020240557856
4833,63.342420967579805,0.788125719342913,32.081623,0.2489250666205451
4834,64.00382726929348,0.8002619062151227,32.092022,0.25296120935358696
4835,64.44060884089123,0.8282797677176339,32.09814,0.25733255116178827
4836,64.85839124728867,0.8325484139578683,32.098843,0.2595922830062274
4837,67.96301879129634,0.8334688459123883,32.09838,0.27375804082894883
4838,68.07870407960145,0.8312350681849888,32.09369,0.27409246034973983
4839,65.1683691520194,0.8281424386160714,32.095833,0.26062305486363224
4840,68.85837802291971,0.8259484427315849,32.100883,0.27717937562269956
4841,67.21869139072821,0.8240056719098773,32.103283,0.26957360545704045
4842,68.48422264208233,0.8262290954589844,32.110832,0.2755055788527023
4843,71.46178048753205,0.836160387311663,32.11826,0.2898632293430014
4844,71.49841130317536,0.8397696358816964,32.122395,0.29033724889186513
4845,75.47060926688063,0.8400633675711495,32.129246,0.3083861644055236
4846,68.78708173299314,0.8392105102539062,32.134884,0.2779868955453567
4847,69.01482073673148,0.8363685607910156,32.13713,0.27877789264938574
4848,65.28235394021739,0.832939692905971,32.138706,0.2615493849274851
4849,65.57341252511141,0.8334061758858817,32.1464,0.26290984750610813
4850,64.82582837723025,0.8325238909040179,32.152412,0.25944243744785633
4851,65.1660839160833,0.8375135149274554,32.16265,0.26141187785206416
4852,67.19227118154339,0.8339696611676898,32.169018,0.2703034812172813
4853,67.6688498954662,0.832855224609375,32.1801,0.27237091682309916
4854,68.95941942090619,0.834618159702846,32.18849,0.278377229718618
4855,78.26829817919338,0.8430301121303013,32.191418,0.3213337022814588
4856,72.63450725504603,0.8639504568917411,32.18894,0.2975544988740098
4857,81.81593079295251,0.868697030203683,32.18142,0.33962004878955576
4858,80.32781942248027,0.863168443952288,32.171234,0.3323962434006414
4859,73.28727998486471,0.8742419651576451,32.164608,0.30139414725714436
4860,62.227954304222514,0.8733253479003906,32.16437,0.25113423797835976
4861,59.63753145630498,0.869222913469587,32.17075,0.23903031586677448
4862,61.075878484955844,0.8649237496512276,32.17832,0.24519017663830847
4863,65.65132694107989,0.8673815046037946,32.19056,0.266160897947419
4864,69.3148883591421,0.8846124921526227,32.198666,0.28425383155805184
4865,70.7026201940597,0.9097633361816406,32.207382,0.29269560677900386
4866,73.55975445163926,0.9077720642089844,32.215107,0.3054900442978057
4867,73.01676215072274,0.8957127162388393,32.21601,0.30199775864122663
4868,56.44722458079828,0.8837051391601562,32.216274,0.22578937051721282
4869,67.89983732292107,0.8784713745117188,32.221115,0.2773092993148539
4870,66.93108308879954,0.8791509355817523,32.225937,0.27297152775463107
4871,66.87729269611276,0.8753580365862165,32.234596,0.27240398431676893
4872,68.04477473684193,0.8723340715680804,32.24418,0.27744354665812526
4873,66.50170996342003,0.866647447858538,32.250263,0.2699569120809676
4874,68.8619818097484,0.8664861406598773,32.262264,0.28065289892842515
4875,71.5262405078888,0.8769939967564174,32.269245,0.2936381242509424
4876,67.98755336674695,0.8848811558314732,32.27039,0.2782539557673622
4877,69.0649897674416,0.8824343000139508,32.26102,0.2829341531596041
4878,65.54282913789395,0.8753743852887835,32.23809,0.26635024448358896
4879,65.09530265293003,0.8703411647251674,32.216,0.2638903436651031
4880,67.03776877906586,0.868910653250558,32.191296,0.2725822938922858
4881,66.31632218550868,0.8642828805106026,32.1733,0.2689140571635202
4882,68.55842856861648,0.8637346540178571,32.156574,0.27904087012994744
4883,67.32325894736884,0.8599297659737724,32.136864,0.2731117909341738
4884,66.45539508299892,0.8567205156598773,32.117188,0.26890016087310536
4885,73.03309740618282,0.8574060712541852,32.098175,0.2988049794169136
4886,69.44978028089476,0.8584207807268415,32.081223,0.28263219998303246
4887,62.10587252887335,0.8597433907645089,32.071033,0.24942198315481362
4888,69.23138733983242,0.8603188650948661,32.060863,0.28180311515682327
4889,68.43692804236368,0.856466565813337,32.04815,0.2778697175720299
4890,72.05474341936633,0.8514911106654576,32.035286,0.29386124922317836
4891,67.23290307530857,0.8462682451520648,32.01719,0.27153670711311223
4892,63.02372188545608,0.84259033203125,32.001965,0.25212386650273894
4893,71.81347167506166,0.8426344735281808,31.99152,0.29201115824396606
4894,56.33588700575664,0.8424982343401227,31.981289,0.22176993280468413
4895,64.199460414092,0.8383674621582031,31.978231,0.2570986466497663
4896,70.35175879396985,0.8346813746861049,31.977203,0.28470036672820187
4897,69.7207240003564,0.8325255257742745,31.971157,0.2816531866794748
4898,73.51638287413925,0.8285369873046875,31.966684,0.29853585104114355
4899,74.62390573458507,0.8260993957519531,31.95573,0.30335335595612517
4900,73.0020800655618,0.828073229108538,31.949978,0.2961626492210345
4901,69.0724963664371,0.8297789437430245,31.942238,0.27847761463024373
4902,70.99956763846454,0.8254601614815849,31.940039,0.2868533906272797
4903,72.38820887226363,0.8216220310756138,31.934916,0.2928270293935546
4904,72.70578805015805,0.819861820765904,31.928007,0.2941179304882002
4905,74.84703738864576,0.822152818952288,31.925457,0.3040292414048763
4906,76.07648817771799,0.818892342703683,31.918139,0.3093298168507727
4907,77.57804300863471,0.8137152535574776,31.91527,0.3157016113060514
4908,77.48206419060162,0.8074351719447544,31.908186,0.31473052364315807
4909,72.51033198785433,0.8046188354492188,31.902042,0.2919310822783781
4910,69.7036270127859,0.8027970450265067,31.90191,0.2790402789506925
4911,67.78731400436807,0.8007322038922992,31.905224,0.27016890491467166
4912,67.03207539245535,0.7975812639508929,31.90938,0.26647328529361236
4913,66.14754946780003,0.7964837210518974,31.916914,0.26236614352576026
4914,68.92569522092072,0.795600346156529,31.923521,0.27489665500734695
4915,66.04546813186782,0.7929120744977679,31.923124,0.2615983487691514
4916,67.2677412350989,0.7906712123325893,31.9224,0.2669533110473105
4917,67.31044051407827,0.7876227242606026,31.922503,0.26688707540483075
4918,68.86267379811264,0.7854995727539062,31.924467,0.2737492721157136
4919,70.44961096246728,0.7856652396065849,31.9188,0.2809641348239422
4920,72.27650542997293,0.7847311837332589,31.912045,0.2891740173133651
4921,64.36991997806513,0.7859170096261161,31.90659,0.25339898267361005
4922,65.2428349255732,0.7862941196986607,31.90264,0.2573919990060049
4923,60.10032718641992,0.7821638924734933,31.900642,0.2337056105465163
4924,66.44197199626764,0.7819099426269531,31.90276,0.2624591933972056
4925,66.47302514629195,0.7800271170479911,31.904013,0.26243952443438157
4926,65.70929427446178,0.7778549194335938,31.910975,0.25878884109952355
4927,66.46184498303212,0.7781895228794643,31.919453,0.26223207909644114
4928,62.88398034475699,0.7753862653459821,31.925295,0.24575843317265428
4929,62.751579970830754,0.7744718279157367,31.933575,0.2450796800643399
4930,64.40314556934119,0.7708805629185268,31.939308,0.25226739264879755
4931,64.18767400188801,0.7721819196428571,31.946507,0.2514006729234517
4932,62.05578914076284,0.771925789969308,31.956688,0.24170539278389955
4933,63.06629667611815,0.7729971749441964,31.968098,0.24638194582583922
4934,62.15555206039645,0.7715590340750558,31.973856,0.24212678946379973
4935,57.13371908551621,0.7703372410365513,31.975628,0.21923600286922712
4936,58.64985975974502,0.7628598894391742,31.979618,0.22547780767379
4937,57.87928679421393,0.766761234828404,31.981976,0.22231404747072764
4938,58.31486771845742,0.7651329040527344,31.985123,0.2241516290584218
4939,62.54918607764525,0.764258793422154,31.997105,0.24329032004514015
4940,64.27131146119095,0.7618577139718192,32.005302,0.25089970039158405
4941,66.34240015556936,0.7572283063616071,32.015144,0.25990246503754805
4942,70.03988603988661,0.7577950613839286,32.026596,0.27672815752980384
4943,70.65534131068388,0.7556419372558594,32.032272,0.279337163851804
4944,64.32336411286528,0.7539236886160714,32.035854,0.2504592530904729
4945,66.2002334431148,0.7513084411621094,32.037712,0.2587525198948821
4946,67.76891961159468,0.7542190551757812,32.03886,0.26611866559545067
4947,56.396234422913935,0.7497607639857701,32.040188,0.21413484210244732
4948,60.75804399541321,0.7486316135951451,32.04452,0.23383027449234228
4949,64.76185104201589,0.7490087236676898,32.04833,0.2520297271022789
4950,62.348379050823134,0.7471558707101005,32.050346,0.24092057101712747
4951,62.42334112331138,0.7488713945661273,32.057377,0.24140701653447805
4952,64.7705763882741,0.7481471470424107,32.062973,0.2519958406733217
4953,65.23861976994294,0.7417896815708706,32.071785,0.2535774066342182
4954,70.12651823120248,0.743185315813337,32.082283,0.27587529047725723
4955,71.79762757355574,0.7395945957728794,32.09346,0.2831517293583839
4956,66.4729151995811,0.7356948852539062,32.10743,0.25865824571549006
4957,60.258866468280196,0.7359106881277901,32.125412,0.23048037733320695
4958,59.51939366852753,0.7364420209612165,32.140396,0.2271703299321103
4959,58.285571992264174,0.733987535749163,32.15558,0.2213625332678058
4960,61.68000853879913,0.7316469464983258,32.169476,0.23656519143953292
4961,66.86082347140061,0.7311483110700335,32.17202,0.2600306362741745
4962,68.71366241298946,0.7280752999441964,32.17013,0.2681758256889357
4963,72.72658662058356,0.7257586887904576,32.170986,0.2861869191863068
4964,79.10654093262534,0.7298671177455357,32.166183,0.31548636773875477
4965,62.791622112236084,0.7235570635114398,32.15673,0.24091921436263453
4966,65.1807369634797,0.7224971226283482,32.15583,0.25166943841099815
4967,64.40304849752026,0.7245815822056362,32.155273,0.24831844236298473
4968,62.90963811272386,0.7185935974121094,32.156467,0.24103141384908802
4969,66.44401027714977,0.7188464573451451,32.156612,0.25709020726716963
4970,68.39061309977177,0.7182181222098214,32.15397,0.26586933967052007
4971,66.64300328600675,0.7157026018415179,32.150562,0.25772502188382806
4972,76.41994023600618,0.7182322910853794,32.14504,0.30230365422179994
4973,59.88492048236186,0.7258731297084263,32.133545,0.22792756406294015
4974,59.244471162206324,0.7295199802943638,32.126026,0.22533253641026763
4975,69.76125227391401,0.726827893938337,32.123543,0.2728228867983994
4976,69.12532462085301,0.7212720598493304,32.121006,0.2694635448947945
4977,65.91565426839686,0.7223325456891742,32.126396,0.25499009322902505
4978,67.42189691718026,0.7190802437918526,32.13024,0.2615473100531716
4979,62.59537195897919,0.7156851632254464,32.130127,0.23935739022725347
4980,61.960574423565326,0.7164263044084821,32.127964,0.23654020034296797
4981,62.83855886039728,0.7150622776576451,32.12108,0.24040773036440669
4982,59.081120377481994,0.7116023472377232,32.119923,0.22306326440672405
4983,59.5185667529181,0.7098672049386161,32.123806,0.2249002012942105
4984,62.35004773590408,0.7105216979980469,32.123474,0.23780387539771203
4985,64.11607483772507,0.7088110787527901,32.121128,0.2456713444043688
4986,70.99206155149929,0.7080988202776227,32.121296,0.2768104200534032
4987,71.55093685401089,0.7069353376116071,32.119904,0.2792470939888974
4988,67.83082594049222,0.7061053684779576,32.12717,0.262296292675874
4989,71.25908270490014,0.7065446036202567,32.139965,0.2778894816251709
4990,68.69797314204926,0.7050595964704242,32.154522,0.26614179037294444
4991,67.52461395504244,0.7003070286342076,32.174133,0.2604123554368193
4992,62.67918728854595,0.7027391706194196,32.194294,0.23863363127555642
4993,66.2960941841723,0.7002149309430804,32.210953,0.25483008737203017
4994,67.64364771876726,0.7011255536760602,32.229385,0.26102227781075216
4995,65.27933904014694,0.6978231157575335,32.244953,0.2500125757047987
4996,62.52600450698198,0.6988154820033482,32.260246,0.23760394033463847
4997,63.201419152361865,0.695455823625837,32.27789,0.24038211587488084
4998,66.94503890350158,0.6979435511997768,32.28988,0.25758096703191485
4999,65.55872221515602,0.6959266662597656,32.300594,0.25111854340456763
5000,60.97497211849715,0.6934029715401786,32.315205,0.2301045298336668
5001,66.4507809195823,0.6963239397321429,32.3267,0.25520014420832715
5002,58.898891966759834,0.6953517368861607,32.33478,0.22085050357047178
5003,62.01508034598514,0.6905408586774554,32.341362,0.23457993616905976
5004,64.91761008852897,0.6926580156598773,32.33784,0.24793073449568864
5005,66.34956370898253,0.6936928885323661,32.332333,0.25451648709276775
5006,65.05254691726668,0.6879768371582031,32.330444,0.24814378660832
5007,67.89288190349009,0.6907681056431362,32.32816,0.26126986612411784
5008,68.94984972257386,0.6898416791643415,32.31958,0.2659868538131691
5009,67.53576913432404,0.6877637590680804,32.315056,0.2593932461182519
5010,73.89331300415267,0.6936225891113281,32.311497,0.2887402864168886
5011,69.12752834649793,0.6892084394182477,32.30997,0.2667390668272728
5012,64.18206134986876,0.6912046160016742,32.31497,0.24446922886112446
5013,64.82049138259212,0.6913697378976005,32.322285,0.24738018993125263
5014,61.18545197697056,0.6880743844168526,32.323433,0.23060514590302778
5015,63.64070621665031,0.6863501412527901,32.321926,0.24159882410584002
5016,67.79324602675413,0.686387198311942,32.32115,0.2604441515697089
5017,69.8964857379182,0.685288565499442,32.325333,0.2698939161897776
5018,75.27124328197426,0.686072758265904,32.326073,0.294348779719115
5019,75.25732075698953,0.6844395228794643,32.32098,0.29414631920599676
5020,65.22819264155798,0.6945435660226005,32.321857,0.2495008092982541
5021,42.123116397678125,0.695908682686942,32.32327,0.14477784817977396
5022,85.99826783627826,0.7059767586844308,32.31808,0.34472016969321295
5023,87.07158650400649,0.7243750435965401,32.322845,0.35115941622240515
5024,59.34541393774958,0.7363564627511161,32.32817,0.22637359951084549
5025,59.44830586529101,0.7301303318568638,32.328033,0.22630948977770254
5026,71.78541059280846,0.7229717799595424,32.33242,0.2816786533631251
5027,76.2113360076382,0.7276464189801898,32.342716,0.30215997546296824
5028,74.5929199700347,0.7332894461495536,32.351223,0.2952976593135515
5029,73.27698340733993,0.7281434195382255,32.359825,0.2888877236335747
5030,77.38786461453532,0.7436000279017857,32.371105,0.30885904855438184
5031,79.69777491299818,0.746680668422154,32.373344,0.31960300225988886
5032,74.90607115315302,0.7434572492327008,32.375286,0.29758572354470525
5033,80.29711021451513,0.7397057669503349,32.377926,0.32172764915569496
5034,73.26211141566374,0.7354567391531808,32.378498,0.289443942773055
5035,68.5811543964216,0.7323646545410156,32.380756,0.2679403784558732
5036,64.94243950178134,0.7302687508719308,32.385006,0.25125094939948023
5037,62.40803787322294,0.7277793884277344,32.387783,0.23953879121406985
5038,59.180656090136566,0.7210420880998883,32.390297,0.2243199562942172
5039,59.755988003068865,0.7170584542410714,32.395348,0.22659079159025156
5040,63.156540044447524,0.7133963448660714,32.403454,0.2417084958207579
5041,66.84551105867273,0.7084214346749442,32.408325,0.2580229429553169
5042,66.33275982261362,0.7055179050990513,32.41311,0.2554487107036481
5043,66.98117178369901,0.7010143824986049,32.420536,0.25800680942794585
5044,75.00619740638525,0.7005528041294643,32.428562,0.2943810327540474
5045,59.41852264258765,0.7022285461425781,32.433575,0.22379480399268947
5046,57.22832420978637,0.6919675554547992,32.444527,0.2129816825396102
5047,64.2851967498742,0.6958699907575335,32.455246,0.2453350827149122
5048,64.4115653457186,0.6895059858049665,32.460922,0.24536574016950602
5049,62.067464733332926,0.6852929251534599,32.47073,0.23437007173286464
5050,64.60942814351121,0.6828041076660156,32.480774,0.24569198807685244
5051,62.03589526768397,0.6823959350585938,32.491734,0.23397976152615152
5052,56.64401011791786,0.6819784981863839,32.504215,0.20947845940693224
5053,57.96211532771177,0.6811964852469308,32.518345,0.21539267512282984
5054,58.94502898989384,0.6820362636021206,32.528202,0.21992426877075855
5055,57.55487487339683,0.679863521030971,32.53455,0.21343114081112424
5056,59.64094615253938,0.6792373657226562,32.547367,0.22284329783376472
5057,66.97823702272068,0.6854313441685268,32.559708,0.2566645267495362
5058,65.86239266738853,0.682473863874163,32.569054,0.25134915582026973
5059,67.66933187226091,0.6875179835728237,32.580364,0.25997832717342245
5060,65.6491877543106,0.6829844883510044,32.58879,0.250425285135611
5061,60.66983191961897,0.6844008309500558,32.59333,0.2279522265172844
5062,63.65164778692384,0.6816727774483817,32.603924,0.2412495725316945
5063,64.09655760305074,0.6737850734165737,32.60842,0.24259566670823163
5064,55.46827880744428,0.6550679888044085,32.61411,0.20184856816494495
5065,40.848574502422444,0.6528854370117188,32.621082,0.13532546313817184
5066,73.09634983645941,0.6636897495814732,32.62888,0.28257130426066435
5067,73.42849937341227,0.6567840576171875,32.63612,0.2834894969933479
5068,67.69667023253086,0.6553660801478794,32.63456,0.2573603685910705
5069,67.11105822315331,0.6471732003348214,32.63645,0.25400443931547934
5070,69.61327607264774,0.6504620143345424,32.633835,0.2656387429866845
5071,74.98681284305442,0.6437432425362724,32.635258,0.2894481929200542
5072,73.55158191327438,0.6414260864257812,32.635303,0.2827382127268481
5073,73.26839590887107,0.6376686096191406,32.6396,0.28113280662647455
5074,71.14444379172907,0.6330233982631138,32.641277,0.2710992078765388
5075,67.27838009126917,0.6324103219168526,32.64444,0.2535046424079079
5076,66.76995029995058,0.6279160635811942,32.649426,0.2508143568206995
5077,69.23603566169886,0.6265950884137835,32.652195,0.2618915731371681
5078,73.02140189600388,0.6270664760044643,32.658634,0.27910788988499036
5079,75.13057199211377,0.6189259120396206,32.66101,0.28798400757304043
5080,66.06599758403196,0.6211427961077008,32.666767,0.24704252469410454
5081,72.32785542067691,0.591512952532087,32.674866,0.27292881337021807
5082,79.3871991807473,0.5707479204450335,32.680367,0.3031897143720509
5083,62.81727711090936,0.568711417061942,32.685802,0.22782994333150997
5084,56.05844545022527,0.5687811715262276,32.69242,0.19716766465224764
5085,57.257013571600105,0.5673048836844308,32.698208,0.20248027056440446
5086,58.271421383046345,0.563943590436663,32.698895,0.2067964896177243
5087,58.97763513045588,0.5641463143484933,32.701363,0.21001822639059953
5088,64.32749113541774,0.5637572152273995,32.70294,0.2342600373837037
5089,65.51418223349427,0.5646040780203683,32.699947,0.23971687619888443
5090,75.03002863194767,0.5619893755231585,32.700005,0.2826720805661115
5091,65.67072045669902,0.561105455671038,32.696976,0.2401287965104654
5092,69.57559510838479,0.556746346609933,32.693146,0.2574754246085019
5093,63.96240036235222,0.5605387006487165,32.68969,0.23232895228965061
5094,65.17263935206377,0.5552253723144531,32.69248,0.23736728100212778
5095,72.46288367981555,0.5552651541573661,32.68975,0.2704501884992045
5096,63.69231937913398,0.5560052054268974,32.69303,0.23071682920348108
5097,76.21125059245071,0.5612144470214844,32.701912,0.2879657921346332
5098,68.6892794165035,0.5687446594238281,32.7063,0.25447701388738847
5099,57.56254367074427,0.5665691920689174,32.713383,0.2038038728044418
5100,60.29314973827964,0.5677860804966518,32.719315,0.2162977892375498
5101,63.181569189735285,0.5657953534807477,32.722843,0.22923422993271633
5102,63.50091327520534,0.573387690952846,32.725494,0.23133075139315748
5103,68.66174008643172,0.5756585257393974,32.73154,0.2549416884021028
5104,71.72041224467999,0.5845620291573661,32.734196,0.26957974268876517
5105,65.53310295817938,0.5880704607282367,32.735237,0.2418040094673062
5106,63.84921406671848,0.5872846330915179,32.74482,0.23409633879330444
5107,64.18306060848674,0.5876791817801339,32.749905,0.2356448171464627
5108,60.36106629610824,0.5899478367396763,32.753056,0.21849597902271195
5109,60.6296556119031,0.5910355704171317,32.757786,0.21980746923750408
5110,63.84106154144502,0.585991450718471,32.761272,0.23394906037450083
5111,61.33251112676823,0.5906633649553571,32.762672,0.2229649363904614
5112,56.869847180261715,0.5899053301130023,32.76552,0.2026509322800309
5113,57.53250005691754,0.5859631129673549,32.77064,0.20532151895811973
5114,56.35110778969622,0.5826901027134487,32.77371,0.19968181479895203
5115,55.50359496210027,0.5843958173479352,32.776997,0.19598168995701615
5116,58.176391855849566,0.580331529889788,32.779896,0.20776290319550822
5117,60.0198633353663,0.5787625994001117,32.786064,0.2159938600201903
5118,60.80580628683804,0.5776301792689732,32.78925,0.21946350348510785
5119,62.968245591576185,0.5766034807477679,32.79316,0.22918802127658033
5120,76.73468043552995,0.5706939697265625,32.79584,0.29114929815979823
5121,57.693894074328256,0.5702661786760602,32.799576,0.20471516543967516
5122,63.658436603286766,0.5704857962472099,32.80388,0.23179803226669646
5123,62.67052247502392,0.5664618355887276,32.80294,0.22697219278615918
5124,63.61474193493953,0.5666345868791852,32.802902,0.23127132534541145
5125,68.41646853593377,0.5632967267717633,32.80182,0.25277451803442774
5126,73.14482453206178,0.5615223475864956,32.8037,0.2740781294261594
5127,74.1616006650484,0.5607877458844867,32.802864,0.27862910653476847
5128,79.33355975006994,0.5569474356515067,32.809834,0.3017693803146996
5129,63.99894727874921,0.5552090236118862,32.81294,0.2320402539401981
5130,62.468317881137146,0.5532864161900112,32.817055,0.22493105103498026
5131,70.47724630385514,0.5535719735281808,32.82409,0.2612959511227254
5132,56.56949520250357,0.5539708818708148,32.829388,0.19822349112150323
5133,60.143205139658335,0.5539185660226005,32.835,0.2144347535858129
5134,64.47496601082466,0.5493796212332589,32.835815,0.23370304282224977
5135,66.11368403708532,0.5428014482770648,32.836224,0.2405777274180281
5136,69.10555824228383,0.5394330705915179,32.843185,0.2538661045012928
5137,72.62840712810656,0.5402521405901227,32.849674,0.2699208990112844
5138,72.04831884138528,0.5366456168038505,32.84954,0.26698117124265186
5139,76.59766065807395,0.5351802280970982,32.83999,0.2874988566242074
5140,58.01321072863591,0.5355731419154576,32.834297,0.20320534447739164
5141,65.78861248530562,0.5318968636648995,32.82676,0.2381727396218703
5142,64.81282719003673,0.5274810791015625,32.821815,0.23336851890683824
5143,64.55686574616512,0.5281055995396206,32.81952,0.2322603536551411
5144,65.90472750993405,0.5251437595912388,32.819973,0.2381236879646012
5145,63.150296857202804,0.5260587419782367,32.815216,0.22570347942987323
5146,66.04067020641814,0.5283159528459821,32.814938,0.23901106226672933
5147,55.62952950975403,0.5329350062779018,32.784664,0.19216439299041038
5148,36.23301442889356,0.5654362269810268,32.743008,0.10692442022011052
5149,78.61211567469223,0.5737495422363281,32.69617,0.2999287565640001
5150,81.68125798922794,0.5800247192382812,32.667572,0.3143901680169513
5151,79.30256693548964,0.5767773219517299,32.64617,0.30331989984535135
5152,75.54255749286241,0.579857417515346,32.628693,0.28652152031419986
5153,72.57428461580645,0.5805887494768415,32.61187,0.2731153395380351
5154,68.45600465834507,0.5812503269740513,32.59283,0.2544850478599863
5155,70.04021832806693,0.5849260602678571,32.574135,0.2619869012297204
5156,66.38854030853,0.5860541207449776,32.559566,0.24551360084474447
5157,76.18209796831941,0.5837663922991071,32.54393,0.289756806531495
5158,60.905379117998315,0.5963984898158482,32.52741,0.2215159309672394
5159,71.27163235000057,0.5964971269880023,32.510845,0.2685612613619694
5160,69.81352153468114,0.5954622541155133,32.494705,0.26185682038142005
5161,72.14177363917004,0.5945679800851005,32.492573,0.27234500800051603
5162,84.62386220816704,0.5994437081473214,32.472473,0.32939835428536507
5163,70.06085723198694,0.601250239780971,32.448494,0.26347272317743875
5164,77.29545110294342,0.5986448015485492,32.439587,0.2960775245367126
5165,70.50176988536876,0.5981968470982143,32.441334,0.2652129641435559
5166,64.21551688225874,0.5972938537597656,32.437943,0.23661205442065825
5167,62.522593100205796,0.6012845720563617,32.432106,0.22927074542432838
5168,65.86108996955683,0.6059526715959821,32.425632,0.24481729814692757
5169,73.76644736842134,0.605447496686663,32.42285,0.2806448083581662
5170,76.40174439302262,0.6071668352399554,32.421696,0.2927491099890324
5171,78.95657466365351,0.6066998073032924,32.421703,0.30430183377699715
5172,79.23013471173121,0.6062093462262835,32.424385,0.30550128573715657
5173,75.30414644515986,0.6066954476492745,32.429737,0.2877285533254308
5174,70.28081703622397,0.6102491106305804,32.43556,0.2652382412363261
5175,68.20269673427157,0.6062861851283482,32.440292,0.25547079183748433
5176,63.605852014628745,0.6061559404645648,32.43875,0.23460148164201716
5177,63.30153528691852,0.6064878191266742,32.4365,0.23324894675358127
5178,68.5483561806222,0.6055946350097656,32.4338,0.25698024567535777
5179,69.44150148595143,0.603470938546317,32.429012,0.2608517813911934
5180,67.07938238815464,0.6044327872140067,32.428654,0.2502156851040681
5181,67.83670320909496,0.6081423078264508,32.43044,0.2539683901186563
5182,71.41055938894486,0.6077526637486049,32.430073,0.27015154784122136
5183,67.77166247786471,0.6058425903320312,32.43075,0.2534771410211948
5184,63.76495489272825,0.6060709272112165,32.435787,0.23531616145722728
5185,67.63182758206344,0.6063494001116071,32.44366,0.2528858617751094
5186,69.47238004774731,0.6046175275530133,32.452644,0.2610896773952332
5187,77.26279930928268,0.6034534999302456,32.464954,0.2963394664687827
5188,58.69542706636841,0.6065810067313058,32.47937,0.2123566583276332
5189,44.88452562401582,0.6038965497698102,32.49254,0.14946069583429195
5190,65.20671049428114,0.6059079851422992,32.475555,0.24184423749289108
5191,74.85783704720473,0.6042360578264508,32.449516,0.2854936787096198
5192,72.80776079964052,0.6026769365583148,32.43199,0.2760584826445801
5193,57.06422031706009,0.6014954703194755,32.416718,0.20452134160643695
5194,70.2072912054336,0.6019913809640067,32.415485,0.2642003746027099
5195,65.73329932111602,0.598588126046317,32.421974,0.24360937797375198
5196,64.20931664328246,0.592818123953683,32.398422,0.2362022177392922
5197,55.84626706729681,0.5929837908063617,32.36168,0.1982689730982105
5198,39.034900376234674,0.5948529924665179,32.336285,0.12214673578159177
5199,77.70976004862577,0.5934715270996094,32.322678,0.29751626147039834
5200,75.87722607300265,0.5916001456124442,32.304577,0.28904153394704113
5201,78.61344771775651,0.5899434770856585,32.2762,0.3013158659097294
5202,76.34271940127195,0.5888889857700893,32.25267,0.2909224964283578
5203,69.47254782230574,0.590538569859096,32.23781,0.25988974479417754
5204,70.89608449116156,0.5898301260811942,32.222187,0.2662886303950956
5205,69.43713632883077,0.5898704528808594,32.20712,0.2596720860597205
5206,71.53844954982301,0.5900960649762835,32.20234,0.2692260446249793
5207,55.176013244524626,0.5921974182128906,32.166077,0.19516062940404202
5208,52.035739013423225,0.596153804234096,32.11799,0.1812490336059305
5209,84.00545955769634,0.6107559204101562,32.091335,0.3275570875122523
5210,90.01473498434596,0.6162316458565849,32.071514,0.3552911860034171
5211,73.09119065757321,0.6139368329729352,32.044548,0.27830482308622834
5212,54.64979529069415,0.6116251264299665,32.03577,0.19442976384927102
5213,58.76945317292477,0.6076442173549107,32.04129,0.21278322575281797
5214,58.96860193762826,0.6062878199986049,32.045204,0.21357118666803648
5215,59.01247061157861,0.6043668474469867,32.04486,0.2136064149165842
5216,60.21291084770827,0.6037401471819196,32.033733,0.21899997082189163
5217,61.68096295113868,0.6044551304408482,32.007298,0.2257222393363017
5218,65.71612478531392,0.6005575997488839,32.001053,0.24369941080832627
5219,63.14138667167097,0.598097664969308,32.00601,0.23180673532510485
5220,58.75510454614022,0.5956873212541852,32.010437,0.21169840041560983
5221,60.51397090060553,0.598672594342913,32.013912,0.21993385666268345
5222,65.19928441576127,0.5970633370535714,32.013107,0.2410562446818047
5223,65.77841343922148,0.595900399344308,32.01199,0.24358486643811916
5224,63.26458455793846,0.5974001203264508,31.986912,0.23230625765333393
5225,64.73912973872946,0.5969548906598773,31.955223,0.23895904224920306
5226,67.47012026276198,0.5954807826450893,31.95331,0.2512252072631606
5227,65.42189300296582,0.5971761431012835,31.952976,0.24207595252060568
5228,66.01773523679253,0.5958115713936942,31.950453,0.2446632146148764
5229,63.38053036505219,0.595815931047712,31.943783,0.23269725804471117
5230,45.77148553464381,0.5971973964146206,31.919104,0.15291395721292395
5231,37.06594963425567,0.5933020455496651,31.910397,0.11308034417689838
5232,44.4705852412254,0.594261714390346,31.922232,0.14676075319284318
5233,49.04522467810496,0.5943505423409599,31.958008,0.16752577468684401
5234,69.7696917396506,0.5950546264648438,31.988789,0.26162317884440506
5235,70.00735663655318,0.5940241132463727,32.00728,0.2626136992076895
5236,66.52060349371824,0.5948704310825893,32.01491,0.24686471833523274
5237,49.01924916289658,0.5975330897739956,32.006718,0.1676793274455737
5238,31.51789483207491,0.5966306413922992,32.016335,0.08818989400297036
5239,46.884774360982874,0.5980992998395648,32.034653,0.15804242692936285
5240,80.20162494851719,0.597571781703404,32.01994,0.3091727905697925
5241,76.34737051263356,0.5968562534877232,32.008068,0.29162307230046536
5242,67.47596545543507,0.5966595241001674,32.01001,0.2513522563008258
5243,64.16359115567114,0.5949281964983258,32.015068,0.23617469118040985
5244,61.476188307665545,0.5978753226143974,32.005676,0.22423192863973235
5245,52.31167031223542,0.59820556640625,31.981306,0.1826760532140918
5246,75.97346481429145,0.636819566999163,31.951984,0.29333465955425475
5247,90.38912592385377,0.7223336356026786,31.914585,0.3660386683886124
5248,63.135062903330486,0.7179336547851562,31.89529,0.24199799800028587
5249,88.82903057702829,0.7032263619559151,31.896706,0.3573302060060031
5250,91.58414771720226,0.6273776463099888,31.896551,0.36336296586073985
5251,88.96336301099088,0.6273433140345982,31.899035,0.35146821610314755
5252,77.72786787940362,0.6336768014090401,31.898695,0.3010272468981873
5253,48.45987325639711,0.6323122297014508,31.892132,0.16810722165023567
5254,84.21726315789121,0.7507896423339844,31.862562,0.34046062455859105
5255,51.880421052628044,0.8244291033063617,31.827763,0.20001224970299047
5256,90.37409601984432,0.8339533124651227,31.815712,0.37548971620980437
5257,76.33463541666919,0.8268029349190849,31.815073,0.3111757990356461
5258,75.32272137001974,0.8267773219517299,31.808172,0.3065820503779027
5259,69.32824964463371,0.8294863019670758,31.794403,0.2796131388931567
5260,66.60352722468022,0.831106458391462,31.784609,0.267387870855356
5261,64.28773771865488,0.8387767246791294,31.777544,0.2575341083776257
5262,62.89345468498311,0.8397707257952008,31.774431,0.25129231441989136
5263,61.78995129764219,0.8464164733886719,31.772276,0.24685193149392942
5264,64.31758682785349,0.843461172921317,31.773207,0.25806905201533537
5265,62.858728695635676,0.837449210030692,31.777266,0.2509367595742817
5266,64.46934507114624,0.8343069893973214,31.778706,0.2579769606752391
5267,66.54007166274901,0.8325037275041852,31.781803,0.2672191040880897
5268,66.36000431236543,0.8309309823172433,31.783596,0.2662679194974572
5269,64.12654248906908,0.8319898332868304,31.784624,0.25622387877754116
5270,79.28625550351548,0.834517342703683,31.784615,0.3252266946059551
5271,56.82361192759282,0.8295179094587054,31.78577,0.22287598739888184
5272,65.61282641154682,0.8392808096749442,31.78786,0.2635896937972947
5273,74.03761402337668,0.8419897896902901,31.788008,0.30204823316680995
5274,67.9071708520844,0.8388622828892299,31.7897,0.2739645983354022
5275,61.945850790980316,0.8377478463309151,31.788912,0.24682004074122046
5276,61.39150781823236,0.8408682686941964,31.78814,0.24457082569964653
5277,62.70507790852611,0.841543470110212,31.785223,0.2505887387097424
5278,61.50965465543103,0.8368377685546875,31.781424,0.2447631848702556
5279,59.82558456791871,0.8341892787388393,31.783228,0.23689583884720045
5280,62.805583965642995,0.8316933768136161,31.783693,0.2502047411751837
5281,63.64285076970371,0.8351375034877232,31.787308,0.25429756787379
5282,69.50991438553538,0.828683580671038,31.788343,0.28036898505756763
5283,63.815654839889554,0.8231326511928013,31.78773,0.25405785885702503
5284,62.85823651651027,0.823934827532087,31.78767,0.2497819810219521
5285,65.63689455171952,0.8237511771065849,31.782137,0.2623744914947203
5286,67.85146624104635,0.8210797991071429,31.780157,0.2721952972225476
5287,65.97420568655454,0.8150879996163505,31.778234,0.2631662215951953
5288,64.60426304775471,0.8133741106305804,31.779757,0.2568039356513431
5289,65.46952809075914,0.8143997192382812,31.778912,0.26081754632379595
5290,66.85514883421045,0.8169201442173549,31.775747,0.2673197554364754
5291,72.13334568342364,0.8099081856863839,31.773901,0.2906715962648749
5292,68.72596926908506,0.8161648341587612,31.780537,0.2757441961460991
5293,68.51549755301795,0.8138057163783482,31.785875,0.27458798750683255
5294,72.21083560728826,0.8131942749023438,31.791693,0.291303454235612
5295,57.67232898260731,0.8110972813197544,31.799002,0.2251560806797998
5296,64.46586854105836,0.8129277910505023,31.808167,0.2561379065724055
5297,68.95279095276169,0.808997562953404,31.816406,0.27616215506682
5298,65.09987475398013,0.8053637913295201,31.823706,0.25836963288912485
5299,61.55373520968948,0.8023529052734375,31.82777,0.24202223255913724
5300,63.12222163415292,0.8026902335030692,31.82819,0.24916801473067995
5301,66.35933708353463,0.801926749093192,31.826294,0.26379132777451814
5302,66.60989588585846,0.7985507420131138,31.824434,0.2646403238473099
5303,66.00776565802497,0.7985305786132812,31.822536,0.2619064357731407
5304,67.49343955328158,0.7982090541294643,31.816195,0.26862026689111773
5305,66.79380508958414,0.7958744594029018,31.810324,0.265246571590693
5306,62.07227487891671,0.7971758161272321,31.804598,0.24393359151795224
5307,62.414772832965056,0.7936951773507255,31.804888,0.24519083859347035
5308,57.2849129204432,0.7903518676757812,31.809391,0.22162895028626992
5309,59.93751303129784,0.7870161873953683,31.815756,0.2333806582452334
5310,56.2167005870763,0.7879257202148438,31.823786,0.21657502344764973
5311,66.65633605557306,0.7864652361188617,31.830008,0.2638203597220219
5312,79.82996254265457,0.7841954912458148,31.834587,0.32340217584586284
5313,72.08621379889696,0.7826723371233258,31.840017,0.28813498388231834
5314,62.47205889626134,0.7812788827078683,31.846832,0.24439187714374544
5315,60.78147612156295,0.7791437421526227,31.85368,0.2365387596715568
5316,68.4637977959547,0.7789557320731026,31.855747,0.2713812930560464
5317,65.06499236931832,0.7765344892229352,31.858284,0.2557527083776595
5318,62.5039217971244,0.7746227809361049,31.863237,0.2439688037493199
5319,63.04840560233732,0.7721230643136161,31.863174,0.24622621834131717
5320,65.91102458803269,0.7675835745675224,31.860947,0.2588282235195006
5321,66.73543833485652,0.7654157366071429,31.858604,0.26238412498151764
5322,66.80158511330639,0.7613416399274554,31.852678,0.26233681562541955
5323,67.80525265076363,0.7599825177873883,31.846172,0.2667750515322421
5324,67.51367260940029,0.7597721644810268,31.844532,0.2654340663155877
5325,63.697119341565006,0.7597645350864956,31.845848,0.24811578889850253
5326,64.630150541205,0.7569863455636161,31.84553,0.25211248998555275
5327,61.595952047632466,0.7541351318359375,31.849482,0.23810164167463016
5328,59.79671531159514,0.7548631940569196,31.854698,0.22999968853063302
5329,61.07192829654089,0.753638676234654,31.857439,0.2356815425078683
5330,69.656140350875,0.7530288696289062,31.857466,0.27458043532789134
5331,69.27931912069624,0.7506670270647321,31.85987,0.2726691826801814
5332,69.50869695115891,0.750335693359375,31.859587,0.27368172847762656
5333,65.37352328833188,0.7500648498535156,31.85793,0.25489526200275
5334,67.64943365870843,0.7489771161760602,31.855516,0.26512944998628113
5335,67.96695374040766,0.7458158220563617,31.857658,0.2663005944872343
5336,62.45811974787254,0.7452806745256696,31.855957,0.24125859779179198
5337,60.69364161849711,0.7451869419642857,31.852858,0.23324427695878092
5338,63.17995535649668,0.7426746913364956,31.847855,0.24431168423207847
5339,63.58954692951913,0.743917737688337,31.84325,0.2462762183017041
5340,71.27919642790243,0.7418534415108817,31.828913,0.2809919866608125
5341,70.76351076411032,0.7430240086146763,31.820028,0.27875189007671775
5342,71.90882230765385,0.7426496233258929,31.812311,0.28391681744846387
5343,72.78772771623078,0.7397956848144531,31.803705,0.28766146243636354
5344,65.81400232555465,0.7431340898786273,31.79939,0.25630286243396805
5345,61.086764157366936,0.745779309953962,31.786858,0.23507859099924122
5346,57.05435016020088,0.7375695364815849,31.777996,0.21608134223661368
5347,55.75672902670147,0.7314044407435826,31.776857,0.20966760375790824
5348,58.09482457588616,0.7322147914341518,31.781027,0.22034583133301677
5349,61.087685976575116,0.7282393319266183,31.768423,0.23358691414165486
5350,67.23050753296137,0.7275466918945312,31.752104,0.26140092287339584
5351,77.2246226309331,0.7310611179896763,31.7375,0.3070489831678469
5352,76.34134948375763,0.734130859375,31.728653,0.30330292383522073
5353,70.57115355060083,0.7352104187011719,31.727472,0.2772127030478258
5354,67.4302140075897,0.735330309186663,31.736944,0.2629709010549298
5355,72.76675590734732,0.7361853463309151,31.749765,0.28725840274663295
5356,62.279273822302606,0.7364147731236049,31.765884,0.2396909741487628
5357,59.73625386262828,0.7362431117466518,31.779268,0.22813737044133467
5358,63.09820269171475,0.7357433864048549,31.791574,0.24334960960854687
5359,64.02127445423287,0.7357542855398995,31.799389,0.2475389811846262
5360,65.82087564779552,0.7446872166224888,31.803047,0.25646650526479187
5361,71.03147597640942,0.747748783656529,31.806591,0.2803707257347845
5362,64.17143669941053,0.7444806780133929,31.815058,0.24896455478389012
5363,58.36497550006059,0.7419264657156808,31.826406,0.2223998817334795
5364,56.601125627458515,0.7391150338309151,31.836184,0.21415663842787167
5365,58.11174061703557,0.7386480058942523,31.848574,0.22097123091625676
5366,59.41390317308946,0.7367973327636719,31.859118,0.22672196836756367
5367,60.818440574629165,0.7361853463309151,31.867,0.23304287087080658
5368,62.965902263195346,0.7352769034249442,31.876316,0.2427095128428269
5369,66.24681464162526,0.7345106942313058,31.884161,0.2575313222619885
5370,66.93734215884393,0.7346578325544085,31.890135,0.2606771421999677
5371,66.60696180749756,0.7332534790039062,31.894653,0.2590582726467605
5372,53.45361699976607,0.732353755405971,31.898197,0.199298183371037
5373,59.75951252331421,0.730978284563337,31.90192,0.2277939071562572
5374,62.63777362400016,0.7307962690080915,31.904938,0.24083850639064
5375,64.34184193684872,0.72894287109375,31.905983,0.2484126605533229
5376,61.31495757164234,0.7272169930594308,31.908745,0.23453097198556683
5377,60.234805440771346,0.7257957458496094,31.909685,0.2295085690393845
5378,59.4659474130312,0.7247265407017299,31.91071,0.22592868757268325
5379,61.226695694761005,0.7225042070661273,31.908415,0.2337285634402423
5380,63.11859299735106,0.7227543422154018,31.907425,0.24233438777728786
5381,60.15214553760852,0.722952161516462,31.906033,0.22889099035063185
5382,58.368087728087794,0.7220524379185268,31.905079,0.22071908940879365
5383,58.996826414774006,0.7197810581752232,31.906725,0.2233782841092227
5384,60.88741713780259,0.7172355651855469,31.905043,0.2317397606527085
5385,61.897650011157346,0.7182361057826451,31.903292,0.23640902560298654
5386,62.175453739239735,0.7163069588797433,31.898636,0.2375050380271182
5387,66.03217724077778,0.714827401297433,31.89667,0.2548787564818765
5388,68.18181818181819,0.7134769984654018,31.89025,0.2645175952116438
5389,66.82044563517121,0.7116944449288505,31.886446,0.2581883401877909
5390,77.09576900248192,0.7100917271205357,31.88572,0.30467597950215153
5391,54.10260836575894,0.7114056178501674,31.887405,0.20045646723476157
5392,55.2519298476263,0.7085298810686383,31.883022,0.20542626729169733
5393,57.60055719569951,0.7071451459612165,31.877623,0.21596507973873777
5394,61.60157953092212,0.7072067260742188,31.874887,0.2341249874092624
5395,61.6195904087429,0.7060813903808594,31.874922,0.23411073998987963
5396,67.66794820606802,0.7039260864257812,31.87668,0.2613713788381978
5397,70.8809739179496,0.704017094203404,31.876362,0.27595825813891695
5398,70.00715265362199,0.7029397147042411,31.877937,0.2719014084055909
5399,74.84474780640994,0.7017795017787388,31.877333,0.2937530707969807
5400,64.03690661076804,0.7004503522600446,31.876797,0.24459909150939224
5401,55.19252678177359,0.7004939488002232,31.875711,0.20447139828237507
5402,56.084036009931545,0.6992296491350446,31.869244,0.20840880211404417
5403,58.62363625720166,0.6983517238071987,31.86264,0.21985737709830275
5404,58.45299172954149,0.698317391531808,31.857796,0.21908014887002095
5405,59.968862368767944,0.6964116777692523,31.853985,0.22579589363896518
5406,62.797754533358,0.6962558201381138,31.85024,0.23861871193763268
5407,65.83238060204806,0.6958291190011161,31.843786,0.25235195039449576
5408,69.51087747042818,0.694115230015346,31.838734,0.26889698028580655
5409,69.26430507315786,0.6941969735281808,31.835485,0.26778512830076695
5410,75.65866756702425,0.6928394862583706,31.834347,0.2966838050324665
5411,64.26709310424869,0.692488534109933,31.831814,0.24496455702743047
5412,67.64776670498766,0.6932144165039062,31.83124,0.2603662832677505
5413,67.14004660359397,0.6908563886369977,31.833181,0.257861401760909
5414,66.2366172153355,0.6927871704101562,31.832834,0.2539267496569332
5415,63.32235488328002,0.6915533883231026,31.830452,0.24059805139912188
5416,75.07072665643481,0.6906051635742188,31.830418,0.2938254711937947
5417,60.14257912146354,0.6899059840611049,31.827583,0.22602930993426298
5418,67.13484653169452,0.6892498561314174,31.822405,0.25770079671417645
5419,69.21823805565134,0.6889795575823102,31.81822,0.26713114282093664
5420,67.35501319019895,0.6880362374441964,31.814814,0.2585963029865929
5421,73.58764452183041,0.686446053641183,31.816408,0.2867412788510641
5422,69.37901785713862,0.6861272539411273,31.816004,0.2676174292246315
5423,66.26022812649505,0.6874280657087054,31.816725,0.2535768444528291
5424,76.10960126851383,0.6860553196498326,31.818035,0.2981513454500564
5425,71.20345605146414,0.6856373378208706,31.82124,0.27585404387556794
5426,65.10536867042815,0.6831158229282924,31.827282,0.24796890430813426
5427,64.95668654356278,0.6831550598144531,31.830103,0.24729760475633344
5428,62.57832618403725,0.6841763087681362,31.829515,0.2365928795014171
5429,65.52436807479327,0.6812695094517299,31.828716,0.24971265698880515
5430,67.63509394541512,0.6834722246442523,31.829107,0.2594779385127786
5431,66.62037947154708,0.6826645987374442,31.830818,0.2548047905989284
5432,80.34797823666659,0.6798498971121651,31.832367,0.3168537828271079
5433,59.78048696000819,0.6808815002441406,31.83237,0.22361668134989152
5434,64.22787822052433,0.6814417157854352,31.831156,0.24384451498520743
5435,65.3665561713459,0.681619371686663,31.831888,0.24902642205711056
5436,64.27144379123168,0.6812787737165179,31.832874,0.24402829778162305
5437,65.03493192788372,0.6765082223074776,31.833136,0.2470857821618477
5438,68.65018710743757,0.6792144775390625,31.833895,0.2637208151920244
5439,66.21256985114402,0.6789790562220982,31.83443,0.2526400390710643
5440,66.47378929069184,0.6773223876953125,31.838242,0.2536840379522634
5441,67.26610206925834,0.6789436340332031,31.846022,0.2574174251065357
5442,66.58973906450822,0.677666255405971,31.854458,0.2542394865706842
5443,72.14859131508203,0.6788738795689174,31.86438,0.2795657920609987
5444,66.60707033993621,0.6797599792480469,31.868603,0.2544966860792969
5445,63.05090671003671,0.6771877833775112,31.869648,0.238141214174848
5446,65.11691703055288,0.6779191153390067,31.873451,0.24757811491851273
5447,63.96908251752581,0.6771283830915179,31.876108,0.2423023749978772
5448,64.03716591864276,0.6765828813825335,31.88005,0.24256478177157142
5449,65.90678057332686,0.6769049508231026,31.885162,0.25107563326114185
5450,66.02740841400696,0.6761196681431362,31.892076,0.2515560114451726
5451,76.11335470448824,0.6748232160295758,31.903719,0.29721047068079876
5452,62.128110733876056,0.6768133980887276,31.914679,0.23392209483917842
5453,63.214907619711674,0.6746210370744977,31.928034,0.23866646951924692
5454,67.55731082130426,0.673928941999163,31.940105,0.25831111874862944
5455,66.73399346255634,0.6749251229422433,31.947304,0.2546602698824224
5456,66.54241390672766,0.6739136832101005,31.956512,0.25370471834893316
5457,67.70372632777429,0.6741861615862165,31.967287,0.2589974161587268
5458,68.30816334272804,0.6743883405412946,31.977701,0.2617572940977307
5459,65.6798143442952,0.672806876046317,31.99193,0.24969627746029247
5460,63.64878172873841,0.6722112383161273,31.997522,0.2404296605954397
5461,67.84143011895478,0.6706079755510602,32.007717,0.2593170897352711
5462,65.28883897754883,0.6771398271833148,32.023273,0.2482917515593422
5463,64.51612903225806,0.6788733346121651,32.000626,0.24493341536467897
5464,71.21215868618928,0.679070063999721,31.992596,0.2753334561768935
5465,70.3104844720592,0.6776384626116071,31.994009,0.27112001450652434
5466,75.47773179519452,0.6777632577078683,31.999035,0.2945770641978527
5467,68.03701486613913,0.6779027666364398,32.00388,0.2608266770604592
5468,64.61074150577444,0.6769703456333706,32.013363,0.24520042751123158
5469,66.49878680831277,0.6774177551269531,32.0183,0.2538055975032841
5470,63.6944554964249,0.6763256617954799,32.0242,0.24098779534252532
5471,63.62458397217762,0.677865709577288,32.031578,0.24080209269310485
5472,59.31569068886697,0.675668443952288,32.038548,0.22106308189631185
5473,60.79660958366908,0.6756341116768974,32.04673,0.22777982975437117
5474,60.69872611557491,0.6782662527901786,32.05224,0.22756015964057377
5475,62.9082859113151,0.6796242850167411,32.05245,0.23770186353689396
5476,64.9101181304573,0.6800433567592076,32.063934,0.2468209254245692
5477,67.89275322237393,0.6857468741280692,32.075073,0.2608410572126994
5478,72.70403853227454,0.6894422258649554,32.087326,0.2829874350556827
5479,72.10874674319727,0.6826411655970982,32.096405,0.27970628209973464
5480,93.62339285839158,0.6816428048270089,32.108353,0.3772439377078117
5481,94.45518061543342,0.68377685546875,32.11722,0.3812001761669143
5482,95.64454906232525,0.691573006766183,32.128155,0.3872618187122017
5483,87.04242655423946,0.6935599190848214,32.141422,0.34839910065533586
5484,73.92467811392856,0.6936400277273995,32.147762,0.2888840929516937
5485,74.21780837842451,0.6943348475864956,32.160038,0.2902734290090989
5486,74.30154514795525,0.6933512006487165,32.1698,0.2905694967275093
5487,76.15943829325957,0.6912738255092076,32.180035,0.29882253030479206
5488,84.03454782987372,0.6895463126046317,32.185307,0.3344085462229443
5489,83.91567765078338,0.6887147086007255,32.188076,0.3337982507036058
5490,81.13670050701835,0.6886253356933594,32.192043,0.32118100806177236
5491,76.94185108982185,0.6865861075265067,32.19719,0.30197294968231736
5492,67.27151432801419,0.6865310668945312,32.1988,0.258089061282602
5493,63.82557257585918,0.6841092790876117,32.197605,0.24224654885029256
5494,63.570704744357435,0.6808885846819196,32.195625,0.24081541492265635
5495,63.55713266824632,0.6804226466587612,32.190304,0.24071409503877428
5496,59.36824683840996,0.6799425397600446,32.18488,0.22166606279445208
5497,55.56658084346815,0.6806951250348773,32.18583,0.2044801697283967
5498,55.601338743335525,0.6800526210239956,32.188934,0.20458308926334795
5499,56.388419697695014,0.6791365487234933,32.189564,0.20807634718453277
5500,57.04357150262582,0.6780853271484375,32.18971,0.21095945010883946
5501,58.098387720623926,0.6770210266113281,32.18651,0.21565491660377029
5502,61.91163190751299,0.6766831534249442,32.18476,0.23292871360120937
5503,67.23313609467458,0.6830716814313617,32.180523,0.2576198935739103
5504,66.15847731872613,0.6853414263044085,32.17805,0.2529371951366716
5505,63.780606673980685,0.685227530343192,32.18294,0.2421378835516721
5506,71.08280368280589,0.6832754952566964,32.18492,0.275105158531584
5507,62.83914419293835,0.6827883039202008,32.182976,0.23765796929817692
5508,59.530442680671776,0.6838891165597099,32.181774,0.22273860250671926
5509,63.79533980945037,0.6805779593331474,32.184002,0.24180820646999487
5510,69.16665461838376,0.6786302839006696,32.185917,0.2660144670212804
5511,69.41215926581555,0.6798073904854911,32.18146,0.26722883243252427
5512,69.53492619333997,0.678323473249163,32.182102,0.26765933517418417
5513,71.83706997178751,0.6782433646065849,32.18616,0.27809849051093094
5514,68.18976276243313,0.6793234688895089,32.185387,0.26164093285409484
5515,68.2209770778747,0.6760052272251674,32.18551,0.2614995787807044
5516,70.35135545190647,0.6755959647042411,32.18572,0.2711312766744992
5517,73.67074521368268,0.6764853341238839,32.18471,0.28626886987596106
5518,74.4764894309555,0.6762629917689732,32.185513,0.2899059757111591
5519,81.31047768775156,0.6762253897530692,32.18712,0.3209120198193984
5520,83.48696213813068,0.6722984313964844,32.18582,0.33045292504494533
5521,76.84367020905981,0.6731409345354352,32.18366,0.30038081061413785
5522,73.46285775908636,0.6740466526576451,32.175953,0.285117601914911
5523,69.23253575676843,0.670846666608538,32.168907,0.26564959376861474
5524,70.89781586145173,0.6710259573800224,32.16165,0.27322109979019177
5525,69.42054241427743,0.6718433925083706,32.1538,0.2665876784229055
5526,69.38266259601293,0.6693758283342633,32.147408,0.2662053576379933
5527,71.16834604452322,0.6697071620396206,32.143166,0.2743361610039861
5528,72.41794978429623,0.6701289585658482,32.13688,0.28004221532971946
5529,68.85632781715887,0.6690254211425781,32.128204,0.26378722759999984
5530,70.6798007052017,0.6681970868791852,32.123806,0.27199060090000665
5531,67.93496226799608,0.6682662963867188,32.11566,0.2595417871480814
5532,67.8340830960417,0.6687213352748326,32.111156,0.25912285449534456
5533,70.06607411888655,0.6677774701799665,32.10893,0.2691700277770071
5534,58.02552202375034,0.6678695678710938,32.10728,0.2145438255527516
5535,65.16840198297817,0.6664319719587054,32.10647,0.24683207158712392
5536,69.59074786796567,0.6667861938476562,32.103973,0.2669286939946734
5537,68.5374185288097,0.6650641305106026,32.102295,0.2620023451186885
5538,73.59476690196709,0.6650941031319755,32.100384,0.28495264112237767
5539,73.34639733031561,0.6653496878487724,32.09797,0.2838474601272098
5540,71.52925290715218,0.6632581438337054,32.100136,0.27542378667227424
5541,72.05699180718668,0.6624319893973214,32.10239,0.27774794736708547
5542,69.09643890359587,0.6635099138532367,32.102917,0.2644063544051673
5543,68.76261362191768,0.6616777692522321,32.107914,0.2627353702185255
5544,71.22406830373514,0.6621279035295758,32.118614,0.2739426200965332
5545,65.1648692441893,0.6606832231794085,32.126003,0.246325771991265
5546,70.35602687830075,0.661712646484375,32.133286,0.26996846410816994
5547,69.19731477227576,0.662466321672712,32.13577,0.26477507855702587
5548,67.0066973906837,0.6595922197614398,32.138237,0.25459003117630746
5549,74.20125324018392,0.6594521658761161,32.141117,0.28722341488793035
5550,67.66439188181829,0.6623883928571429,32.15634,0.25781278839876587
5551,64.36887143457488,0.6621551513671875,32.161396,0.24283945878505786
5552,72.73493573200861,0.6616428920200893,32.170223,0.28075682433592963
5553,80.20224299883921,0.6592118399483817,32.176662,0.31443243587511643
5554,85.1078340585083,0.6579786028180804,32.178467,0.3365864022709595
5555,86.82385457895703,0.6577933175223214,32.178623,0.34435705105356507
5556,80.23700268631632,0.6569230215890067,32.179214,0.3143949611134601
5557,71.84870477888587,0.6569153921944755,32.178497,0.27633237285973394
5558,66.77948065952344,0.6589033944266183,32.172516,0.25350028928827045
5559,65.08391653706606,0.6591769627162388,32.17841,0.24582999052579646
5560,62.39811562421167,0.6578352791922433,32.182022,0.23352873478988273
5561,63.036706067199965,0.6546658107212612,32.184944,0.23615604029496284
5562,71.56183368870153,0.6522211347307477,32.186337,0.2746303543265419
5563,74.21514312095994,0.6548282078334263,32.18603,0.2868920958817701
5564,72.35962948275213,0.6547589983258929,32.18253,0.27846679243479305
5565,63.30173746173977,0.6558636256626674,32.183735,0.23746077447266853
5566,57.281976468266095,0.655066898890904,32.18311,0.2100781360996726
5567,55.25301513628534,0.6561415536063058,32.182903,0.2009633650216604
5568,56.978443030005614,0.6549023219517299,32.185844,0.20868681623336424
5569,60.004597982014964,0.651390620640346,32.18288,0.2221185193020166
5570,66.14953019109127,0.6509699140276227,32.18222,0.2499652963910386
5571,67.73173073539537,0.6540053231375558,32.181408,0.25740340651327204
5572,62.57222055427851,0.6545453752790179,32.18283,0.234038164215572
5573,60.74985774939399,0.6536598205566406,32.185333,0.22569366255593032
5574,62.34146541524508,0.6506075177873883,32.184353,0.23265528000884753
5575,71.41459581193651,0.6483770098005023,32.185696,0.27363442383580044
5576,74.67582972410423,0.6515688214983258,32.18546,0.28870449350013644
5577,66.50875283168526,0.6539628165108817,32.18443,0.25185051396256347
5578,59.13298650759383,0.6528952462332589,32.188084,0.21829189729712015
5579,58.40440862320803,0.649756840297154,32.19048,0.21471831977704123
5580,60.87040704070375,0.6468838282993862,32.190445,0.22566277943275379
5581,61.772169214459105,0.6496320452008929,32.189304,0.2299889049662344
5582,59.13116123642317,0.6509786333356585,32.18479,0.21812016087823138
5583,57.49119400509329,0.6506124223981585,32.18525,0.21064757103996543
5584,58.95173410143764,0.6484974452427456,32.183704,0.21709440665202626
5585,64.17270857394126,0.6460244315011161,32.181305,0.24057369492714067
5586,69.67926812668709,0.647749764578683,32.179146,0.2657068737782165
5587,63.762123901686714,0.6481622968401227,32.17565,0.23889298850813315
5588,60.121077087776605,0.6487524850027901,32.176743,0.22242205597096948
5589,58.565211966117054,0.6480516706194196,32.17583,0.21530254387346304
5590,58.75582186068037,0.6465388706752232,32.175163,0.2160384211678076
5591,59.64503371682824,0.6464108058384487,32.173054,0.22006230202810356
5592,68.36251635215903,0.6434952872140067,32.169365,0.2593692729470361
5593,72.54231863263922,0.6448865618024554,32.163883,0.27845379554039024
5594,67.96345820380039,0.644308362688337,32.163403,0.25762788630140687
5595,63.22080759452111,0.6441317967006138,32.165752,0.23609303084338806
5596,62.11539071483462,0.6421056474958148,32.165756,0.23090440121501685
5597,69.31704961740874,0.6418195452008929,32.164978,0.2635575596331976
5598,70.19729324452723,0.6419950212751117,32.159203,0.2675666339551441
5599,66.7335295817095,0.6423966544015067,32.158554,0.2518840439594585
5600,66.07659133813576,0.6417650495256696,32.158886,0.24884931879750305
5601,66.807369163848,0.640054430280413,32.15859,0.2520193397903291
5602,73.8297236823252,0.6389525277273995,32.158936,0.28378933001448153
5603,71.73295260544603,0.6408920288085938,32.152954,0.2744406285069824
5604,64.00700200845098,0.638840811593192,32.151596,0.23920916097581463
5605,58.345986643193626,0.63848876953125,32.15048,0.21349225641076228
5606,57.2829114596482,0.6398538861955915,32.147713,0.20878496928619078
5607,60.25335697601768,0.6369427272251674,32.145992,0.22201510652527895
5608,67.48686272333595,0.6351688929966518,32.145668,0.254685892092694
5609,71.35328222578008,0.6359732491629464,32.14548,0.27229838490583186
5610,69.97846256368945,0.6355781555175781,32.15107,0.26602644009579207
5611,68.07077043378291,0.6338075910295758,32.15139,0.2572192800889803
5612,67.80420954185264,0.6345242091587612,32.148464,0.25607087415158547
5613,71.53183004539875,0.6325291224888393,32.145473,0.2728148214026164
5614,73.06196014766485,0.6326277596609933,32.142925,0.2797662053405487
5615,69.70187529322882,0.6326800755092076,32.142242,0.2645242676018678
5616,66.01333203646877,0.6316626412527901,32.14052,0.247700717103108
5617,64.2117303573171,0.6323520115443638,32.137398,0.23958473326094834
5618,65.46493902438976,0.6313699994768415,32.134716,0.24518742413788144
5619,69.92535170494065,0.6299394880022321,32.13179,0.2653045676145849
5620,75.45393349323898,0.6287760053362165,32.129562,0.29029130596425434
5621,75.68928556582867,0.6280206952776227,32.12981,0.29129480199186386
5622,74.1808996750374,0.626840318952288,32.13404,0.2843498286899009
5623,69.0773605694863,0.6282632010323661,32.13795,0.26131384565512206
5624,72.88243832111229,0.6272463117327008,32.139637,0.278492678976669
5625,73.8428528560822,0.6265591212681362,32.13923,0.2827919584597165
5626,69.032248261251,0.6268980843680245,32.136932,0.26099272730059553
5627,63.53481756690299,0.6268751961844308,32.14056,0.23604616006525467
5628,64.54881500192297,0.6255847385951451,32.14045,0.24053712383616968
5629,69.8057479526328,0.6252506801060268,32.137928,0.26436199009646244
5630,70.89113180243523,0.6235678536551339,32.133503,0.2691434076879736
5631,69.67169201377874,0.624077388218471,32.132374,0.26365364900491617
5632,69.64803481388395,0.6236910138811383,32.131653,0.2635133532480227
5633,73.1394444012648,0.6217787606375558,32.13153,0.2791925567297501
5634,76.43179642478438,0.6213624136788505,32.1295,0.2940961108418939
5635,76.37520308583036,0.6205057416643415,32.127884,0.29376625887895674
5636,61.94027227967914,0.6198278154645648,32.128593,0.2282098831773959
5637,66.16877873620174,0.6203313555036273,32.127426,0.24743969262999613
5638,71.88500576611852,0.618643079485212,32.12698,0.2732331161835316
5639,72.9554066578298,0.619002205984933,32.122025,0.2781206921409282
5640,69.5953868672873,0.6173460824148995,32.123913,0.26273334901797646
5641,67.09581969277227,0.617842538016183,32.126423,0.2514338914403823
5642,67.16679633570408,0.6168011256626674,32.127605,0.2516671336295507
5643,74.16636836952517,0.6158420017787388,32.127567,0.28334592480649895
5644,64.94470903522918,0.6154016767229352,32.128628,0.24146505399092072
5645,67.95267252539522,0.6161749703543526,32.13098,0.2551796498782387
5646,71.77121125233266,0.6145384652273995,32.13424,0.2723667198184864
5647,77.09850835358415,0.6148251124790737,32.134,0.29656379927775955
5648,71.69757004002321,0.6146665300641742,32.128387,0.272043494239436
5649,68.53667562383922,0.6156469072614398,32.128902,0.257784531698191
5650,66.00468980484537,0.6158817836216518,32.129402,0.24631566615508416
5651,66.70809314695477,0.6117237636021206,32.1264,0.24915275395646283
5652,66.38952063298821,0.6119035993303571,32.12388,0.24772256671964282
5653,66.74270742264048,0.6114174979073661,32.11947,0.24928369716372614
5654,70.80680015443176,0.6094872610909599,32.118176,0.2675599191695652
5655,74.73647896261757,0.6072660173688617,32.11548,0.28520141951942873
5656,62.4899067211931,0.606118883405413,32.11077,0.22953471477250878
5657,65.72818890534273,0.6062240600585938,32.1088,0.24423740378639394
5658,67.98246061337821,0.6083635602678571,32.103283,0.25464863400596455
5659,77.07513726932982,0.6027101789202008,32.10035,0.29542455661368017
5660,63.92269244564627,0.6036573137555804,32.09936,0.23582605640186055
5661,61.53869309646783,0.5989292689732143,32.10245,0.22460542795331567
5662,62.37117035109566,0.6022938319614956,32.104214,0.22866973663165563
5663,67.67700366803186,0.5995559692382812,32.105564,0.2525114851954585
5664,66.40442297509448,0.5965864998953683,32.10293,0.24648390000415915
5665,64.30493051041705,0.5947434561593192,32.10481,0.23680026392070283
5666,65.3229891875238,0.5949145725795201,32.101948,0.24143430281704253
5667,66.46073816259573,0.5925118582589286,32.099705,0.24639193328664832
5668,66.40363129621967,0.5907352992466518,32.095604,0.24598130059020196
5669,66.93692899411296,0.5950115748814174,32.090088,0.24876583422002588
5670,71.49575499661071,0.5906900678362165,32.087177,0.2690829761743494
5671,68.63694373905517,0.5865533011300224,32.080887,0.2557583125523608
5672,63.66852660852499,0.5833249773297992,32.08452,0.23293877788335157
5673,60.20492845597071,0.5857173374720982,32.085213,0.21742671379885262
5674,66.96202252639452,0.5834742954799107,32.088966,0.24789576396333113
5675,65.59183985866885,0.5806318010602679,32.0911,0.24143613817990367
5676,64.82844965689884,0.5784579685756138,32.09568,0.23778686121047632
5677,66.4583659842522,0.5785876682826451,32.09515,0.24519367467315145
5678,67.11042940103621,0.574301038469587,32.092518,0.24778683913205984
5679,68.1390274804834,0.575768062046596,32.090107,0.252579219289465
5680,72.84070945539466,0.5743124825613839,32.08707,0.273788985348423
5681,72.12136685582442,0.5667621067592076,32.082794,0.26988104753263187
5682,66.11008056555373,0.5656111580984933,32.08024,0.2425066541033285
5683,62.64572145830733,0.5636613028390067,32.07864,0.22662082060435051
5684,62.26031625337679,0.560356685093471,32.075752,0.22459021556396772
5685,62.29600891422747,0.5589408874511719,32.07341,0.22463142788282717
5686,64.28981050531907,0.5563136509486607,32.06985,0.23345425286000895
5687,68.19431339816889,0.5533174787248883,32.0665,0.2509154292619914
5688,71.04525470590994,0.5500738961356026,32.062428,0.263574965604472
5689,67.54477699974892,0.548652103969029,32.05909,0.2475702785431964
5690,64.48503737697524,0.5477807181222099,32.056908,0.23361238264756248
5691,63.84499513790027,0.5444063459123883,32.054035,0.2304204121160061
5692,65.70213435026157,0.545203617640904,32.050137,0.2389151828463304
5693,70.3893831112647,0.5432608468191964,32.048435,0.26001790906147476
5694,71.19034765676336,0.5414706638881138,32.04188,0.2634996171759811
5695,61.79123574103815,0.5384194510323661,32.041817,0.22059089051651046
5696,65.70017171187061,0.5366897583007812,32.038666,0.23818019103108046
5697,66.82254351705731,0.5353311811174665,32.036293,0.24315709453540776
5698,72.63551780321528,0.5326570783342633,32.035248,0.26930543504449717
5699,71.98602068581597,0.5291753496442523,32.032845,0.26606140729370537
5700,70.0887129815943,0.5262838091169085,32.03811,0.25720576661215167
5701,66.54197078886291,0.5242740086146763,32.044136,0.24094100720859893
5702,67.56421450408773,0.5231334141322544,32.047565,0.24548216926661423
5703,67.95101341001536,0.5213906424386161,32.046604,0.2470886423881555
5704,65.57122134316694,0.518270765032087,32.043823,0.2360242536258528
5705,68.48648225411367,0.516488756452288,32.040287,0.24910028766481143
5706,71.60544645494542,0.5168179103306362,32.03639,0.2632806722395032
5707,70.55155825068115,0.5138004847935268,32.03757,0.2582413153082636
5708,67.64465453254002,0.5133247375488281,32.03808,0.24501065417729798
5709,66.85505285459965,0.512955801827567,32.03534,0.2413963692936682
5710,68.14891789223284,0.5116626194545201,32.034504,0.24715700112990743
5711,67.24199928083395,0.5114947727748326,32.02951,0.2430275396094503
5712,66.80866025667038,0.5106135777064732,32.02622,0.24098611109374474
5713,70.1539967483142,0.5099067687988281,32.025475,0.25610531102859024
5714,72.33027038979833,0.5082141331263951,32.023754,0.26583580915255167
5715,68.64987392602659,0.5100397382463727,32.020317,0.24929168731126844
5716,63.12227105769231,0.5095340183803013,32.01772,0.22416703643730326
5717,63.31419632335549,0.5084092276436942,32.018124,0.22494197277134353
5718,65.64131566147495,0.5072501046316964,32.01815,0.23540243337768274
5719,63.30024817013807,0.5078686305454799,32.018158,0.22483257929600403
5720,63.3392244630538,0.5055623735700335,32.019722,0.22481275018436464
5721,68.17224158749084,0.505591801234654,32.02253,0.2467450957129723
5722,71.23616464802618,0.5080484662737165,32.02362,0.2608571711300965
5723,67.39741288424969,0.506523677280971,32.02596,0.24330878022234423
5724,63.211147087491895,0.5051171439034599,32.031525,0.224193628082982
5725,65.66795373862897,0.5041073390415737,32.031765,0.23525527970623716
5726,67.71907998511158,0.5065013340541294,32.02923,0.24476644057250052
5727,63.999928733617494,0.504286629813058,32.024376,0.22770189954978926
5728,62.58024059675629,0.5042087009974888,32.026443,0.22125341256980982
5729,64.65013031694426,0.503448486328125,32.02845,0.23058071273287162
5730,65.64727534372237,0.5032506670270648,32.024963,0.23508839195537504
5731,65.38557393969599,0.5025585719517299,32.020916,0.2338418968640135
5732,76.4376192519871,0.5007781982421875,32.016605,0.28383876431793054
5733,62.43899338182369,0.5006593976702008,32.013603,0.2203098079643327
5734,62.49429268212828,0.4994207109723772,32.005283,0.2204550900226421
5735,64.45055481426087,0.5006523132324219,32.00286,0.22943667237799414
5736,68.19851935523984,0.4988964625767299,32.001453,0.24629333351902674
5737,68.40692683261204,0.49896676199776785,31.996044,0.24724497867428766
5738,64.12224953206285,0.4969139099121094,31.996014,0.22762816400343905
5739,63.35490121957101,0.4992343357631138,31.996044,0.22434421032634383
5740,70.55560985086218,0.49632154192243305,31.994917,0.25676904509833753
5741,63.45947808257827,0.496436527797154,31.992193,0.22458012320396875
5742,57.59442151968263,0.4959994724818638,31.994637,0.19793013065879833
5743,64.38436834532253,0.4974763052804129,32.000576,0.2288654919280941
5744,68.22627194668665,0.49700709751674105,32.004173,0.24625813055186274
5745,67.8733345575486,0.4945128304617746,32.00821,0.24444395739467006
5746,66.11276350593518,0.4942981175013951,32.012432,0.2364370473884014
5747,67.87714904816353,0.4947656903948103,32.016346,0.24448283028221457
5748,66.20398860760388,0.49460056849888395,32.018604,0.23687677556525902
5749,62.91932813214577,0.4946447099958147,32.01559,0.22197637913635448
5750,63.259245254313136,0.4927150181361607,32.014893,0.22335418487607495
5751,65.51307419594745,0.4936136518205915,32.01656,0.23365758138620168
5752,66.72543007348695,0.4931526184082031,32.015663,0.2391193331095109
5753,64.56067735348337,0.4930174691336496,32.017696,0.22928523247515492
5754,64.60559268068606,0.4912888663155692,32.018383,0.22934161575973921
5755,67.84685942501953,0.4907515389578683,32.019985,0.24400305264399821
5756,70.5977762715355,0.4889063153948103,32.020725,0.25632798363336107
5757,64.27690396122476,0.49067905970982145,32.023586,0.2277981832349846
5758,62.35949639590675,0.49308558872767855,32.03337,0.21930317390907625
5759,63.421837113944655,0.49203055245535715,32.038807,0.22403357293815218
5760,65.59463974162746,0.4886469159807478,32.040524,0.233604107925371
5761,63.0066955672533,0.4892545427594866,32.039818,0.22191312033005203
5762,61.34185441859436,0.4902430943080357,32.03789,0.21444320301476016
5763,61.064957417896004,0.4889133998325893,32.038197,0.21307338153362657
5764,60.39900986753182,0.48996080671037945,32.03793,0.2101409675399669
5765,58.22179944510512,0.4885858808244978,32.03827,0.20014460832357783
5766,58.21340073255954,0.4916637965611049,32.039867,0.2003689926084256
5767,59.37354189557357,0.4872343880789621,32.03887,0.2052553854375341
5768,60.886827791461265,0.4912812369210379,32.03778,0.21246705352843634
5769,64.20310261221789,0.4875755310058594,32.03882,0.22719863147231958
5770,67.60915638253466,0.48855699811662945,32.038685,0.24273731733799708
5771,65.94584256621336,0.4861112322126116,32.03616,0.23498144186060377
5772,63.803221504052466,0.4873902457101004,32.035156,0.2253683675741125
5773,65.00541257921712,0.4908975873674665,32.03466,0.23112243086714754
5774,63.604517168430434,0.4873695373535156,32.030365,0.22446497973416557
5775,60.13066917225738,0.4875679016113281,32.02426,0.20871929668087305
5776,59.941874482793004,0.4889564514160156,32.017784,0.20798105947927809
5777,64.67071095988565,0.4877046857561384,32.014362,0.2293314210353043
5778,65.34500778814308,0.487457275390625,32.009003,0.23236994590936882
5779,62.95842070433978,0.4854311261858259,32.00534,0.22136800100554183
5780,62.324214773401884,0.4872709001813616,32.004944,0.21864719008530542
5781,64.6812669458323,0.4876692635672433,32.005833,0.22937629796081135
5782,68.04255979111016,0.48793465750558035,32.00755,0.2446508121646221
5783,67.19785287617287,0.484931400844029,32.004993,0.24056182458984054
5784,61.41499029648274,0.48523167201450895,32.00606,0.21434766891141258
5785,61.21197953854303,0.4841706412179129,32.008705,0.21333601898133814
5786,63.764314788692815,0.48385184151785715,32.012142,0.22489006293222163
5787,59.64318835544505,0.4833706447056362,32.015564,0.20614939628849882
5788,56.15016244253644,0.4834567478724888,32.023144,0.19030711940836584
5789,60.82829337284427,0.48330252511160715,32.032356,0.2115210059344605
5790,64.18580505995352,0.4838262285505022,32.035732,0.22680039249174833
5791,61.43524154303446,0.4807733808244978,32.0418,0.2140593431738315
5792,61.699863889984584,0.4830818176269531,32.04752,0.21545693831299753
5793,66.17532464052321,0.48092433384486605,32.04871,0.2355803641888376
5794,66.00472847504601,0.4843461172921317,32.04713,0.2350981028622497
5795,61.45400677462181,0.48330252511160715,32.050903,0.21436018316861913
5796,59.71881190940184,0.4830469403948103,32.052113,0.20646493205596664
5797,80.56747565369727,0.4817439488002232,32.049072,0.30095471002029295
5798,58.56921956500033,0.4822371346609933,32.044895,0.20117958932635768
5799,58.61039343100969,0.4827613830566406,32.04851,0.20141112532559324
5800,59.57007512457446,0.4841188703264509,32.048298,0.2058814555172494
5801,65.16038088901261,0.4832273210797991,32.04792,0.2311714579340733
5802,68.9580965454464,0.4805161612374442,32.042065,0.24817239346759457
5803,67.35202552287159,0.4808589390345982,32.04044,0.2409140724134678
5804,64.82580160232418,0.4798246111188616,32.040855,0.22936311012951063
5805,66.81482227945271,0.48060498918805805,32.038414,0.2384548528300251
5806,67.80394542322115,0.478179931640625,32.033283,0.24273618746058556
5807,62.02827099938152,0.4793940952845982,32.03108,0.21663258744046324
5808,57.71396436071772,0.4789363316127232,32.031857,0.19701736323462632
5809,60.57859701465306,0.4798823765345982,32.029568,0.2100963275654699
5810,62.26129183762122,0.4788409641810826,32.024437,0.21764274788321814
5811,59.7886213308854,0.4789641244070871,32.022633,0.20643349835069497
5812,59.99376384178869,0.4809690202985491,32.02146,0.2075353166404574
5813,62.04229916984608,0.4799346923828125,32.016502,0.21674234399440356
5814,61.81051810697295,0.47806876046316965,32.011307,0.21553150440720423
5815,61.561365841331266,0.47766004289899555,32.00309,0.21436611833152597
5816,61.73896391933295,0.47737557547433035,31.998383,0.21514771017172196
5817,61.043291282178295,0.4772426060267857,31.99569,0.21197975259238086
5818,59.65842124139629,0.47826712472098215,31.991875,0.20578327275666575
5819,58.545063045194055,0.4755123683384487,31.98798,0.20049647166151804
5820,59.713499878784866,0.47482517787388395,31.984222,0.20573965321341042
5821,61.57060720047411,0.4769232613699777,31.980162,0.21434521619685493
5822,64.57073409678947,0.4754753112792969,31.975937,0.227834819472798
5823,74.06587708047157,0.4769832066127232,31.976183,0.2710476689702019
5824,70.24521025204425,0.4754371643066406,31.972294,0.253579525990373
5825,62.45114689703897,0.4754126412527902,31.97125,0.2182118388176603
5826,59.21271075355088,0.4752475193568638,31.970364,0.2035033389104448
5827,62.06012609669,0.47406768798828125,31.969744,0.21632287879469494
5828,61.61396057367663,0.47520228794642855,31.967422,0.2143951627651298
5829,60.10359282143475,0.4738922119140625,31.96811,0.20743013559548049
5830,62.586571871704294,0.4747439793178013,31.972494,0.2187693048118778
5831,68.1109414998535,0.4737614222935268,31.969894,0.24375236032434391
5832,67.12792160412408,0.4747401646205357,31.97521,0.23937537329901687
5833,69.99740216541323,0.4738676888602121,31.980486,0.2523212463724162
5834,77.53866809001383,0.4719102042061942,31.983833,0.2863728328244266
5835,71.37494804778834,0.4750268118722098,31.987968,0.25867072003363
5836,66.7775987599908,0.4736289978027344,31.994925,0.2376910184047569
5837,69.57022317753388,0.47252001081194195,31.99639,0.2502679860416609
5838,71.40454808924419,0.4714900425502232,31.992868,0.25850340451993303
5839,67.93958311863767,0.4728551592145647,31.994555,0.2428975322236051
5840,61.996217597014315,0.4733739580426897,31.99942,0.21597373042554546
5841,67.03707857894173,0.47253526960100445,32.001713,0.238775132915028
5842,71.49000243075112,0.4740513392857143,32.00281,0.25910958868891903
5843,68.07722752222703,0.4736698695591518,32.005646,0.24359157512712404
5844,74.10551888937971,0.4719058445521763,32.00834,0.27079453185334895
5845,73.42018401288368,0.4716039385114397,32.00868,0.2676590745101318
5846,63.788530522154915,0.4713287353515625,32.011963,0.22393193552660384
5847,56.97232142935992,0.4717156546456473,32.017666,0.19303635523002102
5848,58.529627683487554,0.470611572265625,32.018917,0.20000847970134028
5849,59.9696775738174,0.4714508056640625,32.01277,0.20661428446229962
5850,58.111351988902705,0.4704960414341518,32.011444,0.19810069914936917
5851,57.519103560475095,0.4700895036969866,32.009014,0.1953786986709412
5852,62.560527042647365,0.4711320059640067,32.004864,0.21834308684501072
5853,65.69191345995789,0.47162083217075895,31.997238,0.23259345459402664
5854,62.35571193813011,0.4725216456821987,31.99601,0.21753224989260875
5855,62.81681922824765,0.471771240234375,31.99592,0.21956052946364277
5856,64.90981374474582,0.4722077505929129,31.993504,0.22909472788027344
5857,63.97219704834515,0.47233690534319195,31.99057,0.22485130280145138
5858,64.64090621404415,0.4724202837262835,31.987635,0.22789268424568862
5859,70.18534002229651,0.4719102042061942,31.984358,0.25300707529733235
5860,69.21899671417502,0.4729151044573103,31.9737,0.24870798918230014
5861,65.41458717978212,0.4713434491838728,31.970692,0.23131142939632504
5862,64.95039247108885,0.4715145656040737,31.967485,0.22921973722111866
5863,68.03966820857237,0.4710687909807478,31.963806,0.2431993221420422
5864,65.68858712800221,0.47062792096819195,31.964384,0.23249368303436962
5865,62.57154108042891,0.4705608912876674,31.963371,0.21834435679142783
5866,66.02235431724792,0.46989004952566965,31.960533,0.23394522528949896
5867,69.41524935571866,0.4705287388392857,31.95225,0.24939497027985771
5868,68.92140509882962,0.47025953020368305,31.948153,0.24713119096978084
5869,68.7635746751787,0.4687298366001674,31.94481,0.24628457809168391
5870,70.50156051864866,0.4676486424037388,31.937216,0.25407848894158575
5871,64.04712305560545,0.46919686453683035,31.930922,0.2249234881965627
5872,59.934404272469614,0.4702355521065848,31.931093,0.20635059139900166
5873,60.08275595911878,0.46875,31.927525,0.20689704566808745
5874,56.47087862670949,0.46801539829799105,31.917946,0.19044548789982052
5875,54.377329444174364,0.46890040806361605,31.918602,0.1810214757088819
5876,58.2619964239631,0.4701053074428013,31.923708,0.19875092600205888
5877,59.745205100823284,0.4703271048409598,31.925285,0.20549990722891692
5878,55.94183468075401,0.471405029296875,31.934185,0.18833402618472672
5879,55.03378796433269,0.46984100341796875,31.940395,0.18408037571772456
5880,61.523357499520365,0.4700987679617746,31.94476,0.2135488081120855
5881,62.85612673875116,0.4731804983956473,31.945753,0.21985907303707727
5882,58.672098369125074,0.46919686453683035,31.952076,0.20053429071486745
5883,58.51349753888855,0.46922411237444195,31.95609,0.1998169625437038
5884,60.36986352894948,0.4708012172154018,31.95609,0.20837473117827565
5885,55.933749100839194,0.4738546098981585,31.9635,0.18850624508834368
5886,54.64536574824631,0.4749892098563058,31.972807,0.18275696205837286
5887,58.55819647803566,0.4736262730189732,31.974867,0.200395213052563
5888,62.15500425933246,0.4734289986746652,31.97493,0.2166989196071945
5889,59.3355201784698,0.47664097377232145,31.970587,0.20417942498857722
5890,56.348438738188065,0.4757417951311384,31.96957,0.19054884565726968
5891,60.04260495379231,0.4750769478934152,31.97148,0.2072544405666123
5892,62.21602239705475,0.4750709533691406,31.970877,0.21711582027193194
5893,60.5172488434821,0.4765935625348772,31.968601,0.20953748048918036
5894,54.00318743948909,0.4860621861049107,31.916328,0.18078741040097202
5895,86.85346641764913,0.5001264299665179,31.867777,0.3310451306704237
5896,73.0817649499746,0.5047743661063058,31.842304,0.2689523657365386
5897,76.93142503741737,0.5008397783551898,31.821941,0.28608466190788623
5898,75.45559544352732,0.4977705819266183,31.813042,0.2791263289482587
5899,58.03307771589589,0.5255993434361049,31.793287,0.20244489688612818
5900,77.7003641183748,0.5730198451450893,31.768366,0.2957294493213096
5901,87.59850842871411,0.586883544921875,31.749146,0.34182465748945295
5902,72.51780773102759,0.5787549700055804,31.741495,0.27270268546097515
5903,68.30917999415769,0.550865718296596,31.750633,0.2512275437731744
5904,70.1341690160869,0.5330565316336495,31.754791,0.25798962075763
5905,70.04114076387026,0.5262467520577567,31.758368,0.2569867471387057
5906,78.14281134225855,0.5200200762067523,31.767748,0.29321708323606055
5907,63.693067903361396,0.5210402352469308,31.77711,0.22773831272807643
5908,71.76695223060483,0.5179454258510044,31.789381,0.2641096631430012
5909,72.75728852772527,0.5140718732561383,31.799314,0.2682729706513606
5910,77.97337278106481,0.5113296508789062,31.803326,0.291707110651813
5911,70.07944341098765,0.5081667218889508,31.81057,0.2556186287524384
5912,67.02600969962185,0.5074293954031808,31.823435,0.2417007789234426
5913,62.37747455057357,0.5056043352399554,31.836908,0.2204523844585736
5914,60.31178691397071,0.5015247889927456,31.851015,0.21073140258037593
5915,59.92421802147583,0.5020637512207031,31.863968,0.2090187713187421
5916,60.59308588163453,0.4997809273856027,31.876513,0.21185907633030884
5917,58.216503284598666,0.4999264308384487,31.887388,0.2010877315930673
5918,58.541472334467905,0.4978735787527902,31.900028,0.20238720693366952
5919,62.3540701583965,0.49669647216796875,31.911325,0.21958649882597428
5920,62.49107189068977,0.4948114667619978,31.930363,0.22004738610600316
5921,60.4191165883721,0.4930970328194754,31.946043,0.21049966822635444
5922,59.32203389830509,0.4929749625069754,31.95811,0.20551124032623616
5923,66.09402110465211,0.49266815185546875,31.971294,0.23621299551883065
5924,63.19627973745024,0.4909618922642299,31.985832,0.22291896697340663
5925,59.94463915753138,0.4913231985909598,31.999704,0.20819544718765037
5926,61.20321685088816,0.4906534467424665,32.012684,0.21384913049106916
5927,61.01832121886379,0.4897373744419643,32.019924,0.21293204049840603
5928,58.29105989157827,0.4893292018345424,32.012356,0.2005222704423513
5929,63.70610785237236,0.4890730721609933,32.018642,0.22507123022933304
5930,60.03887024644783,0.4881913321358817,32.018585,0.20835592660537927
5931,60.17070309079771,0.48738207135881695,32.016598,0.20888510262056947
5932,61.89742793954491,0.4888828822544643,32.027596,0.21684811745608676
5933,61.206479818126425,0.4889629908970424,32.040783,0.2137197692975415
5934,63.83991117500076,0.4896883283342634,32.04232,0.2257308341879812
5935,65.2365883630386,0.48791721888950895,32.053104,0.2319172176050137
5936,61.14519615309317,0.4888736179896763,32.058693,0.2134340724278088
5937,60.740598164209665,0.4881324768066406,32.064777,0.21153500067939132
5938,59.92114629884592,0.48858424595424105,32.082672,0.20785526250709474
5939,59.4168639614349,0.48939950125558035,32.090965,0.20563660655592816
5940,63.06305377867524,0.48917715890066965,32.09918,0.22216224643783825
5941,63.79959019907978,0.4888594491141183,32.114826,0.22547718839102604
5942,62.877494645328234,0.4879967825753348,32.119057,0.2212196052000477
5943,64.59613448625349,0.4879678998674665,32.12672,0.22901547762163496
5944,63.850675559415556,0.4868125915527344,32.142292,0.2255344265503177
5945,61.50609577861022,0.4867591857910156,32.14835,0.21489133118034245
5946,65.47869163621397,0.4838322230747768,32.15978,0.2326673820860859
5947,65.55986487356846,0.4843542916434152,32.165325,0.2330802295018149
5948,66.50836346077621,0.4837466648646763,32.165413,0.23733222574022575
5949,64.89670035671836,0.4828916277204241,32.16968,0.22994637749993926
5950,60.357320692689186,0.4824436732700893,32.176075,0.20931072003833645
5951,61.039904714557075,0.48307582310267855,32.18062,0.21246185950435695
5952,64.06482191299102,0.4811199733189174,32.185097,0.22602063374003079
5953,64.09661615389422,0.4824066162109375,32.185055,0.22627462883883062
5954,66.17057457280342,0.4822453090122768,32.175045,0.2356714672859931
5955,65.28583604760888,0.48116302490234375,32.16577,0.23156466215556656
5956,62.6602555772148,0.480926513671875,32.160187,0.21963090919653397
5957,62.98782210564886,0.4809232439313616,32.156082,0.22111696486610738
5958,63.85237533985326,0.48021371023995535,32.1566,0.22497936779288163
5959,65.34657905982905,0.48054395403180805,32.164352,0.2317874876942451
5960,64.52800793518686,0.47940281459263395,32.17447,0.22797589807532403
5961,64.74782702625609,0.4791804722377232,32.179535,0.22895436614679043
5962,69.03470285085106,0.4805701119559152,32.180954,0.24852459597765394
5963,68.79556958409876,0.4801303318568638,32.190372,0.24740202205021045
5964,69.49984991660003,0.48021044049944195,32.20228,0.25060452896295815
5965,62.848156124737365,0.4798807416643415,32.210476,0.22039432229858924
5966,66.77896795404716,0.48152596609933035,32.218327,0.23837070722688253
5967,69.54809295987619,0.48595755440848215,32.20822,0.25131356233004665
5968,73.20236880659334,0.4858801705496652,32.183727,0.2678882550814251
5969,75.18265970654302,0.4868038722446987,32.168182,0.27695260943043326
5970,61.53206551902398,0.4843668256487165,32.171833,0.21480514165620884
5971,69.9040296409353,0.4509026663643973,32.17724,0.2499390451806779
5972,70.34084718845719,0.4268008640834263,32.173588,0.24986563586665952
5973,75.42576076035893,0.43068368094308035,32.18046,0.27326959068081436
5974,75.13044990723702,0.428992680140904,32.186756,0.27178540302616055
5975,72.22144838713409,0.43177904401506695,32.19092,0.2588234252990569
5976,74.84780755718332,0.4358722141810826,32.19546,0.2710896185428027
5977,71.25739368899579,0.43423025948660715,32.19694,0.2546580696704244
5978,64.90150148343902,0.43592398507254465,32.202995,0.22596262740395842
5979,65.74624085188758,0.43563406808035715,32.21178,0.22977091094542307
5980,68.98082110946623,0.4364465985979353,32.205074,0.24451712761733055
5981,73.15494476206382,0.4360149928501674,32.198692,0.2634204229508321
5982,69.97625546044698,0.4376956394740513,32.188118,0.2491404370253903
5983,66.19692420379168,0.44101388113839285,32.1789,0.23227469446280083
5984,53.04815609701271,0.436408451625279,32.169308,0.1722193387618884
5985,88.26416684057686,0.4161589486258371,32.113266,0.3302852023098465
5986,70.60139891709002,0.39931815011160715,32.020973,0.2487040858036438
5987,91.61000311467129,0.3988407679966518,31.973433,0.3439900046017411
5988,57.8466018178825,0.3961546761648996,31.92072,0.190559349338002
5989,47.211376471259925,0.3960751124790737,31.89335,0.14229518346549988
5990,82.9002193010653,0.39562879289899555,31.886436,0.3041953968861252
5991,98.2514176403861,0.3949851989746094,31.901178,0.3737966374093317
5992,99.29078014184397,0.3990276881626674,31.912891,0.37885750426920034
5993,84.91471535620293,0.4036036900111607,31.922766,0.3140163034350663
5994,67.76029253832039,0.40404837472098215,31.917238,0.23621596058731545
5995,99.79358228560754,0.4115535191127232,31.901632,0.38220720992198093
5996,80.34860419573228,0.41302490234375,31.905779,0.29410102253391696
5997,60.7495173845586,0.4140565054757254,31.920319,0.20525806045670536
5998,90.71793687178085,0.4129366193498884,31.903566,0.34114438483147647
5999,81.41162710717222,0.4137219020298549,31.897686,0.2989839356683802
6000,76.59385354278801,0.41612025669642855,31.904362,0.2773278060967027
6001,97.57995174532778,0.4147458757672991,31.896673,0.37243510521541767
6002,69.31417564582524,0.4167725699288504,31.886568,0.24435186767685552
6003,74.99650073638858,0.42083631243024555,31.877096,0.2704820096670715
6004,49.766979112081096,0.4296869550432478,31.83246,0.156757755672558
6005,60.70930569853966,0.4288695199148996,31.792461,0.20633889610230383
6006,55.09078504410423,0.4272989545549665,31.761562,0.18071089230862042
6007,59.801544097161376,0.4280793326241629,31.728178,0.2021525345195497
6008,48.88781531636051,0.4290553501674107,31.691685,0.15271468111819506
6009,48.76290228481132,0.4278112139020647,31.662506,0.15204178419595063
6010,61.43551859676915,0.4292575291224888,31.624626,0.20966718076874422
6011,94.96939522495543,0.4265866960797991,31.5976,0.36159951295549037
6012,55.49070534044755,0.42174203055245535,31.544603,0.18205162195053437
6013,81.01959922725996,0.42179107666015625,31.473276,0.29789326983632036
6014,53.099613262547116,0.42126246861049105,31.414127,0.17116113301283772
6015,52.54862057235455,0.42098890032087055,31.359102,0.16863767063866367
6016,47.98380341518996,0.4197022574288504,31.308739,0.14781506468830266
6017,51.32970660507613,0.4202842712402344,31.258326,0.16304675051559048
6018,92.25235377137983,0.4184216090611049,31.221624,0.3485745837187161
6019,85.24020059871978,0.4202493940080915,31.187933,0.31691278747658064
6020,64.45180381186276,0.41627393450055805,31.174334,0.2222463096449652
6021,73.9148988119215,0.41535840715680805,31.149384,0.2651070648454791
6022,76.45825170738375,0.4155409676688058,31.121153,0.2766631087599538
6023,72.50931693162156,0.42245919363839285,31.124004,0.2593348064880228
6024,57.00502393494687,0.4195158822195871,31.144897,0.18873299673100252
6025,65.69970516619182,0.41462816510881695,31.14804,0.22776831143993562
6026,89.29337323559295,0.4135845729282924,31.136305,0.3347356805842523
6027,82.00372063572638,0.41125379289899555,31.134857,0.3014600751609786
6028,73.91068706388994,0.4091426304408482,31.139677,0.26455785476079535
6029,66.5996086617563,0.4114935738699777,31.148901,0.23158430046799322
6030,59.78106797722089,0.4098963056291853,31.144503,0.20050892336195833
6031,49.38588622509687,0.41085706438337055,31.148703,0.15342267800562903
6032,85.45923506592834,0.4088706970214844,31.159857,0.3169362494038265
6033,69.19389479417285,0.4072412763323103,31.150087,0.24299323675283413
6034,71.24888934803487,0.3963350568498884,31.142958,0.2513876696543197
6035,73.46567109815926,0.3919367109026228,31.145779,0.2610712227643668
6036,69.71998625406599,0.3947933741978237,31.156954,0.24431878621580266
6037,66.624717198479,0.3920892987932478,31.166563,0.23004337834685687
6038,63.46599880962915,0.3909895760672433,31.179146,0.21561689265349232
6039,58.803571129240794,0.389045170375279,31.197268,0.19429528263943255
6040,58.000919326001394,0.3908898489815848,31.212769,0.19081056613314926
6041,73.96575570196684,0.3845176696777344,31.22922,0.2627076416836675
6042,67.53391920552555,0.3850588117327009,31.227575,0.23356930624464445
6043,54.75030061556763,0.3837530953543527,31.224949,0.17545222703349933
6044,63.5917917801257,0.3833825247628348,31.229166,0.21553892764870672
6045,66.43300841356876,0.3901710510253906,31.223309,0.22900990524660397
6046,79.30127190987065,0.3934876578194754,31.221869,0.2876825555821703
6047,71.0007843022886,0.3917808532714844,31.23651,0.24987349641030573
6048,75.84230332681986,0.3867541721888951,31.228384,0.27141321989625855
6049,71.84898742974559,0.3822054181780134,31.225418,0.25290560116628175
6050,72.3090622165407,0.3822784423828125,31.215176,0.25499942019076277
6051,70.80522537320968,0.3807318551199777,31.201649,0.2480438566923511
6052,68.58521731818996,0.3823214939662388,31.19743,0.23810612961545563
6053,69.14837179977862,0.380561283656529,31.19451,0.2405113296999256
6054,67.05919406780345,0.3775890895298549,31.196535,0.23077819957740636
6055,62.16753433727784,0.3797825404575893,31.196001,0.20876933643281512
6056,53.94434408902017,0.3802931649344308,31.203806,0.1715001230641392
6057,54.18029023175418,0.376990727015904,31.204721,0.1722890883206361
6058,60.4403369181219,0.37585558210100445,31.20858,0.2005972684954152
6059,51.48813713618659,0.3768424987792969,31.21203,0.16006079081726088
6060,57.76161850698285,0.3760185241699219,31.196766,0.1884564684258709
6061,60.057065271583014,0.3808713640485491,31.174484,0.19928593202713532
6062,67.9808241096811,0.3791683741978237,31.166407,0.2350947857549871
6063,69.96660007982045,0.3806512015206473,31.165827,0.24423171247006117
6064,71.94493944013276,0.3800811767578125,31.171623,0.2531598224245388
6065,69.22039758389684,0.3813847133091518,31.201246,0.24090837144480326
6066,68.02930491214275,0.380180903843471,31.218456,0.23540111903457941
6067,69.78012648303249,0.3804103306361607,31.227472,0.2433650455682125
6068,65.58948117743914,0.3793122427804129,31.230915,0.224256326507256
6069,60.568591857062685,0.3791193280901228,31.24784,0.2014575674445261
6070,57.32656100504245,0.3795220511300223,31.261757,0.1867811839762186
6071,55.76403658129185,0.3817165919712612,31.281607,0.1798783794620354
6072,55.566943480850746,0.3777008056640625,31.30802,0.17864159090643067
6073,56.44036732892482,0.3809209551130022,31.336233,0.18287937892680006
6074,57.55443760109852,0.37984466552734375,31.354641,0.18784268848530272
6075,57.79475981747502,0.3796964372907366,31.373253,0.1889205102399644
6076,57.66534836209396,0.37620108468191965,31.403706,0.18803521151598188
6077,57.814849067590565,0.3781095232282366,31.42517,0.1888763287170081
6078,59.1071612999108,0.37837001255580355,31.441956,0.19476241626976623
